# Blender 5.0.1
# www.blender.org
mtllib armor.mtl
o medium_vest
v 6.426117 5.957048 -2.608051
v 6.160761 7.209761 -3.696148
v 6.727377 9.631413 -3.994666
v 4.864906 8.253376 -5.329298
v 2.130852 5.993854 -5.427643
v 3.867950 7.824322 -5.554430
v 0.512091 6.979252 -5.680773
v 0.512338 5.982665 -5.561140
v -1.368190 10.628428 -6.453106
v 1.564075 7.335679 -5.704171
v 0.485323 11.393761 -6.635244
v -1.584342 11.510984 -6.584041
v -2.555496 12.501352 -6.667365
v -4.721580 13.710367 -6.237077
v -4.956567 15.740919 -5.897618
v -2.739181 14.601912 -6.686649
v -2.873199 16.236458 -6.460392
v -3.113519 18.226517 -5.665622
v -3.842515 19.379795 -4.909317
v -5.946513 14.725402 -5.645606
v -6.507716 17.217113 -5.056954
v -4.841788 16.787209 -5.728437
v -5.008817 17.985224 -5.345841
v -6.437921 15.155906 -5.248848
v -6.751270 16.773678 -4.844561
v -6.981811 17.683956 -4.290216
v -6.120617 18.435013 -4.382956
v -6.412007 15.085552 -4.928724
v -6.760485 17.940943 -4.355494
v -6.377529 13.109923 -5.277328
v -6.390225 13.565764 -5.056089
v -6.400888 12.192680 -4.716591
v -6.379446 11.324232 -4.496744
v -6.608668 10.678825 -4.424295
v -6.671514 9.634090 -4.094518
v -6.898299 10.019761 -3.761402
v -7.095311 9.582391 -2.522346
v -6.541679 10.593500 -4.040494
v -6.214599 10.162539 -4.802359
v -6.470212 11.659755 -4.976984
v -4.921712 10.409912 -5.855452
v -4.862383 8.263736 -5.301647
v -6.316524 7.908609 -3.842177
v -6.253359 6.141345 -2.679379
v -5.671053 6.089269 -3.621351
v -6.007121 13.405711 -5.597864
v -3.903878 10.596270 -6.176906
v -3.892439 8.611242 -5.723493
v -3.784323 7.442824 -5.359842
v -3.876503 6.062201 -4.954766
v -1.452460 6.007413 -5.399136
v -4.836980 11.940289 -6.123268
v -3.667760 12.255790 -6.416223
v 2.326369 14.077242 -6.739879
v -0.242961 13.372357 -6.813030
v -1.318369 15.670756 -6.698718
v -1.008457 16.224144 -6.618293
v 1.120661 15.630365 -6.699252
v -1.537541 19.615276 -5.473774
v 1.260036 19.476028 -5.188199
v 2.171540 19.576252 -5.488361
v 1.123543 18.504227 -5.961563
v 2.802305 17.123726 -6.295480
v 3.072841 16.055614 -6.437811
v 4.966521 15.548471 -6.029133
v -1.282379 19.501375 -5.155958
v -2.856423 19.508064 -5.254594
v -3.701205 19.242760 -4.674502
v 3.169302 18.179108 -5.804408
v 4.843810 16.696262 -5.819574
v 6.374641 17.040625 -5.168862
v 6.704123 16.561623 -4.989951
v 6.600907 16.442602 -4.816582
v 7.054416 17.756500 -4.514502
v 7.016173 17.752062 -4.321280
v 6.792500 18.055008 -4.485070
v 5.032832 18.068052 -5.477052
v 6.149762 18.474520 -4.582189
v 3.880990 19.463829 -5.106208
v 2.950094 19.407017 -5.050465
v 3.730682 19.290386 -4.875044
v 6.928551 8.688368 0.176809
v 7.004064 8.977234 -0.037544
v 6.709863 8.897457 2.362849
v 6.826654 7.764274 1.455179
v 6.824865 5.927927 0.215561
v 6.852940 5.387276 1.308609
v 6.841177 3.459345 0.122064
v 6.910766 3.130802 1.436312
v 6.945918 2.566368 0.652530
v 6.822796 2.558807 -0.483559
v 6.877484 2.561101 1.738638
v -1.011274 5.286509 6.802759
v -1.711137 5.289047 6.801926
v -0.657842 5.576881 6.737531
v -1.102283 5.385957 6.663449
v -1.771930 5.736115 6.656301
v -1.660675 5.408770 6.652015
v -1.963452 5.738821 6.750440
v -7.104667 5.623342 2.475500
v -7.160283 3.661324 2.343383
v -0.509074 6.989950 -5.668585
v -6.762065 3.068510 -0.120807
v -6.887018 2.598232 0.625711
v -6.740560 2.664589 -0.559166
v -6.838799 2.566712 1.716198
v -6.928117 3.215023 1.405155
v -6.718591 4.360466 0.088683
v -6.809718 7.422067 0.173862
v -6.835145 5.956390 1.320206
v -6.858181 8.690254 0.108575
v -6.738117 8.294436 1.639554
v -6.701817 8.887572 2.341213
v -6.963898 8.998218 -0.107820
v -0.657549 3.483148 6.698429
v -1.753361 3.336451 6.618515
v -1.018564 3.768121 6.780373
v -1.101607 3.673187 6.635361
v -1.603425 3.677029 6.624355
v -1.730425 3.739347 6.783607
v -2.893043 2.231586 -4.945986
v -0.450014 2.223860 -5.173958
v -1.425524 3.983734 -4.157250
v -0.271765 11.273233 -5.540019
v -0.609692 13.512578 -6.133593
v -3.248856 11.284986 -5.605106
v -2.587881 9.240968 -4.905440
v -2.237011 7.079751 -4.446471
v -1.843160 5.616497 -4.252007
v -3.079156 4.114820 -3.892371
v -2.863703 2.700061 -4.112352
v -3.717546 9.380611 -4.793891
v -4.386014 2.273597 -4.474806
v -4.459327 2.809013 -3.504426
v -3.734091 6.172548 -3.964533
v -4.613241 7.181950 -3.619007
v -4.839513 9.542622 -4.388616
v -5.417379 8.554287 -2.898536
v -4.916694 5.975353 -2.757547
v -4.440563 4.401764 -3.333404
v -4.882561 4.251751 -2.715780
v -5.685174 2.331829 -3.243060
v -5.083003 2.860831 -2.825114
v -6.222027 2.313371 -1.774166
v -5.696684 2.962227 -1.035059
v -5.489593 4.200172 -0.756938
v -5.322423 6.974083 -1.739626
v -5.573910 8.306850 -1.765249
v -6.056623 8.832124 -0.987066
v -5.922754 9.419956 -2.977624
v -5.579648 10.061565 -4.038171
v -4.618146 11.449657 -5.290623
v -3.140870 13.515672 -6.074866
v -5.654240 6.744919 -0.584585
v -5.963654 8.064156 -0.635065
v -6.697084 8.890605 -0.011159
v -6.535336 7.401188 0.121963
v -6.464625 3.492047 -0.032740
v -6.489687 2.873394 -0.323024
v -6.406178 2.460802 -0.899389
v -4.422733 2.333737 -4.636305
v -5.092479 2.360939 -4.200375
v -5.706614 2.332346 -3.475909
v -6.081573 16.716888 -4.485055
v -6.907710 17.483751 -4.205720
v -5.988617 16.709188 -4.776591
v -6.771758 17.242775 -3.986207
v -7.272636 18.179111 -3.193599
v -6.578867 16.512255 -4.660805
v -7.540615 18.556316 -3.111056
v -4.939057 17.620533 -4.395577
v -6.273015 13.706619 -5.002527
v -5.867962 18.738905 -3.336075
v -2.929728 17.874130 -4.900958
v -4.939451 16.503227 -4.968225
v -4.831163 16.539993 -5.309028
v -5.649855 11.804832 -5.054574
v -5.446957 13.565400 -5.490193
v -5.681155 14.828630 -5.255206
v -2.786819 16.766771 -5.495555
v -2.672200 19.611839 -4.126903
v -4.257642 19.040468 -3.602130
v -3.803721 16.627598 -5.528657
v -2.566562 16.889479 -5.981536
v -0.543719 16.944181 -6.087226
v -0.356251 16.765930 -5.632339
v -0.941057 17.764500 -5.174288
v -1.107795 19.461767 -4.516717
v -1.874655 20.604132 -3.448292
v -2.921108 20.138592 -2.802035
v -4.491505 19.463873 -2.207268
v -0.799692 20.556002 -3.918295
v -0.002715 20.568039 -4.020082
v -6.672325 18.927467 -1.994696
v -7.739992 18.648890 -2.158602
v -8.072840 19.067709 -1.582838
v -8.105702 18.765522 -0.694105
v -7.044190 18.669228 -0.595154
v -5.428866 19.171774 -0.841699
v -4.299354 19.536938 -1.103736
v -3.528326 19.930393 -1.353560
v -6.783979 10.108654 -3.392026
v -6.911352 9.889050 -2.757505
v -6.848143 9.444774 -0.692223
v -2.812068 18.888298 1.257162
v -3.220551 17.981472 2.395983
v -2.032623 18.363207 2.358234
v -3.765206 18.697676 1.462884
v -3.207271 19.535015 -0.078654
v 0.304885 16.423311 4.258143
v -1.082799 18.115210 2.911983
v -4.825196 17.270700 2.307301
v -5.571267 18.005783 1.299702
v -4.177789 19.299088 0.334927
v -5.889337 18.549370 0.347822
v -8.225975 18.455690 1.403063
v -8.317707 19.033173 -0.200681
v -8.155015 18.458763 0.691586
v -6.947606 18.290119 0.490664
v -6.658656 17.767139 1.425228
v -6.032063 17.049274 2.274206
v -5.113086 15.117798 3.720927
v -5.204307 13.902737 3.817328
v -4.973008 10.790784 3.428500
v -6.185352 14.905765 3.497080
v -6.568656 16.046188 2.853527
v -7.440053 16.912273 2.429764
v -7.940958 17.758192 1.866518
v -6.136858 11.120097 3.351077
v -6.262203 10.337255 3.071954
v -6.143190 12.153996 3.595973
v -6.194721 13.161578 3.715450
v -6.349180 14.783252 3.588037
v -6.688952 16.073833 3.056777
v -7.467088 16.944504 2.709805
v -7.904012 17.645527 2.359472
v -5.533969 1.211563 3.613658
v -6.364768 1.805831 2.502923
v -6.095315 2.616831 1.872609
v -6.474273 3.152418 1.408222
v -5.815386 3.888820 1.686105
v -6.549434 6.414093 1.361695
v -5.734207 6.638091 1.789583
v -5.566607 7.990442 2.259104
v -6.331288 8.952057 2.162162
v -4.943084 9.628799 3.164843
v -5.047504 3.680685 2.656015
v -6.514687 8.194433 1.571143
v -6.581592 2.220482 1.938567
v -4.457597 21.793451 -0.634018
v -4.060493 21.131304 -0.969062
v -4.340991 21.875463 -0.642373
v -4.554379 21.896568 -0.427768
v -4.495770 21.788662 0.121237
v -3.475200 20.603823 2.853283
v -4.237838 21.115650 -0.690709
v -3.973958 20.557602 0.761067
v -3.834525 19.923672 1.949890
v -3.991288 20.805365 1.784444
v -4.453223 21.409842 0.318602
v -4.241635 21.438398 1.161896
v -4.198440 20.357384 -1.077774
v -3.860734 19.917206 0.325540
v -3.611499 19.308342 1.420208
v -3.409577 19.480053 2.829287
v -3.118299 20.047770 3.780833
v -3.015289 18.466528 2.679320
v -1.906952 17.930820 3.432694
v -2.202647 18.704403 3.983439
v -1.892527 19.190475 4.389589
v -1.580494 18.806805 4.205740
v -1.310956 19.348572 4.539484
v 0.858336 19.188656 4.653499
v 0.019908 19.089922 4.707908
v -1.793044 19.622839 4.395871
v -2.872476 19.736914 3.985014
v -2.266327 19.571468 4.296350
v 0.172496 18.653095 4.473747
v -0.748151 18.694366 4.487238
v -0.759413 19.086140 4.579670
v 1.728769 19.341404 4.511744
v -0.795924 17.741051 3.688035
v 0.503539 17.707844 3.708385
v 0.918631 18.846151 4.546504
v 1.973199 19.008945 4.365896
v 2.738479 19.643614 4.129961
v 2.953147 19.028919 3.528512
v 2.270245 18.667194 3.927385
v 1.936066 17.912729 3.392303
v 2.810632 18.381596 2.869469
v 3.272777 18.806908 2.245351
v 3.427469 19.491791 2.716365
v 3.579388 19.860268 1.989944
v 3.706239 19.401596 1.736202
v 3.915881 21.083244 0.863269
v 4.386533 21.512383 0.228657
v 4.308701 21.935013 -0.430691
v 4.205223 21.780682 0.407977
v 3.931961 21.395927 1.074845
v 3.724033 20.751749 2.284571
v 3.429758 20.363724 3.102515
v 2.968609 19.927107 3.875036
v 4.336339 20.269920 -0.995974
v 4.212813 21.086969 -0.802557
v 4.368697 21.852016 -0.634094
v -4.210380 3.400837 3.518637
v -4.182077 6.825876 3.539940
v -3.271240 3.406401 3.996904
v -4.388031 1.805874 3.909376
v -3.280580 1.746510 4.705494
v -3.293048 7.381496 4.102242
v -2.264019 6.826445 4.315297
v -2.363448 3.216752 4.304319
v -2.477357 1.644276 4.924062
v -0.828924 6.526925 4.394331
v -1.099057 3.050462 4.566782
v -0.230457 1.533115 4.997661
v -4.720410 1.000616 4.439386
v -3.506371 0.858604 5.174911
v -2.183001 0.779250 5.642174
v 0.823841 0.782189 5.747605
v -0.046108 3.074714 4.648672
v -0.795444 10.759176 4.321349
v 0.978839 11.004864 4.312898
v -0.008117 12.482342 4.390443
v -1.205499 15.219912 4.525128
v 0.744659 15.151400 4.553415
v -1.751884 16.450359 4.148728
v -2.454750 16.324278 4.073435
v -2.517287 15.240120 4.437703
v -2.154328 10.227275 4.242274
v -4.185924 16.123459 3.546594
v -3.440164 13.857685 4.235838
v -3.210309 9.573048 4.071083
v -4.213684 12.435584 3.926327
v -4.134304 9.737782 3.712258
v 0.498126 2.663933 -5.538640
v -0.490901 2.665509 -5.542040
v -0.537337 3.867857 -5.580647
v -0.533302 3.841980 -5.779838
v -0.509354 5.960928 -5.608300
v -4.047060 21.769478 -0.544998
v -3.768274 21.328484 -0.298118
v -4.003043 21.844791 -0.021029
v -3.394078 20.357132 -0.444746
v -3.322221 21.209179 0.906498
v -3.949695 20.556641 -1.201538
v -1.871202 19.959955 3.995253
v -1.874314 19.986416 3.430763
v -2.024647 20.166710 3.859762
v -2.777216 20.331131 3.310416
v -3.202541 20.933949 2.079858
v -3.012239 20.896540 1.671833
v -0.157613 19.789873 3.804399
v -1.646651 19.717056 3.672601
v -2.317968 20.081917 3.084415
v 2.001541 19.606771 4.329197
v 1.866807 19.945208 3.976879
v 1.423035 20.011436 4.076685
v 0.694093 19.939575 4.094600
v 1.638818 19.672569 3.635210
v 0.428993 18.055071 3.026090
v -0.212226 19.912554 4.299742
v -1.423046 20.017662 4.092464
v -4.853763 3.569434 5.268564
v -4.780420 3.565014 5.108622
v -7.034924 3.615237 2.849445
v -6.860243 3.664609 2.709279
v -7.452303 3.680708 1.981753
v -7.191868 3.731287 1.877036
v -3.069896 3.316669 6.081414
v -3.754836 2.504960 5.777110
v -6.912133 2.560627 2.317501
v -6.252790 2.520174 3.350861
v -4.773622 2.540140 5.097393
v -3.306555 3.469491 6.047540
v -3.961944 3.516026 5.724390
v -7.207982 3.818987 0.991027
v -7.007681 2.648534 0.233009
v -6.626821 2.769855 -1.869984
v -6.203243 4.023242 -2.735435
v -6.201045 2.794170 -2.719962
v -3.950162 7.011925 5.680534
v -4.676572 7.007935 5.072955
v -4.725792 6.964763 5.186054
v -3.946878 5.677128 5.672303
v -4.063828 5.553314 5.881903
v -4.068769 3.523900 5.892845
v -4.023539 2.600740 5.704269
v -4.891492 3.541290 5.380738
v -4.823591 2.619999 5.190046
v -7.045919 9.342246 -0.669485
v -4.824941 5.583311 5.287416
v -4.683625 5.693653 5.103788
v -6.830644 5.774827 2.788193
v -6.427348 5.652492 3.644668
v -7.349950 5.542621 1.964440
v -7.087016 5.626923 2.837466
v -2.753344 5.846181 6.195101
v -2.718589 7.629085 6.166900
v -3.736655 8.781344 5.716029
v -4.152173 8.814617 5.521471
v -3.260582 5.682883 6.015494
v -5.474492 8.832574 4.391648
v -6.184609 8.885639 3.537620
v -6.841381 8.867584 2.441139
v -6.296947 8.817972 3.562796
v -6.943570 6.861729 2.139973
v -6.262399 6.824394 3.425408
v -6.868307 8.416120 -2.793427
v -7.016173 8.994704 -2.899240
v -6.459255 6.078968 -2.711087
v -7.035541 7.675980 -1.528088
v -7.062265 6.978388 0.205632
v -7.172376 8.983410 -1.342825
v -7.117077 5.808319 1.970319
v -6.763595 4.002632 -1.668483
v -1.753788 3.911252 -5.463984
v -4.630142 3.979678 -4.697155
v -3.797512 3.988637 -5.061933
v -5.290514 4.003822 -4.242103
v -5.584608 3.997679 -3.740512
v -6.272306 4.062755 -2.921701
v -7.175497 5.881275 0.362232
v -3.733111 6.032821 -5.088594
v -4.751200 6.060894 -4.686682
v -5.462368 6.084796 -4.002539
v -6.830804 6.080188 -1.684317
v 3.413437 2.240782 -4.911992
v 3.520957 2.284262 -5.011594
v 0.702734 2.177541 -5.009382
v -0.264907 2.581730 -4.241761
v 2.839250 2.685456 -4.194531
v 4.454844 2.279179 -4.404697
v 4.694468 2.348443 -4.483404
v 0.849438 3.945638 -4.212889
v 3.014330 4.075633 -4.061431
v 4.299366 2.781776 -3.590203
v 5.623954 2.272217 -3.523793
v 4.171865 4.234162 -3.498083
v 3.629055 6.479897 -4.236366
v 2.505122 6.543281 -4.425530
v 0.137630 9.316640 -4.868765
v 3.117395 11.209256 -5.602700
v 2.336912 13.461435 -6.126342
v 2.602732 9.306282 -4.956186
v 4.881132 5.568886 -2.719956
v 4.842692 4.074161 -2.616084
v 5.430153 6.378950 -1.642115
v 5.657373 4.043568 -0.646590
v 5.774256 2.834042 -0.960369
v 6.757739 2.845292 -0.143854
v 4.958623 2.781763 -2.861971
v 5.414414 8.478765 -2.873015
v 3.723791 9.390800 -4.806233
v 6.505383 2.360603 -0.785179
v 6.285261 2.196355 -1.672153
v 5.598235 2.261165 -3.256312
v 4.572566 7.158161 -3.713863
v 6.746902 8.666036 0.135756
v 6.523657 4.168221 0.151622
v 6.150372 8.843961 -0.777567
v 5.615670 8.298714 -1.725515
v 6.009864 8.054153 -0.586839
v 5.792284 6.571980 -0.518858
v 6.787973 9.058762 -0.088595
v 6.919137 9.444027 -0.625607
v 6.998263 9.884748 -2.650084
v 5.975255 9.418144 -2.910048
v 4.839231 9.553543 -4.359816
v 5.599944 10.059902 -3.976069
v 7.110523 9.344044 -0.578468
v 6.862011 10.103746 -3.288543
v 6.576779 10.580086 -3.940739
v 6.361972 11.323946 -4.455100
v 5.594748 11.805611 -5.083607
v 6.312743 12.591389 -4.867582
v 6.309467 13.660202 -5.081894
v 6.435659 14.946816 -5.050696
v 5.609889 13.357553 -5.471266
v 5.592648 14.619923 -5.455868
v 5.479040 15.732544 -5.289650
v 5.327338 16.593229 -5.222402
v 6.491968 16.983429 -4.538185
v 5.906657 16.740553 -4.655079
v 5.842805 18.847607 -3.453474
v 4.547724 19.465719 -2.227089
v 4.257280 19.130787 -3.759681
v 6.643186 18.939711 -2.046411
v 3.648910 16.757145 -5.824130
v 4.401501 13.581488 -5.836013
v 4.613696 11.455750 -5.294082
v 4.949280 16.596405 -5.059777
v 4.778483 17.860401 -4.538919
v 2.920887 17.970924 -5.252933
v 2.821114 16.881109 -5.789053
v 2.422209 17.054550 -6.340791
v 2.576647 15.844719 -6.197405
v 1.436260 16.857363 -5.792139
v 2.669051 19.659630 -4.224529
v 2.923072 20.151478 -2.825132
v 3.561331 19.947247 -1.355015
v 4.316754 19.571354 -1.107489
v 1.850325 20.618242 -3.447194
v 1.239481 19.460037 -4.586458
v 0.807710 20.548065 -3.933993
v 5.771946 19.050552 -0.850543
v 7.005876 18.584759 -0.603097
v 8.143155 18.718019 -0.517201
v 8.282175 18.971498 -0.277489
v 6.679431 17.212986 -4.270310
v 7.276078 18.232048 -3.275177
v 7.762223 18.665800 -2.109800
v 8.102034 19.080715 -1.490960
v 7.548166 18.601063 -3.145866
v 4.824707 2.620339 5.189386
v 4.770852 2.541414 5.097143
v -6.560876 16.173008 3.228745
v -6.556697 17.030472 2.720290
v -7.345021 17.078781 2.841141
v -6.966475 17.911535 1.997109
v -7.793600 17.789963 2.470915
v -8.050622 18.449757 1.812489
v -8.200016 18.941912 0.974412
v -8.185867 19.316437 -0.411528
v -7.836792 19.217976 -2.089303
v -7.350815 18.569641 -3.562279
v -7.136954 18.782988 -3.660784
v -7.359046 19.273346 -2.657160
v -7.442258 19.453627 -1.900578
v -7.446733 19.509340 -1.056054
v -7.398015 19.344730 -0.235071
v -7.252550 18.861259 0.781302
v -3.205053 20.438740 -0.599429
v -3.279291 21.487459 -0.245603
v -3.240030 21.723070 -1.433403
v -3.141526 20.497803 -1.607826
v -3.537335 21.451813 -0.165896
v -2.793225 21.857977 -2.504557
v -2.653228 20.594963 -2.572151
v 1.940985 22.078665 -3.349640
v 0.867781 22.117304 -3.799271
v 0.003715 22.112175 -3.894807
v -0.868786 22.117407 -3.798512
v -1.946579 22.079670 -3.349548
v 2.658428 20.600357 -2.579449
v 2.798085 21.856224 -2.504017
v 3.276736 21.718521 -1.430349
v 3.324380 21.498203 -0.244235
v 3.572450 21.726149 -0.344729
v 3.468031 20.408363 -0.458368
v 3.703759 21.460772 -0.139849
v 3.262374 20.474531 -0.605375
v 3.176465 20.498970 -1.608752
v -3.846893 18.989140 2.156598
v -3.748536 18.899899 1.954870
v -3.495200 18.237724 3.046682
v -4.991202 17.602873 2.810914
v -6.572314 17.243906 2.780861
v -4.050521 19.770550 0.380740
v -4.340461 20.230206 -1.048206
v -4.465080 20.448479 -1.058054
v -4.291893 20.272430 -2.329406
v -4.404774 20.452133 -2.401458
v -4.067006 20.019899 -3.675101
v -4.154130 20.133598 -3.791004
v -5.298765 20.024139 -0.903549
v -4.183508 19.949387 0.629639
v -6.097956 19.382948 -3.463312
v -5.964721 19.827471 -2.197546
v -7.426350 19.501957 -0.419759
v -6.209062 19.437124 0.357777
v -5.966642 18.775415 1.512859
v -6.875131 17.906021 2.163456
v -7.298612 19.159863 0.719593
v 0.750975 22.217361 -4.141696
v -1.165586 22.213045 -4.033671
v -2.357320 22.175728 -3.400272
v -2.465894 22.042923 -3.626972
v -3.443141 21.821770 -2.438810
v -3.809363 21.802528 -1.522628
v -3.427964 21.926479 -1.927972
v -3.866027 21.657690 -0.501453
v -3.526693 21.715622 -0.331570
v -1.163968 22.030079 -4.259463
v 0.000001 22.017929 -4.413991
v -3.760493 20.619455 -2.013260
v -2.704413 20.725416 -3.641516
v -2.135059 20.745644 -4.088588
v -2.836163 20.325750 -4.329755
v -1.090396 20.156124 -4.938426
v -1.059789 20.671774 -4.552044
v 0.493163 20.659409 -4.634476
v 1.839721 20.730654 -4.293726
v 1.224279 20.126148 -4.919768
v 3.802540 20.624443 -2.015136
v 3.482008 21.816563 -2.405228
v 3.482900 21.922022 -1.890293
v 2.341364 22.178152 -3.412049
v 2.468180 22.043844 -3.630560
v 1.158377 22.027468 -4.264001
v 2.684838 20.742273 -3.688953
v 2.848430 20.378162 -4.382433
v 4.064980 20.075081 -3.783379
v 4.309393 20.282215 -2.346542
v 3.862728 21.801353 -1.522905
v 3.899193 21.690773 -0.612498
v 3.949113 20.661583 -1.009044
v 4.147999 20.437984 -1.202311
v 0.477467 3.751648 -5.768331
v 0.412448 3.533126 6.211381
v 0.371816 3.344589 6.212078
v 0.485327 2.419713 6.197390
v 6.661082 2.220367 1.938623
v 6.370397 2.524341 3.278007
v 6.590549 1.973874 2.644249
v 5.610939 1.328109 3.798115
v 5.553584 1.211647 3.613430
v 4.779875 1.122432 4.584373
v 4.660210 2.483421 5.121721
v 3.705056 1.634956 5.596507
v 3.754253 2.504911 5.777664
v 2.891052 1.992016 6.057178
v 0.610552 1.559557 6.122003
v 4.702089 0.998235 4.452226
v 2.913740 0.873467 5.625112
v 2.922837 0.788060 5.433767
v 0.795847 0.874414 5.903643
v -2.459789 0.866027 5.747698
v -0.421057 3.267212 6.210523
v -2.841032 2.511531 6.134493
v -2.095826 3.216625 6.219731
v -0.675239 3.394700 6.195353
v -2.744491 1.635632 5.980392
v -3.705140 1.634926 5.596314
v -3.878485 1.007073 5.213887
v -4.719048 2.482141 5.072208
v -5.181461 1.238744 4.241158
v -5.743685 1.403315 3.632441
v -6.561915 2.504262 2.735951
v -6.565052 2.067406 2.501414
v 2.773068 18.837711 1.343208
v 3.225445 19.592716 -0.125551
v 4.112947 19.324760 0.132380
v 5.139201 17.982325 1.392298
v 4.939734 17.292465 2.359597
v 3.342411 18.156939 2.246052
v 2.270650 18.461109 2.131495
v 1.800071 18.238831 2.500517
v 1.297151 18.115292 2.793780
v 1.762554 16.782530 3.858517
v 5.134881 18.742180 0.216796
v 8.165884 18.399431 1.436686
v 8.024151 18.136856 1.274068
v 6.861753 18.137962 0.521653
v 6.567576 17.592377 1.471373
v 6.020969 17.005009 2.311807
v 5.827658 15.994301 3.058002
v 5.103493 15.109960 3.725246
v 6.136903 11.119353 3.348155
v 4.973871 10.792157 3.426451
v 6.143154 12.155437 3.595367
v 5.031831 13.933379 3.838602
v 6.194908 13.165198 3.716994
v 6.188044 14.913224 3.515095
v 6.602812 16.048199 2.905505
v 7.582697 17.132851 2.388411
v 6.262173 10.337293 3.068768
v 6.350541 14.793332 3.607836
v 6.688963 16.045345 3.115920
v 7.773376 17.429638 2.536905
v 6.481829 1.826497 2.471141
v 6.484941 3.078704 1.423747
v 6.537728 6.373821 1.376537
v 6.491830 7.784748 1.515206
v 6.610765 8.468711 1.738086
v 6.332243 8.952030 2.163092
v 5.735545 6.672913 1.792228
v 6.150885 2.632068 1.871406
v 5.066236 3.683577 2.671144
v 5.821175 3.894199 1.698496
v 4.982796 6.613186 2.681614
v 5.616704 7.946185 2.219340
v 4.943049 9.628857 3.162643
v 4.213541 12.445367 3.927150
v 4.072868 10.373241 3.795858
v 4.200114 8.854496 3.606908
v 4.260907 3.623609 3.434071
v 2.555916 15.265136 4.416095
v 2.254797 13.227662 4.520540
v 2.575249 16.318012 4.044305
v 1.296489 12.870512 4.545211
v 2.966121 11.321142 4.211273
v 2.168812 9.557214 4.250890
v 2.066062 5.589997 4.332368
v 1.226042 6.383684 4.378973
v 1.579872 3.121739 4.500313
v 3.269984 3.401142 3.997399
v 3.302667 7.389331 4.098506
v 3.213511 9.566094 4.069816
v 2.539395 1.564378 4.943587
v 3.280534 1.746506 4.705570
v 4.387897 1.806000 3.909162
v -6.366053 14.975190 3.749656
v -6.251091 13.351839 3.945968
v -6.211721 11.499965 3.677040
v -6.414690 10.175415 3.239938
v -5.628700 11.868619 4.372162
v -4.233452 13.341931 5.302604
v -4.201953 10.605668 5.534594
v -3.409889 13.071041 5.600558
v -3.341206 10.208931 5.863561
v -4.422609 17.193129 3.197236
v -4.077278 15.680885 4.562203
v -5.592744 16.197224 3.524741
v -5.412091 15.381337 4.084642
v -5.320916 14.483085 4.407702
v -4.237260 14.728664 5.015558
v -2.336797 15.829151 4.953765
v -3.380697 18.109562 3.027654
v -2.236794 10.237837 6.113636
v -2.114221 12.751614 5.822691
v -2.717281 14.875440 5.415949
v 1.937730 15.844152 4.989902
v -1.788411 16.659889 4.482213
v -1.196150 17.329254 4.184626
v 1.279108 17.317831 4.124122
v 2.330657 14.835000 5.451089
v 2.055744 12.162947 5.930187
v 2.689791 17.626888 3.645350
v 0.322098 10.420054 6.170050
v 2.537338 9.327713 6.094727
v 3.874312 9.661127 5.678877
v 3.326814 11.972354 5.741457
v 4.215524 8.835661 5.470441
v 3.738101 8.781646 5.715828
v 0.337424 8.927481 6.231048
v 2.716428 7.632043 6.167228
v -2.523660 8.831409 6.091697
v -0.519551 5.815313 6.224263
v 0.368888 5.651481 6.211329
v 2.743097 5.633155 6.198745
v -0.699474 5.674407 6.191717
v 0.514262 3.882351 -5.589143
v 7.057480 2.579773 1.848634
v 4.783671 3.602184 5.150929
v 2.921784 3.498236 6.146584
v 7.075570 2.585464 0.153909
v 7.137495 3.766818 0.636682
v 6.720956 2.612431 -1.772306
v 6.188942 2.641884 -2.643000
v 6.209455 3.765026 -2.637641
v 6.474646 15.024446 -5.378188
v 5.951811 13.960382 -5.812881
v 6.334212 13.063632 -5.383272
v 6.438421 11.557364 -4.903014
v 4.869564 13.561871 -6.269100
v 4.879919 11.554675 -6.084371
v 6.122602 10.683314 -4.991462
v 6.626457 10.676620 -4.342096
v 6.981547 9.986463 -3.616860
v 3.046825 12.271329 -6.571946
v 3.552155 9.554320 -5.984825
v 3.970875 7.012616 5.681456
v 4.699599 7.019207 5.062844
v 4.024424 2.599618 5.709129
v 4.894547 3.547909 5.377521
v 4.097431 3.493683 5.933392
v 4.076612 5.578552 5.874144
v 4.743860 6.955345 5.193450
v 7.847497 19.227531 -2.063627
v 7.356106 18.635292 -3.657779
v 8.055768 19.323048 -1.073467
v 8.158747 19.204800 -0.233643
v 7.142740 18.858322 -3.769485
v 7.392269 19.283304 -2.610191
v 7.474481 19.417036 -1.929058
v 7.454084 19.417973 -1.203256
v 7.355912 19.224604 -0.349793
v 6.990157 18.571993 0.914153
v 8.127131 18.819366 1.002210
v 7.988792 18.417339 1.857256
v 6.375309 15.109821 3.732260
v 6.560884 16.139404 3.276369
v 6.196890 17.165459 2.919146
v 7.341128 17.119492 2.903264
v 6.517783 17.684376 2.166071
v 7.756813 17.811806 2.518555
v 5.620764 16.339373 3.403546
v 4.140038 17.768866 3.117666
v 5.378999 15.370978 4.106629
v 6.278235 13.772454 3.952509
v 6.211576 11.500793 3.674926
v 5.461215 11.874769 4.515896
v 6.098887 8.886534 3.641293
v 6.414609 10.175518 3.236066
v 5.241194 13.168924 4.633212
v 5.244237 14.506991 4.462162
v 3.994459 15.713400 4.561394
v 2.946426 18.117992 3.176219
v 4.211472 13.540531 5.290796
v 4.232188 14.749943 5.013041
v 3.273637 14.753127 5.331915
v 2.003439 20.145866 3.865848
v 2.550643 20.211693 3.540180
v 2.349941 20.063942 3.174602
v 2.960089 20.646149 2.652066
v 2.493750 20.382107 2.610141
v 2.908675 20.772129 1.892656
v 3.237489 21.311268 0.837219
v 3.595280 21.400986 0.995811
v 1.817232 20.010895 3.428387
v 3.851629 21.649132 -0.296147
v 4.112088 21.746693 -0.501816
v 4.217420 21.782553 -0.719416
v 4.741910 5.659288 5.211669
v 4.701304 5.731004 5.088715
v 3.960433 5.633090 5.730906
v 6.795785 7.260264 -2.639297
v 7.159335 7.751173 -1.534578
v 7.065858 5.919045 0.413309
v 7.002530 7.372227 2.241893
v 6.256141 7.497609 3.466292
v 7.069993 8.988612 -2.771683
v 7.209172 8.983863 -1.473034
v 7.178556 8.942585 -0.185558
v 6.847322 8.867304 2.430545
v 6.273545 8.822807 3.582064
v 5.384523 8.818489 4.469393
v 3.978186 3.528196 5.756172
v 3.988097 20.078316 0.425648
v 3.433002 18.992819 2.436356
v 6.180366 17.313002 2.964705
v 6.544372 17.924549 2.131370
v 7.058366 18.860115 0.805697
v 3.143226 18.326803 3.270036
v 4.834746 19.554201 0.709223
v 7.443172 19.508326 -0.843979
v 6.531792 19.637077 -0.291540
v 5.940216 19.931713 -2.197011
v 6.033132 19.491095 -3.596342
v 5.329356 19.986271 -0.889243
v 4.138885 20.179184 -3.903162
v 4.419549 20.506573 -2.413809
v 4.489016 20.434059 -1.084773
v -7.445935 5.542184 1.993723
v -7.341326 3.697000 1.926816
v -3.261365 3.450431 6.330608
v -1.963837 3.308708 6.722861
v -2.884577 5.732173 6.571647
v -3.253991 5.614199 6.332440
v -2.920164 3.369819 6.539052
v 2.969052 3.523613 6.260843
v 2.772451 5.580471 6.346926
v 0.263885 5.595263 6.561886
v 0.296271 3.527406 6.526153
v -0.444548 5.750751 6.709025
v 0.254819 5.753803 6.563746
v -0.412069 3.295723 6.659283
v 0.264378 3.326530 6.525070
v 7.183844 9.570168 -2.385876
v 6.352545 5.789980 3.385826
v 6.982959 5.850543 2.172980
v 7.164078 5.872292 0.041184
v 6.957981 5.903147 -1.617286
v 6.622955 5.911522 -2.630413
v 5.809254 5.994037 -3.697818
v 4.694651 6.009101 -4.860096
v 3.836709 5.998687 -5.207167
v 2.289035 5.947012 -5.530471
v 2.618535 3.905038 -5.497122
v 3.857394 3.920126 -5.162221
v 4.542766 3.926867 -4.807753
v 5.469294 3.842138 -3.790279
v 6.359582 3.811340 -2.675908
v 6.743473 3.751338 -1.727464
v 7.236700 3.810038 0.352417
v 7.137684 3.769195 1.938180
v 6.448463 3.705215 3.327183
v -4.854125 2.783515 -4.608660
v -5.769856 2.749409 -3.647156
v -3.632787 2.738332 -5.097610
v -1.701175 2.679012 -5.444152
v 2.325768 3.872470 -5.447449
v 2.535398 2.673696 -5.434546
v 3.902356 2.737080 -5.127154
v 4.573156 2.767887 -4.786597
v 5.640409 2.676418 -3.692740
vn 0.9364 -0.0351 -0.3491
vn 0.7877 -0.2158 -0.5770
vn 0.7927 -0.2313 -0.5640
vn 0.4854 0.4964 -0.7197
vn 0.7749 -0.1993 -0.5999
vn 0.4971 -0.2068 -0.8427
vn 0.6536 -0.2228 -0.7234
vn 0.2801 -0.1264 -0.9516
vn 0.1983 -0.1919 -0.9612
vn 0.0868 0.4977 -0.8630
vn 0.0594 -0.1884 -0.9803
vn -0.0302 -0.0158 -0.9994
vn -0.0857 -0.1385 -0.9866
vn 0.7535 -0.0290 -0.6568
vn -0.0655 -0.1962 -0.9784
vn 0.0256 -0.1445 -0.9892
vn -0.0634 -0.1547 -0.9859
vn -0.1219 0.3609 -0.9246
vn -0.2208 -0.2536 -0.9418
vn -0.1143 -0.1007 -0.9883
vn -0.2262 -0.0768 -0.9711
vn -0.3381 0.0240 -0.9408
vn -0.1785 0.2071 -0.9619
vn -0.3368 0.1457 -0.9302
vn -0.1566 0.0525 -0.9863
vn -0.2918 0.2308 -0.9282
vn -0.2065 0.3454 -0.9155
vn -0.2989 0.4497 -0.8417
vn -0.1649 0.6673 -0.7263
vn -0.4558 0.1124 -0.8830
vn -0.4735 0.2502 -0.8445
vn -0.8506 -0.1138 -0.5134
vn -0.8128 -0.0387 -0.5812
vn -0.9642 0.0865 -0.2505
vn -0.3674 0.5307 -0.7638
vn -0.4553 0.3018 -0.8376
vn -0.6171 -0.7866 0.0235
vn -0.6957 0.0019 0.7183
vn -0.3630 -0.6687 0.6489
vn -0.7519 0.6140 0.2403
vn -0.8285 -0.1692 -0.5338
vn -0.8481 0.0336 0.5287
vn -0.8790 -0.1385 -0.4562
vn -0.6334 0.5455 0.5489
vn -0.9029 -0.0284 -0.4289
vn -0.6951 -0.1961 -0.6917
vn -0.9434 0.0620 -0.3257
vn -0.7908 -0.1962 -0.5798
vn -0.9314 -0.1052 -0.3484
vn -0.9860 0.1633 -0.0349
vn -0.6717 0.5813 0.4593
vn -0.2130 0.7017 0.6799
vn 0.1227 0.9878 0.0963
vn -0.7817 -0.2721 -0.5612
vn -0.9990 -0.0147 0.0433
vn -0.4406 -0.2012 -0.8749
vn -0.4702 -0.2684 -0.8407
vn -0.4661 0.3879 -0.7951
vn -0.5977 0.6161 -0.5129
vn -0.5003 0.0061 -0.8658
vn -0.5424 0.0045 -0.8401
vn -0.3955 -0.1109 -0.9117
vn -0.1871 -0.1850 -0.9648
vn -0.2202 -0.2924 -0.9306
vn -0.2374 0.4707 -0.8498
vn -0.7748 -0.0329 -0.6313
vn 0.1105 0.0052 -0.9939
vn -0.0326 0.2004 -0.9792
vn 0.0279 0.1169 -0.9927
vn 0.0047 -0.0295 -0.9996
vn 0.1418 -0.1113 -0.9836
vn -0.0112 0.1064 -0.9943
vn 0.0292 0.3329 -0.9425
vn 0.1437 0.2827 -0.9484
vn 0.1901 0.1522 -0.9699
vn -0.2755 0.6929 -0.6663
vn -0.1017 0.9175 -0.3845
vn 0.0828 0.9272 -0.3652
vn 0.5476 0.6830 -0.4834
vn 0.3140 0.1533 -0.9370
vn 0.4621 0.2613 -0.8474
vn 0.5586 -0.0306 -0.8289
vn 0.3356 -0.0237 -0.9417
vn -0.2547 0.5853 -0.7698
vn 0.1499 0.9820 -0.1150
vn 0.1768 0.3345 -0.9257
vn 0.2855 0.2081 -0.9355
vn 0.9741 -0.2194 -0.0550
vn 0.9937 -0.0082 0.1117
vn 0.0304 -0.2729 0.9615
vn 0.8382 -0.0813 -0.5392
vn 0.4438 0.5190 -0.7305
vn 0.3060 0.3844 -0.8710
vn 0.3483 0.4804 -0.8049
vn -0.0658 0.6497 -0.7573
vn 0.0665 0.9679 -0.2425
vn -0.1103 0.9912 0.0727
vn 0.3813 0.9222 0.0642
vn 0.2645 0.8951 0.3589
vn -0.7403 0.1354 -0.6585
vn -0.8926 0.3388 0.2975
vn -0.7779 0.0313 -0.6276
vn -0.8190 -0.0018 0.5738
vn -0.8613 -0.0364 -0.5068
vn -0.8775 -0.0055 0.4795
vn -0.7598 -0.2041 -0.6174
vn -0.5922 -0.8051 0.0338
vn -0.9514 -0.3049 0.0431
vn 0.4888 -0.8652 -0.1117
vn 0.0629 -0.9752 -0.2123
vn -0.0353 0.3813 0.9238
vn 0.0540 0.1863 0.9810
vn -0.0158 0.3005 0.9537
vn 0.2069 0.3899 0.8973
vn 0.0171 0.5618 0.8271
vn 0.2294 0.8116 0.5372
vn 0.0600 0.6793 0.7314
vn 0.8979 -0.4394 0.0256
vn 0.5614 -0.8274 0.0186
vn 0.1100 -0.9750 -0.1931
vn 0.7703 -0.1495 -0.6199
vn -0.0934 -0.9405 -0.3267
vn 0.7757 -0.0210 0.6307
vn 0.8152 -0.0106 -0.5791
vn 0.7863 0.0017 0.6179
vn 0.7560 0.4509 -0.4746
vn 0.8578 0.4091 0.3112
vn -0.5727 0.8184 0.0462
vn -0.0687 0.9306 0.3595
vn 0.2324 -0.7771 0.5849
vn 0.0386 -0.4909 0.8704
vn -0.0159 -0.4520 0.8919
vn -0.0051 -0.3504 0.9366
vn 0.2768 -0.4028 0.8725
vn 0.0873 -0.2564 0.9626
vn 0.0004 -0.6624 0.7492
vn -0.3990 -0.8122 -0.4256
vn 0.2761 -0.9546 0.1116
vn 0.0986 -0.4766 0.8736
vn 0.1769 -0.7198 -0.6713
vn -0.0647 0.1446 0.9874
vn 0.0941 0.2104 0.9731
vn 0.0952 0.1075 0.9896
vn -0.0045 0.0174 0.9998
vn 0.0693 0.0183 0.9974
vn 0.1526 -0.4674 0.8708
vn -0.0722 -0.9478 0.3106
vn -0.0876 -0.4276 -0.8997
vn 0.0114 0.2673 0.9635
vn 0.0579 0.2769 0.9592
vn 0.0086 0.2738 0.9618
vn 0.0146 0.1182 0.9929
vn 0.1233 0.2579 0.9583
vn 0.2612 -0.0180 0.9651
vn 0.2757 0.3068 0.9110
vn 0.4141 -0.8588 0.3018
vn 0.5498 -0.3933 0.7369
vn 0.3436 0.1942 0.9188
vn 0.6975 0.2483 0.6722
vn 0.5357 0.3374 0.7741
vn 0.8548 0.3181 0.4100
vn 0.9110 0.0937 0.4016
vn 0.6144 0.0169 0.7888
vn 0.9002 -0.0438 0.4333
vn 0.7636 -0.4707 0.4420
vn -0.6117 -0.7755 0.1562
vn 0.8190 -0.4197 0.3913
vn 0.8260 -0.0645 0.5600
vn 0.9284 0.2776 0.2471
vn 0.9493 0.1599 0.2705
vn 0.7538 0.5474 0.3635
vn 0.6182 0.6575 0.4308
vn 0.5464 0.5115 0.6631
vn 0.2983 0.2929 0.9084
vn 0.1554 0.0629 0.9859
vn 0.8312 0.0929 0.5481
vn 0.8294 0.1931 0.5242
vn 0.2714 0.3606 0.8924
vn 0.3267 -0.0472 0.9439
vn 0.2258 -0.2658 0.9372
vn 0.3807 -0.6117 0.6934
vn 0.3137 -0.8655 0.3905
vn -0.7612 -0.6374 -0.1193
vn -0.9445 -0.3282 0.0138
vn -0.1501 -0.7387 0.6572
vn 0.3781 -0.6552 0.6540
vn 0.2267 -0.8004 0.5549
vn 0.0489 -0.7526 0.6567
vn -0.9924 0.0635 0.1057
vn -0.8922 0.4514 0.0108
vn -0.2863 -0.9574 -0.0367
vn 0.2935 -0.6988 0.6524
vn 0.2814 -0.5036 0.8168
vn 0.3561 -0.0999 0.9291
vn 0.3998 0.0084 0.9165
vn 0.2121 -0.4452 0.8700
vn 0.0383 -0.9918 0.1221
vn 0.3904 -0.6431 0.6588
vn 0.2599 -0.6489 0.7151
vn 0.2862 -0.3507 0.8917
vn 0.3749 0.3361 0.8640
vn 0.3560 0.0395 0.9336
vn 0.2392 -0.5719 0.7847
vn 0.0877 -0.3872 0.9178
vn 0.3277 -0.5421 0.7738
vn 0.4397 -0.7766 0.4511
vn 0.1806 -0.8617 0.4742
vn 0.3773 -0.7703 0.5141
vn 0.1575 -0.4132 0.8969
vn 0.5016 -0.2513 0.8278
vn 0.5727 -0.7233 0.3858
vn 0.3777 -0.9140 0.1483
vn 0.3004 -0.2465 0.9214
vn 0.0306 -0.1719 0.9846
vn 0.2376 -0.9709 0.0316
vn -0.4725 -0.8546 -0.2155
vn 0.0026 -0.9673 -0.2537
vn 0.2998 -0.9325 -0.2015
vn 0.3257 -0.9343 -0.1449
vn 0.7079 -0.7063 -0.0016
vn -0.9263 -0.2461 0.2852
vn -0.1682 0.9660 0.1965
vn -0.6243 0.7465 0.2301
vn 0.2346 -0.6806 -0.6941
vn 0.6696 0.0218 -0.7424
vn 0.8947 -0.0812 -0.4392
vn 0.2130 -0.7912 -0.5733
vn 0.2539 -0.6515 -0.7149
vn 0.1981 -0.8938 -0.4024
vn 0.9545 0.1118 0.2765
vn 0.3463 0.1379 -0.9279
vn -0.0265 -0.4506 -0.8923
vn 0.1248 -0.4755 -0.8708
vn 0.2282 -0.4748 -0.8500
vn 0.2168 -0.7599 -0.6129
vn -0.0402 -0.1148 -0.9926
vn 0.2472 -0.8609 -0.4446
vn -0.8762 -0.4224 0.2322
vn -0.5085 -0.8008 -0.3165
vn -0.4682 -0.7329 -0.4935
vn 0.0332 -0.8898 -0.4552
vn 0.0066 -0.7943 -0.6074
vn 0.0654 -0.6478 -0.7590
vn -0.3673 -0.4970 -0.7862
vn 0.2647 -0.5146 -0.8155
vn 0.2504 -0.2561 -0.9337
vn -0.0847 0.2284 -0.9699
vn -0.2548 0.3336 -0.9076
vn 0.2851 0.1661 -0.9440
vn 0.2029 -0.0051 -0.9792
vn -0.8727 -0.0792 -0.4818
vn 0.1293 -0.3763 -0.9174
vn -0.2193 -0.7150 -0.6638
vn -0.3880 0.1140 -0.9146
vn -0.6502 -0.2263 0.7253
vn -0.3917 -0.7586 0.5206
vn -0.7307 0.1309 0.6701
vn 0.6024 -0.3128 -0.7343
vn -0.8332 -0.4945 0.2474
vn 0.5261 -0.6633 -0.5322
vn 0.6532 -0.0473 -0.7557
vn 0.7289 -0.0966 -0.6777
vn 0.2246 -0.3950 -0.8908
vn 0.2645 0.0061 -0.9644
vn 0.6184 0.0911 -0.7806
vn 0.4600 0.2529 -0.8511
vn 0.6357 0.1534 -0.7565
vn 0.4506 0.4536 -0.7689
vn -0.0644 0.6789 -0.7314
vn 0.3566 0.2532 -0.8993
vn -0.0821 -0.9792 0.1856
vn -0.8845 -0.3839 0.2652
vn -0.8042 -0.4521 0.3859
vn -0.4550 -0.4605 0.7622
vn -0.7752 0.0498 -0.6298
vn 0.4346 0.8600 -0.2677
vn 0.0636 0.0517 -0.9966
vn -0.4763 0.8732 -0.1032
vn -0.8841 -0.3175 -0.3428
vn -0.9419 0.0133 0.3355
vn -0.9710 -0.2376 0.0259
vn -0.9352 -0.3064 0.1777
vn -0.8586 -0.5010 -0.1084
vn -0.5660 0.8205 0.0807
vn -0.7041 0.5009 0.5033
vn -0.3996 0.5954 0.6970
vn -0.3172 0.6466 -0.6937
vn -0.9352 0.2338 -0.2661
vn -0.9948 -0.0948 0.0382
vn -0.8323 0.5318 -0.1563
vn -0.8855 -0.3393 0.3174
vn -0.4625 0.2019 0.8633
vn -0.5731 -0.0399 0.8185
vn -0.8545 0.4790 0.2008
vn -0.7909 0.2628 0.5526
vn -0.5813 -0.5395 0.6091
vn -0.3349 -0.3375 0.8797
vn -0.3116 -0.5824 0.7508
vn -0.0647 0.0010 0.9979
vn 0.1556 0.1778 0.9717
vn -0.1076 0.0311 0.9937
vn -0.2135 0.5475 0.8091
vn -0.6682 0.1717 0.7239
vn 0.1345 -0.4927 0.8597
vn 0.3244 -0.4702 0.8208
vn -0.1648 -0.3934 0.9045
vn -0.1306 -0.4673 0.8744
vn -0.0253 -0.5626 0.8264
vn 0.3377 0.1710 0.9256
vn -0.6437 0.1905 0.7412
vn -0.2316 -0.2845 0.9303
vn 0.2445 0.4473 0.8603
vn 0.7866 -0.4205 0.4522
vn 0.6432 0.2214 0.7330
vn 0.3919 0.1950 0.8991
vn -0.2167 0.4935 0.8423
vn 0.5242 -0.5792 0.6243
vn 0.8880 0.3950 0.2356
vn -0.2266 0.8267 0.5150
vn 0.9216 -0.2749 0.2739
vn 0.9792 -0.1547 0.1315
vn 0.6462 0.5030 0.5740
vn 0.9113 0.0501 0.4088
vn 0.9313 -0.3395 -0.1317
vn 0.9874 0.1549 0.0310
vn 0.9103 -0.3811 0.1617
vn 0.8948 0.1503 -0.4204
vn 0.1338 0.8635 0.4863
vn 0.4222 0.8947 -0.1460
vn 0.7192 0.5579 0.4142
vn 0.7736 0.5699 0.2772
vn 0.7287 0.5976 0.3345
vn -0.3891 0.2176 0.8951
vn 0.7179 0.3692 -0.5902
vn 0.6016 -0.1535 -0.7839
vn 0.6286 0.0370 -0.7768
vn 0.3913 -0.1674 -0.9049
vn 0.5552 -0.3699 -0.7450
vn 0.3417 -0.4134 -0.8440
vn 0.3707 -0.0055 -0.9287
vn 0.1426 -0.0009 -0.9898
vn 0.1944 -0.1987 -0.9606
vn 0.1299 -0.4552 -0.8809
vn 0.0449 -0.0195 -0.9988
vn 0.1129 -0.1889 -0.9755
vn -0.0265 -0.4418 -0.8967
vn 0.6133 -0.6269 0.4805
vn 0.7233 -0.6636 0.1912
vn 0.7296 -0.6700 0.1368
vn 0.6133 -0.7420 -0.2706
vn -0.0328 -0.2011 -0.9790
vn -0.0251 0.0401 -0.9989
vn 0.0156 0.0139 -0.9998
vn 0.0381 -0.1026 -0.9940
vn 0.0475 0.0926 -0.9946
vn -0.0205 -0.0930 -0.9955
vn 0.1723 -0.1624 -0.9716
vn 0.0984 0.0103 -0.9951
vn 0.2049 0.0182 -0.9786
vn 0.2702 0.0225 -0.9625
vn 0.4656 0.0901 -0.8804
vn 0.2668 0.0997 -0.9586
vn -0.1320 -0.5631 -0.8157
vn -0.7268 -0.0728 -0.6829
vn -0.6540 -0.1032 -0.7494
vn 0.5863 0.7009 -0.4062
vn 0.3866 0.6729 0.6307
vn -0.0117 0.3346 -0.9423
vn 0.4340 0.8907 0.1354
vn 0.9981 -0.0236 0.0574
vn 0.9045 0.3850 -0.1835
vn 0.3915 0.8579 0.3329
vn 0.2644 0.8934 0.3633
vn 0.6706 0.5132 -0.5356
vn 0.1845 0.8804 0.4369
vn 0.7820 0.4339 -0.4475
vn 0.1936 0.8981 0.3950
vn 0.7364 0.6561 0.1652
vn -0.1010 0.6008 -0.7930
vn 0.5389 0.5653 -0.6245
vn 0.0362 0.9366 0.3486
vn 0.0443 0.8901 0.4537
vn -0.4590 0.6719 -0.5813
vn 0.1067 0.8751 0.4721
vn 0.0189 0.9898 0.1413
vn -0.9730 -0.1972 -0.1197
vn -0.4823 -0.8456 0.2288
vn -0.7941 -0.5982 0.1069
vn -0.5643 -0.7339 0.3782
vn 0.1918 -0.9656 -0.1755
vn -0.7308 -0.6652 -0.1532
vn 0.1464 -0.5970 -0.7887
vn -0.9967 -0.0800 0.0129
vn -0.9195 -0.3851 -0.0787
vn -0.5406 -0.4717 0.6966
vn -0.5764 -0.5008 0.6458
vn -0.3571 -0.0828 0.9304
vn -0.2405 -0.6291 0.7392
vn -0.4132 -0.8346 0.3643
vn 0.1539 -0.6005 0.7846
vn -0.7130 -0.6153 0.3363
vn -0.9342 -0.0365 -0.3548
vn -0.9253 -0.2306 -0.3012
vn -0.9976 -0.0557 -0.0404
vn -0.9425 -0.1565 -0.2951
vn -0.5947 -0.6198 -0.5121
vn -0.9032 -0.1170 -0.4130
vn -0.3401 0.1430 0.9295
vn -0.7354 0.3017 0.6068
vn -0.8124 0.5318 0.2390
vn 0.1450 0.4366 0.8879
vn -0.4349 0.3789 0.8169
vn -0.2037 -0.4761 0.8555
vn -0.7692 0.2813 0.5738
vn -0.9317 0.0097 0.3631
vn -0.9551 -0.1718 0.2412
vn -0.8944 0.4355 0.1018
vn -0.5799 0.5602 0.5916
vn -0.7856 0.4047 0.4681
vn -0.6142 0.7891 -0.0096
vn -0.9908 0.0579 0.1225
vn 0.2269 0.5751 -0.7860
vn -0.7635 0.6016 -0.2348
vn -0.6405 0.6632 0.3873
vn -0.3628 0.5299 0.7666
vn -0.3399 0.5731 0.7456
vn -0.1166 0.1980 0.9732
vn -0.4103 0.1492 0.8997
vn -0.5838 0.1594 0.7961
vn -0.6602 0.5389 0.5231
vn -0.4786 0.5244 0.7043
vn -0.7255 0.3013 0.6188
vn -0.7078 0.6359 -0.3076
vn -0.9678 0.0575 0.2450
vn -0.7924 -0.0078 0.6099
vn -0.9843 -0.1265 -0.1233
vn -0.5162 0.1741 -0.8386
vn -0.9991 -0.0391 -0.0190
vn -0.9585 -0.1175 -0.2598
vn -0.1340 0.0044 -0.9910
vn -0.4715 -0.0696 -0.8791
vn -0.2767 -0.6015 -0.7494
vn -0.7059 -0.5551 -0.4400
vn -0.5503 -0.6023 -0.5783
vn -0.7190 -0.5224 -0.4585
vn -0.7851 0.6190 -0.0202
vn -0.1846 0.5807 -0.7929
vn -0.4475 0.7615 -0.4689
vn 0.0624 -0.4902 -0.8693
vn 0.2644 -0.9631 0.0510
vn -0.1329 -0.4424 0.8869
vn -0.2252 -0.9614 0.1582
vn -0.0198 -0.6798 -0.7332
vn -0.2310 0.0301 0.9725
vn -0.5935 -0.3973 0.6999
vn 0.4783 -0.2189 -0.8505
vn -0.1207 -0.9376 0.3260
vn -0.6640 -0.5436 0.5134
vn -0.6461 0.0356 0.7624
vn -0.3900 0.1762 0.9038
vn -0.1019 0.2839 0.9534
vn -0.0555 0.1256 0.9905
vn -0.0402 0.2598 0.9648
vn -0.8745 -0.0424 0.4832
vn -0.8778 0.1301 0.4609
vn -0.9351 0.1232 0.3323
vn -0.8144 -0.0917 0.5730
vn -0.7722 -0.3754 0.5126
vn -0.8401 0.3274 0.4325
vn -0.2961 0.2833 0.9122
vn -0.2832 -0.9338 0.2188
vn -0.1622 -0.9722 -0.1688
vn -0.6790 0.1714 0.7139
vn -0.5317 -0.1733 0.8290
vn -0.2876 0.2160 0.9331
vn -0.9427 0.2440 0.2276
vn -0.8539 0.1489 0.4987
vn -0.7543 0.5473 0.3627
vn -0.8370 0.0741 0.5421
vn -0.4939 0.6887 0.5308
vn -0.4242 0.8909 0.1621
vn -0.1263 0.9551 0.2681
vn -0.6194 0.6539 0.4345
vn -0.5568 0.3162 0.7681
vn -0.5529 0.5073 0.6609
vn 0.4442 0.6555 0.6107
vn 0.8272 0.2521 0.5023
vn 0.6221 0.6921 0.3661
vn -0.0224 0.4514 0.8921
vn -0.3815 0.3682 0.8479
vn -0.0759 0.4254 0.9018
vn -0.3803 0.1309 0.9155
vn 0.4040 0.4975 0.7677
vn -0.2446 0.0681 0.9672
vn -0.3002 -0.0836 0.9502
vn 0.8336 0.1953 0.5167
vn -0.3182 -0.1095 0.9417
vn -0.6184 -0.4435 0.6488
vn -0.1089 -0.7118 0.6938
vn 0.0016 -0.7257 0.6880
vn -0.0335 -0.2809 0.9592
vn -0.3256 -0.4762 0.8168
vn -0.2402 -0.7583 0.6060
vn -0.1469 -0.9883 0.0416
vn -0.3728 -0.9212 0.1116
vn -0.4274 -0.7021 0.5695
vn -0.5025 -0.4588 0.7328
vn -0.2941 0.3101 0.9041
vn -0.1129 0.0523 0.9922
vn -0.5858 -0.7396 0.3315
vn -0.1640 -0.4888 0.8568
vn -0.4177 -0.7518 0.5102
vn -0.6063 -0.5288 0.5940
vn -0.1270 -0.9243 0.3600
vn -0.2998 -0.6116 0.7322
vn -0.5574 -0.7428 0.3709
vn -0.6227 -0.6774 0.3917
vn -0.3644 -0.9149 -0.1738
vn -0.2029 -0.9377 -0.2821
vn -0.5635 -0.4717 0.6782
vn -0.0382 -0.4645 0.8848
vn -0.1309 -0.3576 0.9246
vn 0.0432 -0.9559 -0.2907
vn 0.6636 -0.6593 -0.3534
vn 0.8214 0.5063 -0.2625
vn 0.8847 0.3201 0.3389
vn 0.3719 -0.5974 0.7105
vn 0.2585 -0.9644 0.0563
vn 0.8870 0.1950 -0.4186
vn 0.8995 -0.3982 0.1797
vn 0.3393 -0.4295 0.8369
vn 0.7332 -0.6149 0.2903
vn -0.4469 0.3048 0.8411
vn -0.2199 0.3313 0.9175
vn -0.0284 0.4583 0.8883
vn -0.3900 0.5591 0.7316
vn 0.0375 0.6448 0.7634
vn 0.0163 0.7769 0.6294
vn -0.1745 0.8938 0.4132
vn -0.4080 0.9109 0.0609
vn -0.6695 0.6419 -0.3738
vn -0.8198 0.2321 -0.5236
vn -0.7084 0.4587 -0.5364
vn -0.6577 0.6778 -0.3286
vn -0.5894 0.7979 -0.1267
vn -0.5212 0.8530 0.0254
vn -0.7675 0.5899 0.2509
vn -0.6713 0.5424 0.5051
vn 0.8794 -0.1751 0.4428
vn 0.9183 0.3344 0.2119
vn 0.6530 0.5540 0.5164
vn 0.9431 -0.1675 0.2874
vn 0.0172 -0.3449 0.9385
vn 0.2152 0.9046 0.3681
vn 0.8293 0.4384 0.3464
vn 0.8229 -0.1895 0.5357
vn -0.0866 0.6561 0.7497
vn -0.4930 0.3637 0.7904
vn -0.2864 0.3506 0.8917
vn 0.2616 0.2633 0.9286
vn 0.1240 0.7567 0.6419
vn -0.8155 -0.1990 0.5434
vn -0.4829 0.4996 0.7192
vn -0.7798 0.4673 0.4166
vn -0.1832 0.9482 0.2594
vn -0.8362 0.5484 -0.0015
vn -0.5095 0.7526 0.4172
vn -0.9103 -0.1900 0.3678
vn -0.9319 0.3321 -0.1456
vn -0.9330 -0.1778 0.3128
vn 0.3080 0.9457 0.1035
vn -0.6214 0.5670 0.5407
vn -0.0510 0.6442 0.7632
vn 0.4149 0.8158 0.4028
vn -0.0805 0.5744 0.8146
vn -0.0935 -0.0394 0.9948
vn -0.6092 0.4029 0.6831
vn -0.2233 0.7738 0.5928
vn 0.1048 0.9693 0.2224
vn 0.2600 0.9006 0.3484
vn 0.3365 0.9170 0.2143
vn -0.2484 0.9579 0.1441
vn 0.2951 0.9494 -0.1071
vn -0.2620 0.9634 -0.0570
vn 0.3483 0.8797 -0.3237
vn -0.1881 0.9693 -0.1586
vn -0.3444 0.7941 -0.5008
vn -0.3376 0.9324 -0.1292
vn -0.3439 0.9261 0.1549
vn -0.7372 0.6551 -0.1653
vn -0.1565 0.9013 0.4040
vn -0.2734 0.8274 0.4906
vn -0.1107 0.9939 0.0006
vn 0.0172 0.9502 -0.3113
vn -0.1250 0.9720 -0.1987
vn -0.4130 0.3794 -0.8279
vn -0.9197 0.3411 -0.1945
vn -0.0823 0.9891 0.1224
vn -0.9114 0.3607 -0.1983
vn -0.2751 0.2774 -0.9205
vn -0.0200 0.3349 -0.9420
vn -0.8887 0.3749 -0.2639
vn -0.6655 0.4514 -0.5944
vn -0.3443 0.6594 -0.6683
vn -0.3883 0.4084 -0.8261
vn -0.1167 0.4711 -0.8743
vn 0.1289 0.4757 -0.8701
vn 0.0123 0.3887 -0.9213
vn -0.1959 0.3561 -0.9137
vn 0.3075 0.4072 -0.8600
vn 0.3100 0.7246 -0.6156
vn 0.1506 0.9859 0.0723
vn 0.5530 0.7521 -0.3585
vn 0.1251 0.9913 -0.0418
vn 0.7507 0.5188 -0.4090
vn 0.4621 0.5430 -0.7011
vn 0.5013 0.6496 -0.5717
vn 0.8595 0.3681 -0.3545
vn -0.3043 0.8942 -0.3283
vn -0.0196 0.8610 -0.5083
vn 0.9016 0.3469 -0.2586
vn -0.2672 0.9177 0.2939
vn 0.4965 0.8113 0.3087
vn -0.9129 0.3047 0.2716
vn 0.5797 -0.0329 -0.8142
vn 0.0479 -0.2970 -0.9537
vn 0.4593 -0.6724 0.5804
vn 0.2302 -0.3998 0.8873
vn 0.0002 -0.0547 0.9985
vn 0.2033 -0.5806 0.7884
vn -0.0750 -0.9868 0.1434
vn 0.8539 -0.3622 0.3738
vn 0.9405 -0.0332 0.3381
vn -0.4332 -0.7581 0.4874
vn 0.7899 -0.4103 0.4557
vn 0.6014 -0.4105 0.6854
vn -0.6370 -0.6354 0.4365
vn 0.4827 -0.3067 0.8203
vn 0.5746 -0.4231 0.7006
vn 0.3489 -0.0928 0.9326
vn 0.2107 -0.1565 0.9650
vn 0.0120 -0.2116 0.9773
vn 0.2498 -0.4760 0.8432
vn -0.5207 -0.4699 -0.7128
vn -0.1735 -0.5921 0.7870
vn -0.2985 -0.5699 0.7656
vn -0.1854 -0.4889 0.8524
vn -0.1565 -0.6274 0.7628
vn -0.2335 -0.0988 0.9673
vn -0.1782 -0.6899 0.7016
vn -0.0174 -0.6516 0.7584
vn -0.2405 -0.2678 0.9330
vn -0.4677 -0.2857 0.8364
vn -0.7141 -0.4109 0.5667
vn -0.8320 -0.3985 0.3860
vn -0.8855 -0.3853 0.2597
vn -0.7018 -0.4719 -0.5336
vn -0.6587 -0.6372 0.4002
vn -0.3139 -0.8615 -0.3991
vn -0.2324 -0.7422 -0.6286
vn -0.2709 -0.7744 -0.5718
vn -0.2755 -0.6757 -0.6838
vn -0.6449 -0.3402 -0.6844
vn -0.9219 -0.2844 -0.2632
vn -0.1512 -0.5946 -0.7897
vn -0.8364 -0.3907 -0.3844
vn -0.3212 -0.8338 -0.4489
vn 0.8374 0.2013 0.5082
vn 0.5745 -0.8019 -0.1642
vn -0.0698 -0.8954 -0.4398
vn -0.0218 -0.8249 -0.5648
vn -0.0790 -0.6690 -0.7390
vn -0.1839 -0.4985 -0.8471
vn 0.3210 0.6080 -0.7262
vn -0.2804 0.1767 -0.9435
vn 0.2310 0.3396 -0.9118
vn -0.2142 -0.0016 -0.9768
vn 0.3755 0.2509 -0.8922
vn -0.1160 -0.2999 -0.9469
vn -0.2680 -0.2521 -0.9299
vn 0.0972 -0.5652 -0.8192
vn 0.3195 -0.7924 -0.5196
vn 0.9850 -0.1076 0.1349
vn 0.9752 0.2167 0.0452
vn 0.7994 0.2157 0.5607
vn 0.9257 -0.3774 0.0253
vn -0.6069 -0.3373 -0.7197
vn -0.3802 -0.2082 -0.9012
vn -0.3049 0.0728 -0.9496
vn -0.3579 0.1487 -0.9218
vn 0.0605 0.6761 -0.7343
vn -0.3468 0.3633 -0.8647
vn -0.6219 0.0457 -0.7818
vn -0.6426 0.1599 -0.7494
vn -0.7192 -0.1057 -0.6867
vn -0.6658 -0.0847 -0.7413
vn -0.7364 0.0370 -0.6755
vn -0.4915 0.2063 -0.8461
vn -0.3303 0.1081 -0.9377
vn -0.3993 0.0814 -0.9132
vn -0.5301 0.0465 -0.8467
vn -0.5857 -0.1235 -0.8011
vn -0.2081 0.0720 -0.9755
vn -0.1779 -0.1752 -0.9683
vn -0.1951 -0.4897 -0.8498
vn -0.1313 0.0367 -0.9907
vn 0.0075 0.0598 -0.9982
vn -0.1060 0.0006 -0.9944
vn -0.1663 -0.0189 -0.9859
vn -0.0409 -0.0400 -0.9984
vn -0.1154 -0.1917 -0.9746
vn -0.3704 -0.1767 -0.9119
vn -0.3449 0.0099 -0.9386
vn -0.2770 0.0251 -0.9605
vn -0.3532 -0.4171 -0.8374
vn -0.1040 -0.5172 -0.8495
vn -0.5499 -0.3665 -0.7505
vn -0.5808 0.2211 0.7834
vn -0.8587 -0.2149 0.4652
vn -0.8323 -0.0500 0.5520
vn -0.9283 0.0640 0.3663
vn -0.6583 -0.0262 0.7523
vn -0.5070 -0.0012 0.8619
vn -0.4237 0.1082 0.8993
vn -0.2250 0.1342 0.9651
vn -0.2747 0.0445 0.9605
vn -0.1161 0.0568 0.9916
vn -0.2855 0.5297 0.7987
vn -0.3365 0.5059 0.7943
vn -0.3125 0.4955 0.8104
vn -0.4026 0.3640 0.8399
vn -0.4991 0.1910 0.8453
vn -0.3766 0.3000 0.8765
vn -0.1481 0.3132 0.9381
vn -0.0609 0.1448 0.9876
vn -0.1250 0.5079 0.8523
vn -0.1022 0.5177 0.8494
vn 0.0996 0.5062 0.8566
vn -0.0773 0.5649 0.8215
vn 0.1085 0.6428 0.7583
vn 0.1829 0.5853 0.7899
vn 0.0920 0.3117 0.9457
vn 0.0822 0.1286 0.9883
vn 0.0045 0.0923 0.9957
vn 0.1488 0.0238 0.9886
vn 0.3081 0.1082 0.9452
vn 0.4215 0.0099 0.9068
vn 0.6285 -0.0170 0.7777
vn 0.8774 -0.2875 0.3841
vn 0.6910 0.4404 0.5732
vn 0.6491 0.0740 0.7571
vn 0.5437 0.1544 0.8250
vn 0.0069 0.0257 0.9996
vn 0.0746 0.1471 0.9863
vn -0.1224 0.0254 0.9922
vn -0.2164 0.5124 0.8310
vn 0.2365 0.6778 0.6962
vn 0.1359 0.7303 0.6695
vn -0.1859 0.6212 0.7613
vn 0.6732 -0.0108 -0.7394
vn 0.9717 -0.0468 0.2317
vn 0.9633 -0.1541 0.2200
vn 0.8302 -0.0430 0.5558
vn 0.9885 0.0203 0.1501
vn -0.2634 -0.0756 0.9617
vn 0.8051 -0.5909 -0.0509
vn 0.9717 -0.2157 0.0964
vn 0.9221 -0.0494 -0.3838
vn 0.9206 -0.1963 -0.3375
vn 0.6525 -0.4962 -0.5728
vn 0.8099 -0.3707 -0.4547
vn 0.8601 -0.1707 -0.4807
vn 0.9161 -0.1357 -0.3774
vn 0.9154 0.1396 -0.3777
vn 0.4047 -0.1678 -0.8989
vn 0.6655 -0.2153 -0.7147
vn 0.8880 -0.0214 -0.4594
vn 0.9399 0.0511 -0.3375
vn 0.1693 -0.1988 -0.9653
vn 0.8776 0.3948 0.2720
vn 0.7748 0.1871 0.6039
vn 0.4235 0.1407 0.8949
vn 0.9589 0.0382 0.2811
vn -0.1940 -0.0378 0.9803
vn -0.0974 0.1039 0.9898
vn 0.6769 0.6903 -0.2556
vn 0.8401 0.2407 -0.4860
vn 0.4015 0.9158 -0.0058
vn 0.2628 0.9354 0.2365
vn 0.2073 0.7197 0.6626
vn 0.4531 0.7694 -0.4502
vn 0.5030 0.8587 -0.0983
vn 0.2172 0.9732 0.0757
vn 0.7841 0.6180 0.0569
vn 0.5489 0.7574 0.3535
vn 0.5680 0.5895 0.5744
vn -0.0531 0.8767 0.4781
vn 0.2942 0.4379 0.8495
vn 0.5232 0.2410 0.8174
vn 0.3986 0.2753 0.8748
vn 0.2814 0.4000 0.8722
vn 0.1550 0.4536 0.8776
vn 0.5644 0.5040 0.6538
vn 0.0319 0.7691 0.6383
vn 0.1558 0.1364 0.9783
vn 0.4164 0.3726 0.8294
vn 0.6949 -0.1379 0.7058
vn 0.8964 0.3333 0.2921
vn 0.5456 0.0491 0.8366
vn 0.4946 0.2443 0.8341
vn 0.3119 0.4967 0.8100
vn -0.1042 0.6989 0.7076
vn 0.4144 0.1053 0.9040
vn 0.1912 0.3342 0.9229
vn 0.3920 0.3118 0.8655
vn 0.0151 0.9416 0.3365
vn -0.1035 0.9318 0.3480
vn -0.2117 0.8989 0.3836
vn -0.7546 0.4670 -0.4609
vn -0.2179 0.9186 0.3297
vn -0.9157 0.3148 -0.2498
vn -0.9302 0.2793 -0.2384
vn -0.9223 0.3400 -0.1840
vn -0.3193 0.9117 0.2587
vn -0.6331 0.5417 -0.5529
vn -0.3633 0.7759 -0.5157
vn -0.4509 0.6061 -0.6552
vn -0.2157 0.9409 -0.2613
vn 0.8785 0.4001 0.2609
vn -0.2290 0.0747 0.9706
vn 0.9744 -0.1244 -0.1872
vn 0.9528 0.0887 -0.2903
vn 0.9901 -0.0960 -0.1024
vn 0.8993 0.4333 0.0590
vn 0.9542 0.0251 0.2980
vn 0.9550 0.0515 0.2921
vn 0.8171 -0.0000 0.5764
vn 0.8006 -0.0001 0.5991
vn 0.6046 0.5822 0.5435
vn 0.8849 0.4302 -0.1789
vn 0.9678 -0.0023 -0.2518
vn 0.9471 0.1234 0.2962
vn 0.8072 0.0908 0.5833
vn 0.8395 0.2426 -0.4861
vn 0.2965 0.8254 0.4804
vn -0.4453 0.8005 0.4011
vn 0.7952 0.5295 0.2955
vn 0.4883 0.5492 0.6782
vn 0.3569 0.5560 0.7507
vn -0.5307 0.0622 0.8453
vn 0.8310 0.5338 -0.1567
vn 0.2610 0.9151 0.3073
vn 0.3224 0.9374 -0.1319
vn 0.3883 0.8017 -0.4544
vn 0.3378 0.9170 0.2119
vn -0.7088 0.6593 -0.2508
vn 0.2170 0.9760 0.0205
vn 0.3404 0.9189 0.1995
vn -0.5858 0.6678 0.4592
vn -0.6393 -0.6397 0.4267
vn -0.3038 0.6534 0.6934
vn -0.3311 -0.6519 0.6822
vn 0.2176 -0.6209 0.7531
vn 0.2504 0.5406 0.8031
vn 0.4095 -0.0557 0.9106
vn 0.5305 0.1869 0.8268
vn -0.0211 0.6756 0.7370
vn 0.3681 0.4280 0.8255
vn -0.1751 -0.7449 0.6437
vn 0.6563 -0.6859 0.3143
vn 0.9915 0.1280 -0.0217
vn 0.7984 0.5981 -0.0697
vn 0.1002 0.5323 -0.8406
vn 0.1859 -0.5896 -0.7860
vn 0.3261 -0.0269 -0.9449
vn 0.6101 0.0074 -0.7923
vn 0.7265 0.0727 -0.6833
vn 0.6831 -0.5831 -0.4398
vn 0.8517 -0.5222 -0.0437
vn -0.5162 -0.0506 -0.8550
vn -0.8325 -0.0315 -0.5532
vn -0.2222 -0.1458 -0.9640
vn -0.1504 -0.2056 -0.9670
vn 0.1564 -0.2369 -0.9589
vn 0.1381 -0.5419 -0.8290
vn 0.3249 -0.1571 -0.9326
vn 0.5730 -0.0947 -0.8141
vn 0.8099 -0.0367 -0.5854
vt 0.020770 0.827448
vt 0.029987 0.838844
vt 0.027827 0.822097
vt 0.020770 0.847792
vt 0.031461 0.847840
vt 0.045880 0.831817
vt 0.046197 0.847840
vt 0.052918 0.847840
vt 0.054747 0.835270
vt 0.067755 0.847840
vt 0.072048 0.838266
vt 0.079790 0.840703
vt 0.087198 0.840694
vt 0.079790 0.847840
vt 0.093287 0.814972
vt 0.079178 0.810167
vt 0.094891 0.808447
vt 0.095541 0.847941
vt 0.111613 0.829768
vt 0.102474 0.801579
vt 0.111914 0.803148
vt 0.119636 0.792329
vt 0.104025 0.774773
vt 0.121096 0.777941
vt 0.102860 0.786706
vt 0.119852 0.770298
vt 0.106196 0.761231
vt 0.120802 0.762907
vt 0.111743 0.752716
vt 0.129969 0.785137
vt 0.132868 0.767528
vt 0.135786 0.769956
vt 0.134192 0.781735
vt 0.137816 0.763366
vt 0.129836 0.759209
vt 0.135769 0.761777
vt 0.138955 0.764494
vt 0.137557 0.771364
vt 0.136260 0.781244
vt 0.136028 0.793504
vt 0.134250 0.796699
vt 0.137807 0.804440
vt 0.136544 0.807806
vt 0.139203 0.810009
vt 0.138705 0.814724
vt 0.133978 0.818153
vt 0.142684 0.819732
vt 0.139219 0.822315
vt 0.146234 0.827716
vt 0.149976 0.823790
vt 0.141583 0.815266
vt 0.144908 0.819290
vt 0.148954 0.821593
vt 0.137185 0.834170
vt 0.146234 0.834200
vt 0.121625 0.816237
vt 0.121232 0.831799
vt 0.146234 0.847894
vt 0.134393 0.848046
vt 0.120549 0.848046
vt 0.130360 0.794628
vt 0.121145 0.805262
vt 0.112342 0.815068
vt 0.111920 0.838266
vt 0.113078 0.848046
vt 0.087215 0.848046
vt 0.067260 0.791846
vt 0.088218 0.772245
vt 0.073808 0.779410
vt 0.086456 0.796592
vt 0.061160 0.802546
vt 0.093590 0.779032
vt 0.075609 0.761243
vt 0.064011 0.769176
vt 0.061945 0.777340
vt 0.095495 0.753059
vt 0.092945 0.750425
vt 0.074423 0.750425
vt 0.068293 0.752840
vt 0.046356 0.779555
vt 0.035702 0.768854
vt 0.037305 0.790484
vt 0.046913 0.793610
vt 0.104168 0.752783
vt 0.111007 0.750425
vt 0.061290 0.761168
vt 0.048129 0.770162
vt 0.032199 0.771689
vt 0.029182 0.763070
vt 0.030598 0.772016
vt 0.030323 0.763695
vt 0.031970 0.761627
vt 0.047142 0.762740
vt 0.037737 0.759114
vt 0.055728 0.752666
vt 0.062319 0.750425
vt 0.056443 0.750425
vt 0.207979 0.797682
vt 0.217762 0.798070
vt 0.210261 0.796060
vt 0.216591 0.796831
vt 0.211200 0.793165
vt 0.216060 0.785359
vt 0.211538 0.783099
vt 0.216267 0.775124
vt 0.210603 0.773740
vt 0.213810 0.771313
vt 0.217279 0.772454
vt 0.218457 0.771313
vt 0.209342 0.771447
vt 0.127298 0.875563
vt 0.122649 0.874000
vt 0.128190 0.874282
vt 0.123042 0.875381
vt 0.130945 0.876538
vt 0.121740 0.877691
vt 0.120469 0.876984
vt 1.868085 0.093322
vt 1.855616 0.085933
vt 1.874204 0.085933
vt 1.842957 0.096883
vt 1.838001 0.086606
vt 1.864403 0.114198
vt 1.846410 0.142351
vt 1.865323 0.166241
vt 1.842680 0.181553
vt 1.866756 0.188200
vt 1.832636 0.191435
vt 1.871708 0.192960
vt 0.108888 0.874316
vt 0.117855 0.875979
vt 0.114134 0.876773
vt 0.114855 0.878155
vt 0.110345 0.876717
vt 0.109247 0.877771
vt 0.107334 0.874707
vt 1.952388 0.352279
vt 1.997763 0.347895
vt 1.985188 0.331148
vt 1.987225 0.352005
vt 1.997763 0.282205
vt 1.958642 0.256451
vt 1.965379 0.282636
vt 1.997763 0.308335
vt 1.972956 0.309214
vt 1.948589 0.332044
vt 1.925567 0.350879
vt 1.926467 0.354859
vt 1.997763 0.221008
vt 1.953096 0.220254
vt 1.993157 0.189181
vt 1.987772 0.150079
vt 1.941431 0.186956
vt 1.941963 0.309306
vt 1.930752 0.218748
vt 1.891040 0.349449
vt 1.912952 0.332930
vt 1.929852 0.274785
vt 1.907626 0.257506
vt 1.907925 0.216593
vt 1.882989 0.235615
vt 1.888660 0.279640
vt 1.910625 0.306997
vt 1.890451 0.310696
vt 1.890651 0.333260
vt 1.859012 0.348034
vt 1.854731 0.330209
vt 1.851714 0.311051
vt 1.864654 0.242500
vt 1.867091 0.264909
vt 1.848672 0.235874
vt 1.876674 0.220251
vt 1.892191 0.207937
vt 1.914574 0.182100
vt 1.945384 0.149041
vt 1.847945 0.269833
vt 1.846124 0.248155
vt 1.830761 0.234741
vt 1.829631 0.259105
vt 1.835016 0.323747
vt 1.838619 0.333732
vt 1.845365 0.341469
vt 1.826469 0.237046
vt 1.829007 0.229902
vt 1.825115 0.259040
vt 1.827584 0.310649
vt 1.833048 0.331774
vt 1.913455 0.354219
vt 1.894881 0.353366
vt 1.892869 0.085861
vt 1.875538 0.080208
vt 1.893479 0.090550
vt 1.880410 0.077045
vt 1.871155 0.060180
vt 1.882230 0.094175
vt 1.864494 0.058519
vt 1.851091 0.039164
vt 1.861182 0.044551
vt 1.895783 0.049981
vt 1.913200 0.072230
vt 1.899732 0.123948
vt 1.884087 0.118689
vt 1.883055 0.144626
vt 1.885850 0.142637
vt 1.881937 0.167854
vt 1.948823 0.068432
vt 1.952183 0.086994
vt 1.924294 0.044867
vt 1.913304 0.090758
vt 1.914933 0.095630
vt 1.876916 0.193972
vt 1.881319 0.182620
vt 1.896860 0.174560
vt 1.902154 0.147672
vt 1.934087 0.094426
vt 1.982777 0.067087
vt 1.952465 0.038984
vt 1.954627 0.093497
vt 1.987973 0.094055
vt 1.992873 0.084784
vt 1.979219 0.043796
vt 1.960472 0.024383
vt 1.944099 0.016406
vt 1.915198 0.022390
vt 1.982219 0.028375
vt 1.997763 0.028359
vt 1.877800 0.034458
vt 1.848500 0.025566
vt 1.864169 0.017437
vt 1.892236 0.010876
vt 1.912288 0.005608
vt 1.928254 0.001792
vt 1.840425 0.022836
vt 1.869755 0.201851
vt 1.861290 0.207289
vt 1.837695 0.222991
vt 1.834866 0.221408
vt 1.766058 0.056717
vt 1.770927 0.035418
vt 1.785542 0.049462
vt 1.756163 0.042828
vt 1.740276 0.070687
vt 1.746990 0.026139
vt 1.762313 0.018223
vt 1.803174 0.056154
vt 1.822168 0.093605
vt 1.801673 0.094283
vt 1.780650 0.097101
vt 1.724888 0.053893
vt 1.741922 0.009199
vt 1.756695 0.002154
vt 1.822168 0.057794
vt 1.717735 0.037681
vt 1.722868 0.016650
vt 1.696645 0.026233
vt 1.677634 0.058127
vt 1.680107 0.047336
vt 1.686477 0.068433
vt 1.673001 0.032290
vt 1.678047 0.030586
vt 1.700187 0.044065
vt 1.706946 0.060950
vt 1.719290 0.077535
vt 1.711624 0.096765
vt 1.752234 0.097472
vt 1.735982 0.115447
vt 1.712490 0.176572
vt 1.714073 0.161946
vt 1.734322 0.185572
vt 1.732370 0.134437
vt 1.714405 0.145393
vt 1.716881 0.117126
vt 1.696248 0.083024
vt 1.713492 0.119590
vt 1.708103 0.099608
vt 1.693871 0.087347
vt 1.684560 0.076690
vt 1.700153 0.319397
vt 1.725728 0.351097
vt 1.701778 0.337450
vt 1.702344 0.299458
vt 1.723654 0.304157
vt 1.690279 0.311691
vt 1.689851 0.258040
vt 1.705023 0.254397
vt 1.730769 0.205438
vt 1.712095 0.231568
vt 1.700680 0.215805
vt 1.708779 0.190946
vt 1.693605 0.229244
vt 1.692743 0.328830
vt 1.686775 0.321932
vt 1.683808 0.311064
vt 1.683825 0.265320
vt 1.689185 0.226532
vt 0.157327 0.830358
vt 0.158873 0.830358
vt 0.158142 0.839756
vt 0.248202 0.979872
vt 0.249313 0.980026
vt 0.248298 0.974910
vt 0.247692 0.981176
vt 0.246500 0.975596
vt 0.234307 0.980392
vt 0.242903 0.979879
vt 0.231303 0.976036
vt 0.238401 0.975611
vt 0.244901 0.982060
vt 0.238900 0.982213
vt 0.228050 0.982204
vt 0.248563 0.970600
vt 0.246396 0.970600
vt 0.238545 0.970600
vt 0.231526 0.970600
vt 0.225273 0.976350
vt 0.222248 0.981952
vt 0.219548 0.981426
vt 0.221289 0.970600
vt 0.211782 0.970600
vt 0.213596 0.976816
vt 0.211722 0.980808
vt 0.209169 0.978180
vt 0.207784 0.982795
vt 0.193417 0.982531
vt 0.198801 0.982228
vt 0.211689 0.983818
vt 0.214651 0.982241
vt 0.193346 0.980256
vt 0.185399 0.980474
vt 0.203931 0.981545
vt 0.203811 0.979192
vt 0.198776 0.979073
vt 0.186594 0.982602
vt 0.204142 0.970600
vt 0.195524 0.970600
vt 0.182480 0.983177
vt 0.177591 0.976214
vt 0.175923 0.981921
vt 0.179016 0.981888
vt 0.185698 0.970600
vt 0.183270 0.976722
vt 0.178460 0.970600
vt 0.173319 0.970600
vt 0.171866 0.975249
vt 0.167073 0.974314
vt 0.167567 0.970599
vt 0.158428 0.970600
vt 0.158569 0.978010
vt 0.149357 0.975035
vt 0.153874 0.979384
vt 0.148625 0.980126
vt 0.153860 0.981731
vt 0.149373 0.981186
vt 0.170626 0.981006
vt 0.166195 0.980026
vt 0.158134 0.981077
vt 0.150183 0.970600
vt 0.148688 0.970600
vt 1.744859 0.310279
vt 1.745551 0.252743
vt 1.764751 0.310642
vt 1.744565 0.338273
vt 1.767575 0.340822
vt 1.765640 0.243959
vt 1.784536 0.253578
vt 1.782257 0.313793
vt 1.781827 0.341819
vt 1.808326 0.258549
vt 1.801479 0.316434
vt 1.818401 0.341766
vt 1.744197 0.356025
vt 1.766113 0.358340
vt 1.788288 0.359593
vt 1.822168 0.359553
vt 1.822168 0.315965
vt 1.822168 0.201201
vt 1.806252 0.188419
vt 1.802448 0.117624
vt 1.822168 0.159554
vt 1.822168 0.118695
vt 1.780441 0.117413
vt 1.785507 0.196681
vt 1.762475 0.137971
vt 1.767348 0.207284
vt 1.749465 0.204047
vt 1.750114 0.158615
vt 0.031685 0.883899
vt 0.032030 0.874424
vt 0.030046 0.874483
vt 0.031775 0.858130
vt 0.032780 0.850355
vt 0.011550 0.946675
vt 0.009624 0.944080
vt 0.009250 0.946169
vt 0.013180 0.944909
vt 0.004312 0.941342
vt 0.012170 0.938624
vt 0.014998 0.948500
vt 0.016623 0.946075
vt 0.013034 0.948725
vt 0.007744 0.948126
vt 0.003893 0.949050
vt 0.014576 0.933464
vt 0.017789 0.940472
vt 0.017251 0.930154
vt 0.014554 0.919229
vt 0.011823 0.921271
vt 0.014313 0.921098
vt 0.011982 0.925001
vt 0.014774 0.926288
vt 0.012150 0.934264
vt 0.000598 0.937808
vt 0.000598 0.944449
vt 0.000597 0.930149
vt 0.000598 0.904312
vt 0.000598 0.914664
vt 0.011544 0.908282
vt 0.011331 0.918462
vt 0.000598 0.921994
vt 0.014441 0.898179
vt 0.020018 0.898056
vt 0.018264 0.895828
vt 0.014061 0.902793
vt 0.011358 0.896013
vt 0.015297 0.908601
vt 0.014300 0.916322
vt 0.019675 0.903074
vt 0.018470 0.911533
vt 0.018008 0.916963
vt 0.018981 0.924212
vt 0.018391 0.919076
vt 0.143746 0.930877
vt 0.145959 0.900790
vt 0.145959 0.930867
vt 0.143746 0.901643
vt 0.144947 0.896805
vt 0.143682 0.893747
vt 0.144691 0.893692
vt 0.145664 0.893219
vt 0.188832 0.909935
vt 0.198332 0.910544
vt 0.191633 0.901577
vt 0.217177 0.911037
vt 0.217992 0.909662
vt 0.227908 0.910771
vt 0.225855 0.909391
vt 0.234051 0.904287
vt 0.231970 0.902898
vt 0.225855 0.902539
vt 0.218362 0.901577
vt 0.191488 0.911037
vt 0.185226 0.911037
vt 0.176507 0.911037
vt 0.159232 0.901577
vt 0.173599 0.910065
vt 0.176831 0.901577
vt 0.158276 0.909725
vt 0.149988 0.901577
vt 0.149597 0.910866
vt 0.167891 0.911037
vt 0.184752 0.901577
vt 0.160581 0.839598
vt 0.160119 0.830333
vt 0.161421 0.830333
vt 0.210064 0.782095
vt 0.209856 0.793175
vt 0.207172 0.781921
vt 0.209518 0.765009
vt 0.207350 0.764985
vt 0.209000 0.757545
vt 0.134505 0.914426
vt 0.134505 0.924867
vt 0.141706 0.924856
vt 0.141706 0.914426
vt 0.141706 0.899211
vt 0.134505 0.899211
vt 0.134505 0.892245
vt 0.141706 0.892175
vt 0.155707 0.827716
vt 0.161318 0.825678
vt 0.164576 0.828135
vt 0.168580 0.782206
vt 0.171633 0.771446
vt 0.171633 0.782004
vt 0.170182 0.771478
vt 0.169216 0.798576
vt 0.167897 0.798646
vt 0.169996 0.806002
vt 0.171394 0.798575
vt 0.171394 0.806064
vt 0.024814 0.931952
vt 0.022038 0.931926
vt 0.024814 0.910937
vt 0.022353 0.901443
vt 0.023063 0.897077
vt 0.020301 0.894278
vt 0.023904 0.892690
vt 0.024814 0.892690
vt 0.024814 0.900471
vt 0.231878 0.899832
vt 0.225626 0.890229
vt 0.225628 0.899385
vt 0.236370 0.899385
vt 0.236724 0.885764
vt 0.227472 0.876658
vt 0.223216 0.876684
vt 0.198919 0.876325
vt 0.212219 0.877811
vt 0.199111 0.877376
vt 0.187374 0.877378
vt 0.186077 0.892184
vt 0.198704 0.892112
vt 0.192774 0.900032
vt 0.218400 0.900032
vt 0.218422 0.890262
vt 0.150316 0.884441
vt 0.161349 0.876742
vt 0.149918 0.876670
vt 0.159643 0.887069
vt 0.150575 0.899954
vt 0.172492 0.891997
vt 0.186929 0.876325
vt 0.168914 0.876325
vt 0.185231 0.900032
vt 0.159810 0.900032
vt 0.149565 0.899861
vt 0.243092 0.956982
vt 0.242848 0.933613
vt 0.243535 0.940983
vt 0.242603 0.921107
vt 0.243535 0.927059
vt 0.243535 0.910023
vt 0.242466 0.908522
vt 0.243229 0.899136
vt 0.239444 0.876385
vt 0.239520 0.899295
vt 0.238982 0.886688
vt 0.239167 0.965178
vt 0.239828 0.940040
vt 0.239827 0.957052
vt 0.238982 0.941450
vt 0.239348 0.932763
vt 0.238982 0.923909
vt 0.239828 0.919373
vt 0.239241 0.907731
vt 0.240627 0.908284
vt 0.000398 0.999266
vt 0.008554 0.999266
vt 0.000389 0.985267
vt 0.024455 0.985267
vt 0.024517 0.999266
vt 0.033014 0.985267
vt 0.033014 0.999266
vt 0.038976 0.999266
vt 0.041798 0.985267
vt 0.056150 0.999266
vt 0.057951 0.985267
vt 0.067870 0.999266
vt 0.066487 0.985267
vt 0.079847 0.985267
vt 0.082543 0.999266
vt 0.090469 0.985267
vt 0.090469 0.999266
vt 0.093505 0.985267
vt 0.093505 0.999266
vt 0.247056 0.837820
vt 0.235052 0.838378
vt 0.235373 0.837553
vt 0.246624 0.836967
vt 0.244768 0.832671
vt 0.236921 0.832846
vt 0.230211 0.837417
vt 0.229561 0.838455
vt 0.245649 0.827045
vt 0.235072 0.827167
vt 0.228144 0.833063
vt 0.223733 0.838186
vt 0.222765 0.837200
vt 0.222790 0.833156
vt 0.227580 0.826912
vt 0.232353 0.816878
vt 0.238273 0.816217
vt 0.249347 0.813797
vt 0.248758 0.805080
vt 0.235885 0.796634
vt 0.249347 0.797130
vt 0.249347 0.787360
vt 0.239789 0.787268
vt 0.238127 0.804892
vt 0.221964 0.827544
vt 0.222159 0.821364
vt 0.216827 0.818218
vt 0.212754 0.827588
vt 0.213589 0.832382
vt 0.208637 0.833495
vt 0.220703 0.809056
vt 0.232594 0.804517
vt 0.211267 0.835173
vt 0.214702 0.836741
vt 0.226812 0.814207
vt 0.208065 0.827670
vt 0.206518 0.809141
vt 0.207400 0.809334
vt 0.206429 0.820558
vt 0.207384 0.830746
vt 0.216069 0.810455
vt 0.211437 0.811869
vt 0.211972 0.808851
vt 0.211925 0.817736
vt 0.207848 0.807691
vt 0.209319 0.805585
vt 0.215226 0.801649
vt 0.219074 0.804893
vt 0.226887 0.803978
vt 0.222954 0.801814
vt 0.217338 0.800283
vt 0.208639 0.805171
vt 0.207158 0.807306
vt 0.219112 0.798374
vt 0.220237 0.795486
vt 0.224121 0.793470
vt 0.220585 0.790134
vt 0.224476 0.787022
vt 0.221106 0.785439
vt 0.230344 0.786514
vt 0.224879 0.781904
vt 0.220635 0.780198
vt 0.225614 0.777984
vt 0.220686 0.774085
vt 0.226791 0.773456
vt 0.221506 0.771683
vt 0.224033 0.771708
vt 0.219715 0.769477
vt 0.229055 0.767821
vt 0.224020 0.762278
vt 0.219490 0.758399
vt 0.228483 0.755529
vt 0.230992 0.761034
vt 0.233433 0.773436
vt 0.228549 0.795355
vt 0.238861 0.777744
vt 0.228232 0.772520
vt 0.237112 0.766938
vt 0.237735 0.771602
vt 0.239592 0.773157
vt 0.249347 0.773337
vt 0.243875 0.771033
vt 0.238022 0.759576
vt 0.235931 0.753932
vt 0.231969 0.750278
vt 0.227978 0.751232
vt 0.221449 0.752922
vt 0.240024 0.755926
vt 0.244004 0.760730
vt 0.249347 0.766464
vt 0.249347 0.771004
vt 0.249347 0.761099
vt 0.245461 0.756924
vt 0.249347 0.756920
vt 0.215948 0.754189
vt 0.211794 0.755903
vt 0.212455 0.759274
vt 0.210012 0.755539
vt 0.217695 0.764875
vt 0.215037 0.760743
vt 0.215984 0.764379
vt 0.218826 0.769884
vt 0.151772 0.813641
vt 0.143573 0.812987
vt 0.151772 0.812295
vt 0.033405 0.896422
vt 0.033171 0.889613
vt 0.027723 0.890485
vt 0.029213 0.882266
vt 0.023904 0.885969
vt 0.021351 0.880534
vt 0.019480 0.874609
vt 0.018751 0.878762
vt 0.015888 0.867808
vt 0.017240 0.865878
vt 0.013672 0.859331
vt 0.014163 0.855878
vt 0.009370 0.850023
vt 0.009393 0.846821
vt 0.004508 0.841789
vt 0.005989 0.840570
vt 0.010644 0.845680
vt 0.014486 0.850956
vt 0.017412 0.855081
vt 0.019982 0.859486
vt 0.022813 0.865283
vt 0.025933 0.872924
vt 0.003234 0.841710
vt 0.064098 0.864890
vt 0.060816 0.859426
vt 0.059269 0.860235
vt 0.066122 0.850468
vt 0.059248 0.851350
vt 0.066971 0.859821
vt 0.074100 0.864890
vt 0.057359 0.851843
vt 0.055743 0.853363
vt 0.059831 0.850000
vt 0.073367 0.850337
vt 0.073957 0.860081
vt 0.082175 0.861181
vt 0.113792 0.861182
vt 0.113969 0.850275
vt 0.105091 0.850247
vt 0.104529 0.862001
vt 0.097983 0.850356
vt 0.097983 0.861926
vt 0.091430 0.861902
vt 0.090875 0.850248
vt 0.081998 0.850263
vt 0.121867 0.864890
vt 0.122010 0.860081
vt 0.122599 0.850351
vt 0.136733 0.851350
vt 0.136159 0.850005
vt 0.129840 0.850505
vt 0.139470 0.851958
vt 0.135129 0.859423
vt 0.136702 0.860236
vt 0.128998 0.859821
vt 0.131870 0.864890
vt 0.141768 0.760129
vt 0.165783 0.758059
vt 0.141520 0.751636
vt 0.140190 0.760706
vt 0.140190 0.750333
vt 0.153653 0.750333
vt 0.165605 0.751138
vt 0.166698 0.750333
vt 0.157769 0.764129
vt 0.142207 0.771586
vt 0.140190 0.771930
vt 0.140190 0.780795
vt 0.141863 0.781227
vt 0.140190 0.788860
vt 0.141751 0.789386
vt 0.140190 0.799727
vt 0.141431 0.799831
vt 0.156609 0.799396
vt 0.154077 0.789394
vt 0.149663 0.780960
vt 0.140190 0.809818
vt 0.141975 0.809818
vt 0.159472 0.809818
vt 0.165921 0.779323
vt 0.157488 0.773378
vt 0.165703 0.771538
vt 0.166218 0.784492
vt 0.166431 0.789863
vt 0.166317 0.795168
vt 0.166145 0.802114
vt 0.165752 0.809818
vt 0.166698 0.778169
vt 0.166698 0.770271
vt 0.166698 0.759308
vt 0.219041 0.916535
vt 0.209986 0.919848
vt 0.212023 0.920919
vt 0.192899 0.922340
vt 0.187279 0.924026
vt 0.202011 0.923707
vt 0.200583 0.921983
vt 0.212144 0.923340
vt 0.222451 0.919426
vt 0.224204 0.916228
vt 0.227538 0.917000
vt 0.233033 0.914860
vt 0.233273 0.912520
vt 0.201795 0.926122
vt 0.193115 0.926954
vt 0.226770 0.913957
vt 0.235241 0.913231
vt 0.235358 0.915447
vt 0.228810 0.925648
vt 0.235379 0.911692
vt 0.233739 0.923278
vt 0.236056 0.924262
vt 0.231695 0.931517
vt 0.225516 0.939237
vt 0.216531 0.931566
vt 0.215725 0.938985
vt 0.211002 0.933681
vt 0.201749 0.941833
vt 0.203111 0.947129
vt 0.184131 0.941860
vt 0.189450 0.936704
vt 0.201795 0.936074
vt 0.221336 0.947130
vt 0.237536 0.925593
vt 0.178351 0.934768
vt 0.170996 0.939326
vt 0.184153 0.947129
vt 0.171729 0.947129
vt 0.161038 0.916996
vt 0.162984 0.920136
vt 0.173989 0.921394
vt 0.166534 0.917216
vt 0.175853 0.920211
vt 0.173848 0.923742
vt 0.184442 0.926290
vt 0.185367 0.922153
vt 0.158574 0.914863
vt 0.170112 0.932151
vt 0.157166 0.926741
vt 0.161338 0.940120
vt 0.165911 0.947129
vt 0.154751 0.932827
vt 0.157938 0.917984
vt 0.151884 0.913450
vt 0.149843 0.914668
vt 0.151347 0.915529
vt 0.152959 0.916056
vt 0.151858 0.923801
vt 0.151058 0.925952
vt 0.148465 0.926896
vt 0.149625 0.912145
vt 0.038892 0.857761
vt 0.038892 0.849184
vt 0.046322 0.849166
vt 0.046322 0.858456
vt 0.038892 0.882003
vt 0.046322 0.882068
vt 0.177172 0.948248
vt 0.177020 0.949471
vt 0.177570 0.955681
vt 0.193621 0.948248
vt 0.235904 0.958313
vt 0.237570 0.955467
vt 0.230192 0.959248
vt 0.225669 0.955467
vt 0.219984 0.965172
vt 0.219186 0.963222
vt 0.210614 0.965114
vt 0.210891 0.966690
vt 0.200481 0.961325
vt 0.208723 0.955678
vt 0.200439 0.955467
vt 0.193464 0.958768
vt 0.178307 0.961358
vt 0.194793 0.967022
vt 0.195276 0.968288
vt 0.179578 0.966663
vt 0.179825 0.968026
vt 0.137142 0.965106
vt 0.147857 0.966601
vt 0.145501 0.964728
vt 0.156666 0.965930
vt 0.158367 0.967201
vt 0.171819 0.949471
vt 0.155064 0.954129
vt 0.170212 0.948648
vt 0.160340 0.948648
vt 0.155340 0.960346
vt 0.147799 0.959828
vt 0.153526 0.948648
vt 0.148010 0.953934
vt 0.139094 0.954248
vt 0.135261 0.962647
vt 0.128251 0.963623
vt 0.127590 0.961585
vt 0.117648 0.954402
vt 0.116125 0.957197
vt 0.110537 0.953934
vt 0.112331 0.956777
vt 0.116980 0.959341
vt 0.122560 0.953934
vt 0.192954 0.759178
vt 0.190484 0.754386
vt 0.186912 0.756262
vt 0.191011 0.763394
vt 0.182600 0.762703
vt 0.184287 0.767811
vt 0.195219 0.761593
vt 0.197358 0.762795
vt 0.203574 0.764187
vt 0.198347 0.768633
vt 0.203591 0.773180
vt 0.199698 0.763701
vt 0.182335 0.758080
vt 0.185386 0.752130
vt 0.189106 0.750355
vt 0.179203 0.754522
vt 0.174067 0.756388
vt 0.168131 0.757648
vt 0.169318 0.764375
vt 0.170503 0.764017
vt 0.169461 0.757982
vt 0.174953 0.760846
vt 0.176642 0.765068
vt 0.179728 0.769214
vt 0.181005 0.773933
vt 0.178027 0.793973
vt 0.183487 0.796217
vt 0.178424 0.790317
vt 0.183940 0.783514
vt 0.178507 0.786179
vt 0.179126 0.779057
vt 0.183948 0.778695
vt 0.177673 0.774026
vt 0.173326 0.769782
vt 0.178278 0.779673
vt 0.176932 0.774732
vt 0.171818 0.769886
vt 0.173092 0.832038
vt 0.175175 0.834075
vt 0.174889 0.829651
vt 0.171600 0.830313
vt 0.172482 0.827847
vt 0.170890 0.827915
vt 0.172364 0.814431
vt 0.170725 0.818456
vt 0.171592 0.808493
vt 0.172864 0.808687
vt 0.172576 0.805717
vt 0.177101 0.797567
vt 0.175076 0.803781
vt 0.176191 0.813432
vt 0.177685 0.807777
vt 0.181338 0.837604
vt 0.180820 0.825847
vt 0.175498 0.824621
vt 0.181071 0.813789
vt 0.182598 0.801190
vt 0.187433 0.789452
vt 0.187512 0.798152
vt 0.186874 0.804585
vt 0.186132 0.826446
vt 0.192977 0.793641
vt 0.195181 0.779173
vt 0.194945 0.773984
vt 0.196030 0.786717
vt 0.202520 0.779418
vt 0.200756 0.788155
vt 0.201029 0.795940
vt 0.196290 0.801809
vt 0.195867 0.818378
vt 0.200699 0.815121
vt 0.205448 0.813762
vt 0.205448 0.789719
vt 0.205448 0.795060
vt 0.198651 0.828729
vt 0.191094 0.827487
vt 0.191316 0.810824
vt 0.191741 0.801692
vt 0.191800 0.835036
vt 0.195146 0.835278
vt 0.186047 0.834398
vt 0.186041 0.838848
vt 0.193986 0.839587
vt 0.202250 0.839782
vt 0.205448 0.835234
vt 0.205448 0.828819
vt 0.022463 0.886749
vt 0.026237 0.891399
vt 0.031594 0.896919
vt 0.031461 0.905742
vt 0.033617 0.904833
vt 0.029792 0.917147
vt 0.032094 0.917661
vt 0.028265 0.924471
vt 0.029024 0.928860
vt 0.026150 0.930958
vt 0.023581 0.937455
vt 0.025408 0.938645
vt 0.019181 0.948344
vt 0.029439 0.948344
vt 0.037371 0.927029
vt 0.050807 0.948344
vt 0.050756 0.936505
vt 0.014642 0.950522
vt 0.050481 0.917826
vt 0.058124 0.920620
vt 0.056833 0.939076
vt 0.066359 0.938189
vt 0.048474 0.888067
vt 0.040333 0.895653
vt 0.051434 0.902382
vt 0.041323 0.903155
vt 0.041561 0.910208
vt 0.051087 0.910089
vt 0.062428 0.909638
vt 0.066133 0.922856
vt 0.064655 0.901580
vt 0.068044 0.893699
vt 0.055440 0.879240
vt 0.044062 0.884284
vt 0.094041 0.901428
vt 0.072064 0.886579
vt 0.048369 0.853457
vt 0.051327 0.860520
vt 0.049645 0.853512
vt 0.050318 0.861158
vt 0.052918 0.866848
vt 0.052438 0.870842
vt 0.057770 0.874916
vt 0.066257 0.879455
vt 0.074678 0.880990
vt 0.089900 0.886697
vt 0.084403 0.881042
vt 0.095219 0.879270
vt 0.100556 0.883203
vt 0.095790 0.909526
vt 0.093987 0.927736
vt 0.082895 0.937623
vt 0.097834 0.944940
vt 0.104457 0.926327
vt 0.107988 0.940398
vt 0.123252 0.927253
vt 0.132452 0.928739
vt 0.131841 0.947944
vt 0.111148 0.948344
vt 0.107197 0.948344
vt 0.084006 0.950889
vt 0.098937 0.956328
vt 0.054397 0.948344
vt 0.063681 0.948344
vt 0.077563 0.968690
vt 0.083232 0.969688
vt 0.098937 0.969901
vt 0.062605 0.956866
vt 0.062691 0.969336
vt 0.076252 0.969335
vt 0.034798 0.874501
vt 0.034275 0.850663
vt 0.034713 0.858326
vt 0.036638 0.875400
vt 0.035007 0.884076
vt 0.207191 0.865378
vt 0.194518 0.874295
vt 0.207611 0.873789
vt 0.194397 0.865378
vt 0.174404 0.865378
vt 0.174715 0.873689
vt 0.166897 0.873239
vt 0.164838 0.874561
vt 0.157372 0.866561
vt 0.166897 0.866467
vt 0.216960 0.865378
vt 0.174924 0.874818
vt 0.220193 0.873852
vt 0.234046 0.865378
vt 0.234626 0.873399
vt 0.242926 0.865378
vt 0.243169 0.874594
vt 0.224982 0.874818
vt 0.216324 0.874818
vt 0.207524 0.874818
vt 0.033365 0.782799
vt 0.033057 0.796855
vt 0.031347 0.782981
vt 0.031365 0.792083
vt 0.030399 0.799597
vt 0.030848 0.807749
vt 0.027929 0.809737
vt 0.045890 0.807873
vt 0.033716 0.814191
vt 0.028393 0.814476
vt 0.025455 0.815094
vt 0.024150 0.819709
vt 0.022168 0.819017
vt 0.059135 0.821358
vt 0.161791 0.812457
vt 0.161791 0.813416
vt 0.153486 0.813254
vt 0.106675 0.971713
vt 0.100042 0.964953
vt 0.099978 0.971713
vt 0.106402 0.964953
vt 0.120606 0.964953
vt 0.130199 0.971713
vt 0.130361 0.964953
vt 0.148063 0.856117
vt 0.152285 0.850183
vt 0.152365 0.846857
vt 0.148837 0.860047
vt 0.146753 0.861969
vt 0.145772 0.867030
vt 0.147466 0.867557
vt 0.143332 0.874585
vt 0.143542 0.878822
vt 0.157806 0.842304
vt 0.155997 0.840956
vt 0.151147 0.845703
vt 0.147427 0.850965
vt 0.145323 0.855140
vt 0.143269 0.859399
vt 0.141010 0.864265
vt 0.136239 0.872338
vt 0.140702 0.880241
vt 0.121159 0.894233
vt 0.127730 0.903529
vt 0.128091 0.896021
vt 0.125751 0.888450
vt 0.133654 0.889903
vt 0.129971 0.881808
vt 0.137611 0.885454
vt 0.111324 0.882313
vt 0.119893 0.902826
vt 0.129009 0.912843
vt 0.137723 0.887817
vt 0.129920 0.896518
vt 0.130015 0.905338
vt 0.131699 0.916943
vt 0.133221 0.924325
vt 0.135323 0.930863
vt 0.136051 0.938591
vt 0.137881 0.937401
vt 0.142255 0.948344
vt 0.146372 0.949849
vt 0.119512 0.917931
vt 0.119190 0.909956
vt 0.108972 0.900291
vt 0.103132 0.878874
vt 0.102069 0.876115
vt 0.105471 0.872370
vt 0.110390 0.917551
vt 0.103407 0.910113
vt 0.110335 0.909765
vt 0.000598 0.869566
vt 0.000598 0.876313
vt 0.004150 0.872704
vt 0.000597 0.898188
vt 0.014580 0.895186
vt 0.014924 0.889494
vt 0.014378 0.893435
vt 0.012077 0.889480
vt 0.014524 0.883987
vt 0.011883 0.885933
vt 0.000598 0.884976
vt 0.012158 0.881147
vt 0.011650 0.875131
vt 0.010195 0.870231
vt 0.013695 0.874521
vt 0.000598 0.894305
vt 0.011926 0.893277
vt 0.000597 0.890343
vt 0.010583 0.868825
vt 0.011096 0.866939
vt 0.009879 0.867616
vt 0.004844 0.863168
vt 0.011402 0.865570
vt 0.004347 0.860977
vt 0.008139 0.862282
vt 0.012232 0.864952
vt 0.013033 0.866263
vt 0.014772 0.869858
vt 0.015890 0.873762
vt 0.018102 0.881122
vt 0.018481 0.885224
vt 0.018505 0.889948
vt 0.019998 0.892112
vt 0.142858 0.952766
vt 0.135193 0.952178
vt 0.142797 0.951372
vt 0.135525 0.949369
vt 0.108657 0.951470
vt 0.118730 0.951497
vt 0.108478 0.952855
vt 0.118730 0.952855
vt 0.166797 0.854519
vt 0.165499 0.840952
vt 0.155660 0.849266
vt 0.155637 0.864248
vt 0.166796 0.864248
vt 0.234061 0.864234
vt 0.242364 0.854371
vt 0.233695 0.850554
vt 0.219379 0.864243
vt 0.206246 0.853102
vt 0.206589 0.864234
vt 0.194147 0.864234
vt 0.193769 0.851730
vt 0.174504 0.864234
vt 0.180656 0.841918
vt 0.174512 0.854532
vt 0.170307 0.841031
vt 0.224174 0.841456
vt 0.242932 0.841148
vt 0.233186 0.841036
vt 0.205585 0.841922
vt 0.193813 0.841820
vt 0.194013 0.840774
vt 0.205816 0.840774
vt 0.223833 0.840774
vt 0.243309 0.864181
vt 0.242378 0.864234
vt 0.055223 0.951110
vt 0.047602 0.953275
vt 0.047443 0.950965
vt 0.030075 0.953275
vt 0.029616 0.950962
vt 0.018145 0.950235
vt 0.025584 0.772254
vt 0.026874 0.763747
vt 0.016975 0.771174
vt 0.025667 0.757829
vt 0.002022 0.760434
vt 0.002142 0.751686
vt 0.017497 0.750572
vt 0.000721 0.750572
vt 0.000721 0.759038
vt 0.000721 0.770445
vt 0.001627 0.772009
vt 0.025848 0.751749
vt 0.026874 0.758050
vt 0.026874 0.750572
vt 0.000721 0.779821
vt 0.001144 0.783743
vt 0.000721 0.785339
vt 0.000909 0.790434
vt 0.009105 0.779024
vt 0.013137 0.790267
vt 0.001090 0.795443
vt 0.011220 0.799676
vt 0.001259 0.802365
vt 0.017315 0.781516
vt 0.025601 0.800183
vt 0.025261 0.789858
vt 0.025233 0.781914
vt 0.007810 0.809967
vt 0.001716 0.809967
vt 0.025007 0.809967
vt 0.026874 0.809967
vt 0.026874 0.800006
vt 0.026874 0.789442
vt 0.026874 0.781277
vt 0.234350 0.968943
vt 0.234261 0.968106
vt 0.247622 0.968106
vt 0.247713 0.968943
vt 0.231584 0.960716
vt 0.242320 0.985340
vt 0.249092 0.999155
vt 0.249092 0.985340
vt 0.242877 0.999155
vt 0.234273 0.999155
vt 0.216880 0.985340
vt 0.216932 0.999155
vt 0.115594 0.963516
vt 0.115156 0.959705
vt 0.100587 0.959768
vt 0.100242 0.963516
vt 0.000541 0.955909
vt 0.007247 0.970510
vt 0.000541 0.970040
vt 0.007426 0.955480
vt 0.017354 0.954768
vt 0.017224 0.971419
vt 0.010400 0.971400
vt 0.010274 0.955019
vt 0.052208 0.956341
vt 0.060900 0.956341
vt 0.060900 0.970720
vt 0.050482 0.970720
vt 0.033300 0.956341
vt 0.032988 0.970720
vt 0.026372 0.970546
vt 0.026583 0.956089
vt 0.023924 0.957857
vt 0.023858 0.968749
vt 0.019233 0.957510
vt 0.019230 0.968725
vt 0.027933 0.971827
vt 0.032921 0.971848
vt 0.028296 0.954786
vt 0.033107 0.955013
vt 0.011222 0.827414
vt 0.005693 0.824784
vt 0.002272 0.827056
vt 0.016900 0.823535
vt 0.018118 0.821299
vt 0.248646 0.865242
vt 0.248359 0.846854
vt 0.249081 0.846826
vt 0.249081 0.890243
vt 0.248359 0.887850
vt 0.248677 0.876467
vt 0.248674 0.901033
vt 0.248467 0.918915
vt 0.247483 0.909172
vt 0.248849 0.908752
vt 0.249080 0.952274
vt 0.248284 0.953375
vt 0.248615 0.939195
vt 0.248675 0.965012
vt 0.107638 0.999269
vt 0.094552 0.985104
vt 0.094552 0.999269
vt 0.110092 0.985104
vt 0.121052 0.999269
vt 0.121052 0.985104
vt 0.128282 0.999269
vt 0.129195 0.985104
vt 0.141740 0.985104
vt 0.141740 0.999269
vt 0.151995 0.985104
vt 0.151995 0.999269
vt 0.160048 0.985104
vt 0.160048 0.999269
vt 0.173884 0.985104
vt 0.171275 0.999269
vt 0.185298 0.985104
vt 0.185298 0.999269
vt 0.196977 0.985104
vt 0.196977 0.999269
vt 0.215936 0.999269
vt 0.215924 0.985104
vt 0.044433 0.984238
vt 0.037129 0.984238
vt 0.041355 0.980714
vt 0.029183 0.980927
vt 0.027908 0.984238
vt 0.019065 0.981003
vt 0.011933 0.984238
vt 0.003153 0.983268
vt 0.005631 0.984238
vt 0.000515 0.984238
vt 0.019087 0.972531
vt 0.031182 0.972531
vt 0.043228 0.972531
vt 0.051818 0.980491
vt 0.056946 0.984238
vt 0.066294 0.980480
vt 0.075044 0.984238
vt 0.074527 0.980578
vt 0.081900 0.980604
vt 0.096377 0.980528
vt 0.074527 0.972531
vt 0.066262 0.972531
vt 0.081900 0.972621
vt 0.095310 0.972621
vt 0.107903 0.980547
vt 0.108230 0.972621
vt 0.114297 0.980720
vt 0.114537 0.972621
vt 0.127257 0.980857
vt 0.127400 0.972621
vt 0.137491 0.980930
vt 0.137356 0.972621
vt 0.155940 0.984238
vt 0.151198 0.984237
vt 0.153282 0.983285
vt 0.144948 0.984238
vt 0.128337 0.984237
vt 0.116380 0.984237
vt 0.104677 0.984237
vt 0.244728 0.887721
vt 0.245568 0.885781
vt 0.245250 0.901487
vt 0.245224 0.876758
vt 0.245112 0.965037
vt 0.244728 0.949552
vt 0.245522 0.951749
vt 0.245122 0.938843
vt 0.245377 0.919580
vt 0.244728 0.909364
vt 0.245870 0.909567
vt 0.130101 0.869564
vt 0.118688 0.870243
vt 0.118923 0.868975
vt 0.099867 0.867703
vt 0.100444 0.870948
vt 0.098717 0.868101
vt 0.093118 0.871567
vt 0.093391 0.867123
vt 0.091075 0.871567
vt 0.091238 0.866663
vt 0.082893 0.867508
vt 0.075275 0.870934
vt 0.081493 0.866659
vt 0.074118 0.867655
vt 0.070172 0.870824
vt 0.070257 0.868179
vt 0.062906 0.870448
vt 0.063598 0.872463
vt 0.227683 0.912236
vt 0.218168 0.912880
vt 0.217685 0.911853
vt 0.196907 0.914298
vt 0.197772 0.911405
vt 0.196347 0.911405
vt 0.195448 0.913831
vt 0.190011 0.911405
vt 0.190169 0.915001
vt 0.187620 0.911405
vt 0.187767 0.915621
vt 0.179199 0.914869
vt 0.176304 0.911405
vt 0.177542 0.915737
vt 0.169613 0.914948
vt 0.168208 0.911405
vt 0.166323 0.914291
vt 0.165385 0.911953
vt 0.158411 0.913811
vt 0.158781 0.912225
s 1
usemtl AR_Gjel_lod0
f 824/1/1 2/2/2 3/3/3
f 824/1/1 1/4/4 2/2/2
f 867/5/5 2/2/2 1/4/4
f 867/5/5 4/6/6 2/2/2
f 867/5/5 868/7/7 4/6/6
f 869/8/8 4/6/6 868/7/7
f 869/8/8 6/9/9 4/6/6
f 5/10/10 6/9/9 869/8/8
f 6/9/9 5/10/10 10/11/11
f 5/10/10 7/12/12 10/11/11
f 102/13/13 10/11/11 7/12/12
f 5/10/10 8/14/14 7/12/12
f 102/13/13 9/15/15 11/16/16
f 102/13/13 11/16/16 10/11/11
f 9/15/15 12/17/17 11/16/16
f 102/13/13 51/18/18 9/15/15
f 51/18/18 48/19/19 9/15/15
f 9/15/15 48/19/19 12/17/17
f 13/20/20 53/21/21 14/22/22
f 17/23/23 14/22/22 15/24/24
f 13/20/20 14/22/22 16/25/25
f 16/25/25 14/22/22 17/23/23
f 15/24/24 22/26/26 17/23/23
f 18/27/27 17/23/23 22/26/26
f 18/27/27 22/26/26 23/28/28
f 19/29/29 18/27/27 23/28/28
f 20/30/30 15/24/24 14/22/22
f 21/31/31 15/24/24 20/30/30
f 21/31/31 22/26/26 15/24/24
f 22/26/26 21/31/31 23/28/28
f 25/32/32 20/30/30 24/33/33
f 25/32/32 21/31/31 20/30/30
f 26/34/34 21/31/31 25/32/32
f 19/29/29 23/28/28 27/35/35
f 21/31/31 27/35/35 23/28/28
f 21/31/31 29/36/36 27/35/35
f 26/34/34 29/36/36 21/31/31
f 25/32/32 165/37/37 26/34/34
f 25/32/32 169/38/38 165/37/37
f 25/32/32 28/39/39 169/38/38
f 25/32/32 24/33/33 28/39/39
f 24/33/33 31/40/40 28/39/39
f 24/33/33 30/41/41 31/40/40
f 30/41/41 32/42/42 31/40/40
f 30/41/41 40/43/43 32/42/42
f 33/44/44 32/42/42 40/43/43
f 33/44/44 40/43/43 34/45/45
f 39/46/46 34/45/45 40/43/43
f 36/47/47 34/45/45 39/46/46
f 36/47/47 39/46/46 35/48/48
f 35/48/48 411/49/49 36/47/47
f 36/47/47 411/49/49 37/50/50
f 33/44/44 34/45/45 38/51/51
f 34/45/45 36/47/47 38/51/51
f 202/52/52 38/51/51 36/47/47
f 37/50/50 202/52/52 36/47/47
f 37/50/50 203/53/53 202/52/52
f 43/54/54 410/55/55 411/49/49
f 43/54/54 411/49/49 35/48/48
f 39/46/46 43/54/54 35/48/48
f 41/56/56 39/46/46 40/43/43
f 42/57/57 39/46/46 41/56/56
f 42/57/57 43/54/54 39/46/46
f 410/55/55 43/54/54 44/58/58
f 44/58/58 43/54/54 45/59/59
f 45/59/59 42/57/57 426/60/60
f 45/59/59 43/54/54 42/57/57
f 46/61/61 30/41/41 24/33/33
f 40/43/43 30/41/41 46/61/61
f 46/61/61 52/62/62 40/43/43
f 40/43/43 52/62/62 41/56/56
f 52/62/62 47/63/63 41/56/56
f 47/63/63 42/57/57 41/56/56
f 47/63/63 48/19/19 42/57/57
f 42/57/57 48/19/19 49/64/64
f 49/64/64 426/60/60 42/57/57
f 49/64/64 50/65/65 426/60/60
f 49/64/64 51/18/18 50/65/65
f 52/62/62 53/21/21 47/63/63
f 102/13/13 341/66/66 51/18/18
f 51/18/18 49/64/64 48/19/19
f 47/63/63 12/17/17 48/19/19
f 47/63/63 13/20/20 12/17/17
f 47/63/63 53/21/21 13/20/20
f 53/21/21 52/62/62 14/22/22
f 52/62/62 46/61/61 14/22/22
f 20/30/30 14/22/22 46/61/61
f 46/61/61 24/33/33 20/30/30
f 54/67/67 57/68/68 58/69/69
f 54/67/67 55/70/70 57/68/68
f 11/16/16 54/67/67 762/71/71
f 55/70/70 54/67/67 11/16/16
f 55/70/70 56/72/72 57/68/68
f 62/73/73 63/74/74 57/68/68
f 57/68/68 63/74/74 58/69/69
f 63/74/74 64/75/75 58/69/69
f 12/17/17 55/70/70 11/16/16
f 12/17/17 13/20/20 55/70/70
f 13/20/20 16/25/25 55/70/70
f 16/25/25 56/72/72 55/70/70
f 16/25/25 17/23/23 56/72/72
f 17/23/23 57/68/68 56/72/72
f 59/76/76 57/68/68 17/23/23
f 57/68/68 59/76/76 62/73/73
f 59/76/76 17/23/23 18/27/27
f 59/76/76 66/77/77 60/78/78
f 59/76/76 60/78/78 61/79/79
f 62/73/73 59/76/76 61/79/79
f 65/80/80 71/81/81 754/82/82
f 757/83/83 64/75/75 65/80/80
f 67/84/84 66/77/77 59/76/76
f 59/76/76 18/27/27 67/84/84
f 18/27/27 19/29/29 67/84/84
f 19/29/29 68/85/85 67/84/84
f 67/84/84 68/85/85 66/77/77
f 61/79/79 69/86/86 62/73/73
f 63/74/74 62/73/73 69/86/86
f 70/87/87 63/74/74 69/86/86
f 63/74/74 70/87/87 64/75/75
f 70/87/87 65/80/80 64/75/75
f 71/81/81 65/80/80 70/87/87
f 72/88/88 75/89/89 73/90/90
f 72/88/88 74/91/91 75/89/89
f 76/92/92 75/89/89 74/91/91
f 74/91/91 72/88/88 71/81/81
f 71/81/81 70/87/87 77/93/93
f 70/87/87 69/86/86 77/93/93
f 74/91/91 71/81/81 76/92/92
f 71/81/81 78/94/94 76/92/92
f 77/93/93 78/94/94 71/81/81
f 77/93/93 79/95/95 78/94/94
f 79/95/95 77/93/93 69/86/86
f 61/79/79 79/95/95 69/86/86
f 60/78/78 80/96/96 61/79/79
f 80/96/96 79/95/95 61/79/79
f 80/96/96 81/97/97 79/95/95
f 84/98/98 83/99/99 676/100/100
f 676/100/100 83/99/99 82/101/101
f 82/101/101 85/102/102 676/100/100
f 82/101/101 86/103/103 85/102/102
f 86/103/103 87/104/104 85/102/102
f 88/105/105 87/104/104 86/103/103
f 88/105/105 89/106/106 87/104/104
f 88/105/105 90/107/107 89/106/106
f 452/108/108 90/107/107 88/105/105
f 452/108/108 91/109/109 90/107/107
f 92/110/110 89/106/106 90/107/107
f 96/111/111 94/112/112 93/113/113
f 96/111/111 98/114/114 94/112/112
f 95/115/115 96/111/111 93/113/113
f 98/114/114 96/111/111 97/116/116
f 94/112/112 98/114/114 97/116/116
f 94/112/112 97/116/116 99/117/117
f 96/111/111 95/115/115 97/116/116
f 103/118/118 104/119/119 105/120/120
f 104/119/119 107/121/121 106/122/122
f 107/121/121 104/119/119 103/118/118
f 103/118/118 108/123/123 107/121/121
f 110/124/124 107/121/121 108/123/123
f 109/125/125 110/124/124 108/123/123
f 110/124/124 109/125/125 112/126/126
f 111/127/127 112/126/126 109/125/125
f 111/127/127 113/128/128 112/126/126
f 113/128/128 111/127/127 114/129/129
f 116/130/130 115/131/131 118/132/132
f 117/133/133 118/132/132 115/131/131
f 116/130/130 118/132/132 119/134/134
f 116/130/130 119/134/134 120/135/135
f 116/130/130 120/135/135 849/136/136
f 117/133/133 119/134/134 118/132/132
f 117/133/133 120/135/135 119/134/134
f 121/137/137 431/138/138 432/139/139
f 122/140/140 431/138/138 121/137/137
f 442/141/141 128/142/142 129/143/143
f 129/143/143 436/144/144 442/141/141
f 129/143/143 123/145/145 436/144/144
f 432/139/139 436/144/144 123/145/145
f 131/146/146 432/139/139 123/145/145
f 121/137/137 432/139/139 131/146/146
f 133/147/147 121/137/137 131/146/146
f 133/147/147 161/148/148 121/137/137
f 128/142/142 443/149/149 127/150/150
f 124/151/151 127/150/150 443/149/149
f 125/152/152 126/153/153 124/151/151
f 127/150/150 124/151/151 126/153/153
f 129/143/143 130/154/154 123/145/145
f 131/146/146 123/145/145 130/154/154
f 132/155/155 127/150/150 126/153/153
f 132/155/155 128/142/142 127/150/150
f 142/156/156 133/147/147 134/157/157
f 134/157/157 133/147/147 131/146/146
f 134/157/157 131/146/146 130/154/154
f 130/154/154 129/143/143 135/158/158
f 129/143/143 128/142/142 135/158/158
f 132/155/155 135/158/158 128/142/142
f 136/159/159 135/158/158 132/155/155
f 136/159/159 132/155/155 137/160/160
f 138/161/161 136/159/159 137/160/160
f 138/161/161 139/162/162 136/159/159
f 139/162/162 140/163/163 136/159/159
f 139/162/162 141/164/164 140/163/163
f 140/163/163 135/158/158 136/159/159
f 135/158/158 140/163/163 130/154/154
f 134/157/157 130/154/154 140/163/163
f 143/165/165 134/157/157 140/163/163
f 142/156/156 134/157/157 143/165/165
f 143/165/165 140/163/163 141/164/164
f 144/166/166 142/156/156 143/165/165
f 145/167/167 143/165/165 146/168/168
f 143/165/165 141/164/164 146/168/168
f 141/164/164 139/162/162 146/168/168
f 139/162/162 148/169/169 147/170/170
f 139/162/162 138/161/161 148/169/169
f 149/171/171 148/169/169 138/161/161
f 149/171/171 138/161/161 150/172/172
f 138/161/161 151/173/173 150/172/172
f 138/161/161 137/160/160 151/173/173
f 151/173/173 137/160/160 152/174/174
f 132/155/155 152/174/174 137/160/160
f 132/155/155 126/153/153 152/174/174
f 125/152/152 153/175/175 126/153/153
f 139/162/162 154/176/176 146/168/168
f 147/170/170 154/176/176 139/162/162
f 147/170/170 155/177/177 154/176/176
f 147/170/170 148/169/169 155/177/177
f 148/169/169 149/171/171 155/177/177
f 156/178/178 155/177/177 149/171/171
f 156/178/178 157/179/179 155/177/177
f 154/176/176 155/177/177 157/179/179
f 157/179/179 146/168/168 154/176/176
f 157/179/179 158/180/180 146/168/168
f 145/167/167 146/168/168 158/180/180
f 158/180/180 159/181/181 145/167/167
f 145/167/167 159/181/181 160/182/182
f 111/183/127 156/178/178 114/184/129
f 111/183/127 157/179/179 156/178/178
f 111/183/127 109/185/125 157/179/179
f 157/179/179 109/185/125 108/186/123
f 157/179/179 108/186/123 158/180/180
f 158/180/180 108/186/123 103/187/118
f 158/180/180 103/187/118 159/181/181
f 160/182/182 159/181/181 103/187/118
f 145/167/167 160/182/182 144/166/166
f 144/166/166 143/165/165 145/167/167
f 162/188/183 161/148/148 133/147/147
f 163/189/184 162/188/183 133/147/147
f 163/189/184 133/147/147 142/156/156
f 144/166/166 163/189/184 142/156/156
f 164/190/185 165/191/37 166/192/186
f 164/190/185 167/193/187 165/191/37
f 167/193/187 168/194/188 165/191/37
f 165/191/37 169/195/38 166/192/186
f 168/194/188 170/196/189 165/191/37
f 196/197/190 170/196/189 195/198/191
f 170/196/189 168/194/188 195/198/191
f 195/198/191 168/194/188 173/199/192
f 167/193/187 173/199/192 168/194/188
f 167/193/187 171/200/193 173/199/192
f 171/200/193 167/193/187 164/190/185
f 169/195/38 179/201/194 166/192/186
f 169/195/38 28/202/39 179/201/194
f 31/203/40 172/204/195 28/202/39
f 31/203/40 32/205/42 172/204/195
f 174/206/196 171/200/193 180/207/197
f 182/208/198 171/200/193 174/206/196
f 173/199/192 171/200/193 182/208/198
f 171/200/193 164/190/185 175/209/199
f 175/209/199 164/190/185 166/192/186
f 175/209/199 166/192/186 176/210/200
f 176/210/200 166/192/186 179/201/194
f 175/209/199 180/207/197 171/200/193
f 180/207/197 175/209/199 176/210/200
f 38/211/51 151/173/173 33/212/44
f 151/173/173 177/213/201 33/212/44
f 152/174/174 177/213/201 151/173/173
f 178/214/202 177/213/201 152/174/174
f 172/204/195 178/214/202 179/201/194
f 172/204/195 179/201/194 28/202/39
f 176/210/200 179/201/194 183/215/203
f 180/207/197 176/210/200 183/215/203
f 180/207/197 187/216/204 174/206/196
f 181/217/205 174/206/196 187/216/204
f 181/217/205 182/208/198 174/206/196
f 179/201/194 178/214/202 183/215/203
f 183/215/203 184/218/206 180/207/197
f 152/174/174 126/153/153 153/175/175
f 152/174/174 153/175/175 178/214/202
f 178/214/202 153/175/175 183/215/203
f 184/218/206 185/219/207 186/220/208
f 184/218/206 186/220/208 180/207/197
f 180/207/197 186/220/208 187/216/204
f 185/219/207 184/218/206 153/175/175
f 184/218/206 183/215/203 153/175/175
f 185/219/207 153/175/175 125/152/152
f 181/217/205 187/216/204 188/221/209
f 188/221/209 189/222/210 181/217/205
f 190/223/211 181/217/205 189/222/210
f 190/223/211 182/208/198 181/217/205
f 191/224/212 182/208/198 190/223/211
f 173/199/192 182/208/198 191/224/212
f 188/221/209 192/225/213 189/222/210
f 188/221/209 193/226/214 192/225/213
f 173/199/192 191/224/212 194/227/215
f 195/198/191 173/199/192 194/227/215
f 196/197/190 195/198/191 197/228/216
f 194/227/215 198/229/217 197/228/216
f 199/230/218 198/229/217 194/227/215
f 199/230/218 194/227/215 191/224/212
f 200/231/219 199/230/218 191/224/212
f 191/224/212 201/232/220 200/231/219
f 201/232/220 191/224/212 190/223/211
f 197/228/216 195/198/191 194/227/215
f 197/228/216 217/233/221 196/197/190
f 177/213/201 32/205/42 33/212/44
f 178/214/202 32/205/42 177/213/201
f 172/204/195 32/205/42 178/214/202
f 151/173/173 38/211/51 202/234/52
f 202/234/52 150/172/172 151/173/173
f 202/234/52 203/235/53 150/172/172
f 203/235/53 149/171/171 150/172/172
f 203/235/53 204/236/222 149/171/171
f 156/178/178 149/171/171 204/236/222
f 204/236/222 114/184/129 156/178/178
f 204/236/222 392/237/223 114/184/129
f 204/236/222 203/235/53 392/237/223
f 206/238/224 205/239/225 207/240/226
f 206/238/224 208/241/227 205/239/225
f 212/242/228 208/241/227 206/238/224
f 208/241/227 214/243/229 205/239/225
f 214/243/229 209/244/230 205/239/225
f 211/245/231 210/246/232 328/247/233
f 328/247/233 207/240/226 211/245/231
f 328/247/233 329/248/234 207/240/226
f 207/240/226 329/248/234 206/238/224
f 212/242/228 206/238/224 329/248/234
f 212/242/228 213/249/235 208/241/227
f 213/249/235 214/243/229 208/241/227
f 200/250/219 209/244/230 214/243/229
f 200/250/219 201/251/220 209/244/230
f 210/246/232 211/245/231 362/252/236
f 213/249/235 215/253/237 214/243/229
f 200/250/219 214/243/229 199/254/218
f 199/254/218 214/243/229 215/253/237
f 215/253/237 198/255/217 199/254/218
f 216/256/238 218/257/239 228/258/240
f 218/257/239 216/256/238 217/259/221
f 217/259/221 197/260/216 218/257/239
f 218/257/239 197/260/216 198/255/217
f 198/255/217 219/261/241 218/257/239
f 215/253/237 219/261/241 198/255/217
f 215/253/237 220/262/242 219/261/241
f 215/253/237 213/249/235 220/262/242
f 221/263/243 220/262/242 213/249/235
f 221/263/243 213/249/235 212/242/228
f 226/264/244 221/263/243 212/242/228
f 226/264/244 212/242/228 332/265/245
f 332/265/245 222/266/246 226/264/244
f 229/267/247 231/268/248 224/269/249
f 223/270/250 224/269/249 231/268/248
f 223/270/250 231/268/248 232/271/251
f 232/271/251 225/272/252 223/270/250
f 225/272/252 222/266/246 223/270/250
f 226/264/244 222/266/246 225/272/252
f 221/263/243 226/264/244 227/273/253
f 227/273/253 220/262/242 221/263/243
f 227/273/253 228/258/240 220/262/242
f 220/262/242 228/258/240 219/261/241
f 228/258/240 218/257/239 219/261/241
f 233/274/254 225/272/252 232/271/251
f 234/275/255 225/272/252 233/274/254
f 234/275/255 226/264/244 225/272/252
f 235/276/256 226/264/244 234/275/255
f 235/276/256 227/273/253 226/264/244
f 236/277/257 227/273/253 235/276/256
f 236/277/257 228/258/240 227/273/253
f 216/256/238 228/258/240 236/277/257
f 239/278/258 237/279/259 238/280/260
f 239/278/258 241/281/261 247/282/262
f 240/283/263 241/281/261 239/278/258
f 241/281/261 240/283/263 242/284/264
f 243/285/265 241/281/261 242/284/264
f 246/286/266 244/287/267 245/288/268
f 245/288/268 230/289/269 246/286/266
f 230/289/269 224/269/249 246/286/266
f 230/289/269 229/267/247 224/269/249
f 243/285/265 247/282/262 241/281/261
f 248/290/270 243/285/265 242/284/264
f 248/290/270 244/287/267 243/285/265
f 244/287/267 248/290/270 245/288/268
f 239/278/258 238/280/260 249/291/271
f 239/278/258 249/291/271 106/292/122
f 106/292/122 240/283/263 239/278/258
f 106/292/122 107/293/121 240/283/263
f 242/284/264 240/283/263 107/293/121
f 242/284/264 107/293/121 110/294/124
f 110/294/124 248/290/270 242/284/264
f 110/294/124 112/295/126 248/290/270
f 248/290/270 112/295/126 245/288/268
f 230/289/269 245/288/268 112/295/126
f 391/296/272 375/297/273 389/298/274
f 250/299/275 252/300/276 251/301/277
f 253/302/278 252/300/276 250/299/275
f 250/299/275 256/303/279 253/302/278
f 251/301/277 256/303/279 250/299/275
f 259/304/280 260/305/281 258/306/282
f 260/305/281 257/307/283 258/306/282
f 256/303/279 257/307/283 260/305/281
f 253/302/278 256/303/279 260/305/281
f 253/302/278 260/305/281 254/308/284
f 260/305/281 261/309/285 254/308/284
f 261/309/285 259/304/280 255/310/286
f 259/304/280 261/309/285 260/305/281
f 251/301/277 347/311/287 262/312/288
f 262/312/288 256/303/279 251/301/277
f 263/313/289 256/303/279 262/312/288
f 263/313/289 257/307/283 256/303/279
f 257/307/283 263/313/289 264/314/290
f 257/307/283 264/314/290 258/306/282
f 264/314/290 265/315/291 258/306/282
f 259/304/280 258/306/282 265/315/291
f 266/316/292 259/304/280 265/315/291
f 259/304/280 266/316/292 255/310/286
f 266/316/292 265/315/291 276/317/293
f 267/318/294 276/317/293 265/315/291
f 276/317/293 267/318/294 268/319/295
f 276/317/293 268/319/295 269/320/296
f 264/314/290 267/318/294 265/315/291
f 270/321/297 269/320/296 271/322/298
f 270/321/297 271/322/298 272/323/299
f 273/324/300 272/323/299 274/325/301
f 275/326/302 270/321/297 272/323/299
f 277/327/303 270/321/297 275/326/302
f 277/327/303 269/320/296 270/321/297
f 276/317/293 269/320/296 277/327/303
f 266/316/292 276/317/293 277/327/303
f 273/324/300 274/325/301 284/328/304
f 273/324/300 284/328/304 285/329/305
f 280/330/306 271/322/298 279/331/307
f 280/330/306 272/323/299 271/322/298
f 280/330/306 274/325/301 272/323/299
f 280/330/306 278/332/308 274/325/301
f 278/332/308 284/328/304 274/325/301
f 280/330/306 279/331/307 278/332/308
f 273/324/300 285/329/305 281/333/309
f 269/320/296 268/319/295 271/322/298
f 282/334/310 271/322/298 268/319/295
f 282/334/310 279/331/307 271/322/298
f 279/331/307 282/334/310 283/335/311
f 279/331/307 283/335/311 278/332/308
f 283/335/311 284/328/304 278/332/308
f 285/329/305 357/336/312 281/333/309
f 287/337/313 302/338/314 286/339/315
f 289/340/316 287/337/313 288/341/317
f 288/341/317 287/337/313 286/339/315
f 288/341/317 286/339/315 285/329/305
f 286/339/315 357/336/312 285/329/305
f 285/329/305 284/328/304 288/341/317
f 288/341/317 284/328/304 289/340/316
f 283/335/311 289/340/316 284/328/304
f 289/340/316 290/342/318 287/337/313
f 291/343/319 287/337/313 290/342/318
f 302/338/314 287/337/313 292/344/320
f 291/343/319 292/344/320 287/337/313
f 293/345/321 292/344/320 291/343/319
f 291/343/319 294/346/322 293/345/321
f 293/345/321 294/346/322 831/347/323
f 293/345/321 831/347/323 295/348/324
f 831/347/323 304/349/325 295/348/324
f 296/350/326 295/348/324 304/349/325
f 304/349/325 305/351/327 296/350/326
f 296/350/326 305/351/327 298/352/328
f 298/352/328 305/351/327 297/353/329
f 302/338/314 292/344/320 301/354/330
f 293/345/321 301/354/330 292/344/320
f 293/345/321 300/355/331 301/354/330
f 295/348/324 300/355/331 293/345/321
f 295/348/324 299/356/332 300/355/331
f 299/356/332 295/348/324 296/350/326
f 299/356/332 296/350/326 298/352/328
f 831/347/323 303/357/333 304/349/325
f 304/349/325 303/357/333 609/358/334
f 306/359/335 307/360/336 308/361/337
f 309/362/338 306/359/335 308/361/337
f 309/362/338 308/361/337 310/363/339
f 308/361/337 311/364/340 312/365/341
f 308/361/337 312/365/341 313/366/342
f 313/366/342 310/363/339 308/361/337
f 313/366/342 314/367/343 310/363/339
f 315/368/344 313/366/342 312/365/341
f 315/368/344 316/369/345 313/366/342
f 316/369/345 314/367/343 313/366/342
f 316/369/345 317/370/346 314/367/343
f 239/278/258 306/359/335 309/362/338
f 309/362/338 237/279/259 239/278/258
f 309/362/338 318/371/347 237/279/259
f 310/363/339 318/371/347 309/362/338
f 310/363/339 319/372/348 318/371/347
f 314/367/343 319/372/348 310/363/339
f 314/367/343 320/373/349 319/372/348
f 320/373/349 314/367/343 317/370/346
f 321/374/350 320/373/349 317/370/346
f 316/369/345 322/375/351 317/370/346
f 315/368/344 322/375/351 316/369/345
f 324/376/352 315/368/344 323/377/353
f 323/377/353 326/378/354 325/379/355
f 326/378/354 327/380/356 325/379/355
f 210/246/232 327/380/356 326/378/354
f 210/246/232 326/378/354 328/247/233
f 328/247/233 330/381/357 329/248/234
f 328/247/233 326/378/354 330/381/357
f 326/378/354 331/382/358 330/381/357
f 326/378/354 323/377/353 331/382/358
f 323/377/353 312/365/341 331/382/358
f 323/377/353 315/368/344 312/365/341
f 329/248/234 332/265/245 212/242/228
f 329/248/234 330/381/357 332/265/245
f 330/381/357 331/382/358 333/383/359
f 334/384/360 333/383/359 331/382/358
f 311/364/340 334/384/360 331/382/358
f 311/364/340 331/382/358 312/365/341
f 332/265/245 330/381/357 222/266/246
f 330/381/357 333/383/359 222/266/246
f 336/385/361 335/386/362 333/383/359
f 336/385/361 333/383/359 334/384/360
f 307/360/336 336/385/361 334/384/360
f 307/360/336 334/384/360 311/364/340
f 311/364/340 308/361/337 307/360/336
f 222/266/246 333/383/359 223/270/250
f 223/270/250 333/383/359 335/386/362
f 335/386/362 224/269/249 223/270/250
f 224/269/249 335/386/362 336/385/361
f 336/385/361 246/286/266 224/269/249
f 336/385/361 244/287/267 246/286/266
f 336/385/361 307/360/336 244/287/267
f 307/360/336 243/285/265 244/287/267
f 307/360/336 247/282/262 243/285/265
f 247/282/262 307/360/336 306/359/335
f 239/278/258 247/282/262 306/359/335
f 338/387/363 339/388/364 340/389/365
f 341/390/66 340/389/365 339/388/364
f 341/390/66 102/391/13 340/389/365
f 342/392/366 343/393/367 583/394/368
f 342/392/366 344/395/369 343/393/367
f 345/396/370 343/393/367 346/397/371
f 344/395/369 346/397/371 343/393/367
f 344/395/369 253/398/278 254/399/284
f 344/395/369 252/400/276 253/398/278
f 344/395/369 342/392/366 252/400/276
f 252/400/276 342/392/366 583/394/368
f 252/400/276 583/394/368 251/401/277
f 251/401/277 583/394/368 347/402/287
f 344/395/369 352/403/372 346/397/371
f 261/404/285 352/403/372 344/395/369
f 261/404/285 344/395/369 254/399/284
f 352/403/372 261/404/285 255/405/286
f 348/406/373 349/407/374 350/408/375
f 350/408/375 349/407/374 356/409/376
f 350/408/375 356/409/376 351/410/377
f 351/410/377 352/403/372 255/405/286
f 346/397/371 352/403/372 353/411/378
f 209/412/230 346/397/371 353/411/378
f 345/396/370 346/397/371 209/412/230
f 201/413/220 345/396/370 209/412/230
f 353/411/378 205/414/225 209/412/230
f 362/415/236 211/416/231 354/417/379
f 211/416/231 355/418/380 354/417/379
f 207/419/226 355/418/380 211/416/231
f 355/418/380 207/419/226 349/407/374
f 349/407/374 207/419/226 356/409/376
f 356/409/376 207/419/226 205/414/225
f 356/409/376 205/414/225 353/411/378
f 351/410/377 353/411/378 352/403/372
f 351/410/377 356/409/376 353/411/378
f 359/420/381 281/421/309 357/422/312
f 360/423/382 281/421/309 359/420/381
f 361/424/383 360/423/382 359/420/381
f 362/415/236 354/417/379 361/424/383
f 355/418/380 363/425/384 354/417/379
f 355/418/380 364/426/385 363/425/384
f 355/418/380 348/406/373 364/426/385
f 348/406/373 355/418/380 349/407/374
f 354/417/379 360/423/382 361/424/383
f 354/417/379 363/425/384 360/423/382
f 360/423/382 273/427/300 281/421/309
f 363/425/384 273/427/300 360/423/382
f 363/425/384 272/428/299 273/427/300
f 363/425/384 275/429/302 272/428/299
f 363/425/384 364/426/385 275/429/302
f 275/429/302 364/426/385 348/406/373
f 351/410/377 348/406/373 350/408/375
f 351/410/377 266/430/292 348/406/373
f 351/410/377 255/405/286 266/430/292
f 348/406/373 277/431/303 275/429/302
f 266/430/292 277/431/303 348/406/373
f 365/432/386 368/433/387 366/434/388
f 365/432/386 367/435/389 368/433/387
f 101/436/390 369/437/391 847/438/392
f 101/436/390 367/435/389 369/437/391
f 101/436/390 368/433/387 367/435/389
f 101/436/390 370/439/393 368/433/387
f 373/440/394 374/441/395 368/442/387
f 374/441/395 637/443/396 375/444/273
f 372/445/397 375/444/273 637/443/396
f 375/444/273 372/445/397 389/446/274
f 371/447/398 389/446/274 372/445/397
f 376/448/399 389/446/274 371/447/398
f 376/448/399 377/449/400 389/446/274
f 366/450/388 368/442/387 374/441/395
f 366/450/388 374/441/395 375/444/273
f 374/441/395 373/440/394 640/451/401
f 106/452/122 640/451/401 373/440/394
f 373/440/394 104/453/119 106/452/122
f 417/454/402 379/455/403 378/456/404
f 417/454/402 380/457/405 379/455/403
f 381/458/406 380/457/405 417/454/402
f 381/458/406 382/459/407 380/457/405
f 382/459/407 379/455/403 380/457/405
f 382/459/407 105/460/120 379/455/403
f 379/455/403 105/460/120 104/453/119
f 373/440/394 379/455/403 104/453/119
f 370/461/393 379/455/403 373/440/394
f 368/442/387 370/461/393 373/440/394
f 370/461/393 378/456/404 379/455/403
f 383/462/408 384/463/409 385/464/410
f 386/465/411 383/466/408 387/467/412
f 377/468/400 388/469/413 389/470/274
f 387/471/412 383/472/408 385/473/410
f 387/471/412 385/473/410 393/474/414
f 387/471/412 393/474/414 390/475/415
f 387/471/412 390/475/415 388/476/413
f 390/475/415 389/477/274 388/476/413
f 390/475/415 391/478/272 389/477/274
f 411/49/49 415/479/416 37/50/50
f 415/479/416 392/480/223 37/50/50
f 415/479/416 114/481/129 392/480/223
f 37/50/50 392/480/223 203/53/53
f 393/482/414 384/483/409 394/484/417
f 385/485/410 384/483/409 393/482/414
f 393/482/414 365/486/386 390/487/415
f 365/486/386 391/488/272 390/487/415
f 391/488/272 365/486/386 366/489/388
f 375/490/273 391/488/272 366/489/388
f 393/491/414 394/492/417 396/493/418
f 396/493/418 394/492/417 395/494/419
f 396/493/418 395/494/419 100/495/420
f 100/495/420 395/494/419 416/496/421
f 397/497/422 846/498/423 100/495/420
f 846/498/423 398/499/424 100/495/420
f 398/499/424 396/493/418 100/495/420
f 403/500/425 383/501/408 386/502/411
f 399/503/426 383/501/408 403/500/425
f 400/504/427 383/501/408 399/503/426
f 383/501/408 400/504/427 401/505/428
f 402/506/429 383/501/408 401/505/428
f 405/507/430 404/508/431 402/506/429
f 405/507/430 407/509/432 404/508/431
f 405/507/430 406/510/433 407/509/432
f 406/510/433 408/511/434 407/509/432
f 408/511/434 409/512/435 407/509/432
f 409/512/435 395/513/419 394/514/417
f 409/512/435 394/514/417 404/508/431
f 394/514/417 384/515/409 404/508/431
f 383/501/408 404/508/431 384/515/409
f 404/508/431 383/501/408 402/506/429
f 404/508/431 407/509/432 409/512/435
f 410/516/55 415/517/416 411/518/49
f 410/516/55 413/519/436 415/517/416
f 413/519/436 410/516/55 412/520/437
f 415/517/416 408/511/434 406/510/433
f 415/517/416 414/521/438 408/511/434
f 415/517/416 413/519/436 414/521/438
f 113/522/128 114/523/129 415/517/416
f 113/522/128 415/517/416 406/510/433
f 405/507/430 113/522/128 406/510/433
f 395/513/419 409/512/435 408/511/434
f 408/511/434 416/524/421 395/513/419
f 414/521/438 416/524/421 408/511/434
f 416/524/421 414/521/438 428/525/439
f 413/519/436 428/525/439 414/521/438
f 428/525/439 413/519/436 412/520/437
f 410/516/55 44/526/58 412/520/437
f 418/527/440 419/528/441 420/529/442
f 419/528/441 422/530/443 421/531/444
f 423/532/445 421/531/444 422/530/443
f 381/533/406 423/532/445 422/530/443
f 417/534/402 423/532/445 381/533/406
f 416/535/421 428/536/439 424/537/446
f 341/538/66 50/539/65 51/540/18
f 341/538/66 425/541/447 50/539/65
f 426/542/60 50/539/65 425/541/447
f 426/542/60 427/543/448 45/544/59
f 412/545/437 45/544/59 427/543/448
f 412/545/437 44/546/58 45/544/59
f 339/547/364 418/548/440 341/549/66
f 418/548/440 425/550/447 341/549/66
f 418/548/440 420/551/442 425/550/447
f 420/551/442 426/552/60 425/550/447
f 420/551/442 419/553/441 426/552/60
f 426/552/60 419/553/441 421/554/444
f 426/552/60 421/554/444 427/555/448
f 427/555/448 421/554/444 423/556/445
f 423/556/445 412/557/437 427/555/448
f 417/558/402 412/557/437 423/556/445
f 417/558/402 428/559/439 412/557/437
f 417/558/402 424/560/446 428/559/439
f 424/560/446 417/558/402 378/561/404
f 378/561/404 416/562/421 424/560/446
f 378/561/404 370/563/393 416/562/421
f 370/563/393 100/564/420 416/562/421
f 370/563/393 101/565/390 100/564/420
f 122/566/140 430/567/449 429/568/450
f 122/566/140 429/568/450 431/569/138
f 429/568/450 432/570/139 431/569/138
f 429/568/450 433/571/451 432/570/139
f 433/571/451 429/568/450 434/572/452
f 434/572/452 429/568/450 430/567/449
f 434/572/452 430/567/449 435/573/453
f 433/571/451 436/574/144 432/570/139
f 433/571/451 437/575/454 436/574/144
f 438/576/455 437/575/454 433/571/451
f 438/576/455 433/571/451 434/572/452
f 434/572/452 435/573/453 439/577/456
f 434/572/452 439/577/456 458/578/457
f 458/578/457 438/576/455 434/572/452
f 458/578/457 453/579/458 438/576/455
f 453/579/458 440/580/459 438/576/455
f 438/576/455 440/580/459 437/575/454
f 441/581/460 437/575/454 440/580/459
f 441/581/460 442/582/141 437/575/454
f 442/582/141 436/574/144 437/575/454
f 128/583/142 442/582/141 443/584/149
f 443/584/149 444/585/461 124/586/151
f 125/587/152 124/586/151 444/585/461
f 125/587/152 444/585/461 445/588/462
f 443/584/149 446/589/463 444/585/461
f 442/582/141 446/589/463 443/584/149
f 440/580/459 448/590/464 447/591/465
f 448/590/464 449/592/466 447/591/465
f 450/593/467 449/592/466 448/590/464
f 451/594/468 450/593/467 448/590/464
f 450/593/467 451/594/468 452/595/108
f 451/594/468 448/590/464 453/579/458
f 454/596/469 440/580/459 447/591/465
f 455/597/470 446/589/463 442/582/141
f 444/585/461 446/589/463 455/597/470
f 456/598/471 452/595/108 451/594/468
f 457/599/472 456/598/471 451/594/468
f 457/599/472 451/594/468 453/579/458
f 457/599/472 453/579/458 458/578/457
f 453/579/458 448/590/464 440/580/459
f 454/596/469 459/600/473 440/580/459
f 441/581/460 440/580/459 459/600/473
f 461/601/474 82/602/101 460/603/475
f 461/601/474 86/604/103 82/602/101
f 88/605/105 86/604/103 461/601/474
f 88/605/105 461/601/474 452/595/108
f 439/577/456 457/599/472 458/578/457
f 463/606/476 464/607/477 462/608/478
f 449/592/466 464/607/477 463/606/476
f 449/592/466 465/609/479 464/607/477
f 465/609/479 461/601/474 460/603/475
f 465/609/479 460/603/475 464/607/477
f 464/607/477 460/603/475 462/608/478
f 466/610/480 462/608/478 460/603/475
f 466/610/480 467/611/481 462/608/478
f 468/612/482 462/608/478 467/611/481
f 468/612/482 469/613/483 462/608/478
f 462/608/478 469/613/483 454/596/469
f 462/608/478 454/596/469 463/606/476
f 454/596/469 449/592/466 463/606/476
f 449/592/466 454/596/469 447/591/465
f 450/593/467 465/609/479 449/592/466
f 461/601/474 465/609/479 450/593/467
f 450/593/467 452/595/108 461/601/474
f 455/597/470 442/582/141 441/581/460
f 455/597/470 441/581/460 459/600/473
f 455/597/470 459/600/473 470/614/484
f 454/596/469 470/614/484 459/600/473
f 454/596/469 471/615/485 470/614/484
f 454/596/469 469/613/483 471/615/485
f 469/613/483 473/616/486 471/615/485
f 469/613/483 468/612/482 473/616/486
f 467/611/481 472/617/487 468/612/482
f 472/617/487 467/611/481 466/610/480
f 472/617/487 466/610/480 83/618/99
f 83/618/99 466/610/480 460/603/475
f 83/618/99 460/603/475 82/602/101
f 473/616/486 474/619/488 471/615/485
f 471/615/485 474/619/488 475/620/489
f 476/621/490 471/615/485 475/620/489
f 477/622/491 476/621/490 475/620/489
f 477/622/491 480/623/492 476/621/490
f 478/624/493 480/623/492 477/622/491
f 491/625/494 480/623/492 481/626/495
f 481/626/495 480/623/492 478/624/493
f 481/626/495 478/624/493 479/627/496
f 479/627/496 482/628/497 481/626/495
f 482/628/497 479/627/496 73/629/90
f 482/628/497 73/629/90 483/630/498
f 483/630/498 73/629/90 484/631/499
f 484/631/499 485/632/500 483/630/498
f 511/633/501 494/634/502 485/632/500
f 511/633/501 486/635/503 494/634/502
f 489/636/504 487/637/505 486/635/503
f 487/637/505 488/638/506 486/635/503
f 484/631/499 511/633/501 485/632/500
f 482/628/497 491/625/494 481/626/495
f 490/639/507 491/625/494 482/628/497
f 491/625/494 444/585/461 492/640/508
f 444/585/461 491/625/494 445/588/462
f 491/625/494 498/641/509 445/588/462
f 491/625/494 490/639/507 498/641/509
f 490/639/507 482/628/497 483/630/498
f 493/642/510 483/630/498 485/632/500
f 494/634/502 493/642/510 485/632/500
f 494/634/502 486/635/503 488/638/506
f 495/643/511 494/634/502 488/638/506
f 483/630/498 496/644/512 490/639/507
f 483/630/498 493/642/510 496/644/512
f 493/642/510 494/634/502 496/644/512
f 495/643/511 496/644/512 494/634/502
f 490/639/507 496/644/512 497/645/513
f 490/639/507 497/645/513 498/641/509
f 455/597/470 492/640/508 444/585/461
f 455/597/470 470/614/484 492/640/508
f 492/640/508 470/614/484 471/615/485
f 471/615/485 476/621/490 492/640/508
f 492/640/508 476/621/490 480/623/492
f 480/623/492 491/625/494 492/640/508
f 185/646/207 125/587/152 445/588/462
f 185/646/207 445/588/462 498/641/509
f 185/646/207 498/641/509 497/645/513
f 497/645/513 496/644/512 499/647/514
f 496/644/512 495/643/511 499/647/514
f 500/648/515 499/647/514 495/643/511
f 488/638/506 500/648/515 495/643/511
f 501/649/516 488/638/506 487/637/505
f 502/650/517 501/649/516 487/637/505
f 503/651/518 502/650/517 487/637/505
f 487/637/505 507/652/519 503/651/518
f 489/636/504 507/652/519 487/637/505
f 501/649/516 500/648/515 488/638/506
f 501/649/516 504/653/520 500/648/515
f 505/654/521 500/648/515 504/653/520
f 500/648/515 505/654/521 499/647/514
f 187/655/204 499/647/514 505/654/521
f 187/655/204 186/656/208 499/647/514
f 186/656/208 497/645/513 499/647/514
f 186/656/208 185/646/207 497/645/513
f 187/655/204 505/654/521 188/657/209
f 188/657/209 505/654/521 506/658/522
f 505/654/521 504/653/520 506/658/522
f 188/657/209 506/658/522 193/659/214
f 489/636/504 508/660/523 507/652/519
f 509/661/524 508/660/523 489/636/504
f 514/662/525 510/663/526 509/661/524
f 73/629/90 511/633/501 484/631/499
f 511/633/501 512/664/527 486/635/503
f 513/665/528 486/635/503 512/664/527
f 489/636/504 486/635/503 513/665/528
f 489/636/504 513/665/528 509/661/524
f 513/665/528 514/662/525 509/661/524
f 514/662/525 513/665/528 515/666/529
f 515/666/529 513/665/528 512/664/527
f 75/667/89 515/666/529 512/664/527
f 75/667/89 512/664/527 511/633/501
f 73/629/90 75/667/89 511/633/501
f 516/668/530 766/669/531 517/670/532
f 518/671/533 519/672/534 520/673/535
f 520/673/535 519/672/534 521/674/536
f 520/673/535 521/674/536 522/675/537
f 521/674/536 523/676/538 522/675/537
f 524/677/539 523/676/538 521/674/536
f 216/678/238 523/676/538 524/677/539
f 216/678/238 524/677/539 217/679/221
f 525/680/540 217/679/221 524/677/539
f 525/680/540 196/681/190 217/679/221
f 525/680/540 526/682/541 196/681/190
f 526/682/541 170/683/189 196/681/190
f 526/682/541 527/684/542 170/683/189
f 26/685/34 170/683/189 527/684/542
f 29/686/36 26/685/34 527/684/542
f 29/686/36 527/684/542 528/687/543
f 529/688/544 528/687/543 527/684/542
f 529/688/544 527/684/542 526/682/541
f 526/682/541 530/689/545 529/688/544
f 526/682/541 531/690/546 530/689/545
f 526/682/541 525/680/540 531/690/546
f 525/680/540 532/691/547 531/690/546
f 532/691/547 525/680/540 524/677/539
f 533/692/548 532/691/547 524/677/539
f 524/677/539 521/674/536 533/692/548
f 26/685/34 165/693/37 170/683/189
f 201/694/220 534/695/549 345/696/370
f 534/695/549 536/697/550 535/698/551
f 534/695/549 537/699/552 536/697/550
f 534/695/549 201/694/220 537/699/552
f 190/700/211 537/699/552 201/694/220
f 345/696/370 538/701/553 343/702/367
f 538/701/553 345/696/370 534/695/549
f 538/701/553 534/695/549 535/698/551
f 535/698/551 536/697/550 584/703/554
f 539/704/555 536/697/550 537/699/552
f 539/704/555 537/699/552 540/705/556
f 190/700/211 540/705/556 537/699/552
f 190/700/211 189/706/210 540/705/556
f 504/707/520 541/708/557 542/709/558
f 504/707/520 542/709/558 506/710/522
f 506/710/522 542/709/558 543/711/559
f 506/710/522 543/711/559 193/712/214
f 543/711/559 192/713/213 193/712/214
f 543/711/559 544/714/560 192/713/213
f 189/706/210 192/713/213 544/714/560
f 189/706/210 544/714/560 545/715/561
f 540/705/556 189/706/210 545/715/561
f 540/705/556 545/715/561 539/704/555
f 501/716/516 546/717/562 504/707/520
f 546/717/562 541/708/557 504/707/520
f 546/717/562 547/718/563 541/708/557
f 549/719/564 550/720/565 548/721/566
f 552/722/567 549/719/564 553/723/568
f 552/722/567 553/723/568 551/724/569
f 553/723/568 549/719/564 548/721/566
f 553/723/568 548/721/566 554/725/570
f 547/718/563 554/725/570 548/721/566
f 547/718/563 546/717/562 554/725/570
f 501/716/516 554/725/570 546/717/562
f 501/716/516 502/726/517 554/725/570
f 553/723/568 554/725/570 502/726/517
f 502/726/517 551/724/569 553/723/568
f 555/727/571 574/728/572 557/729/573
f 556/730/574 555/727/571 557/729/573
f 556/730/574 557/729/573 720/731/575
f 557/729/573 558/732/576 720/731/575
f 559/733/577 519/734/534 558/732/576
f 557/729/573 559/733/577 558/732/576
f 557/729/573 574/728/572 559/733/577
f 573/735/578 574/728/572 555/727/571
f 568/736/579 555/727/571 556/730/574
f 568/736/579 556/730/574 560/737/580
f 568/736/579 560/737/580 561/738/581
f 568/736/579 561/738/581 562/739/582
f 563/740/583 562/739/582 561/738/581
f 564/741/584 562/739/582 563/740/583
f 565/742/585 564/741/584 563/740/583
f 565/742/585 566/743/586 564/741/584
f 566/743/586 569/744/587 570/745/588
f 570/745/588 564/741/584 566/743/586
f 564/741/584 570/745/588 567/746/589
f 564/741/584 567/746/589 562/739/582
f 568/736/579 562/739/582 567/746/589
f 555/727/571 568/736/579 573/735/578
f 566/743/586 565/742/585 68/747/85
f 566/743/586 68/747/85 19/748/29
f 19/748/29 569/744/587 566/743/586
f 27/749/35 569/744/587 19/748/29
f 570/745/588 571/750/590 567/746/589
f 567/746/589 571/750/590 572/751/591
f 568/736/579 567/746/589 572/751/591
f 572/751/591 573/735/578 568/736/579
f 574/728/572 573/735/578 575/752/592
f 573/735/578 572/751/591 575/752/592
f 571/750/590 575/752/592 572/751/591
f 531/753/546 571/750/590 570/745/588
f 530/754/545 531/753/546 570/745/588
f 529/755/544 530/754/545 570/745/588
f 529/755/544 570/745/588 569/744/587
f 528/756/543 529/755/544 569/744/587
f 528/756/543 569/744/587 27/749/35
f 528/756/543 27/749/35 29/757/36
f 532/758/547 571/750/590 531/753/546
f 571/750/590 532/758/547 575/752/592
f 533/759/548 575/752/592 532/758/547
f 575/752/592 533/759/548 521/760/536
f 521/760/536 574/728/572 575/752/592
f 521/760/536 559/733/577 574/728/572
f 521/760/536 519/734/534 559/733/577
f 539/761/555 545/762/561 578/763/593
f 543/764/559 576/765/594 577/766/595
f 543/764/559 577/766/595 544/767/560
f 577/766/595 545/762/561 544/767/560
f 577/766/595 578/763/593 545/762/561
f 578/763/593 579/768/596 580/769/597
f 582/770/598 578/763/593 580/769/597
f 582/770/598 580/769/597 581/771/599
f 583/772/368 582/770/598 581/771/599
f 583/772/368 584/773/554 582/770/598
f 579/768/596 578/763/593 577/766/595
f 579/768/596 577/766/595 585/774/600
f 577/766/595 586/775/601 585/774/600
f 577/766/595 576/765/594 586/775/601
f 578/763/593 582/770/598 539/761/555
f 582/770/598 536/776/550 539/761/555
f 582/770/598 584/773/554 536/776/550
f 538/777/553 584/773/554 583/772/368
f 538/777/553 583/772/368 343/778/367
f 583/772/368 581/771/599 587/779/602
f 580/769/597 587/779/602 581/771/599
f 538/777/553 535/780/551 584/773/554
f 587/779/602 347/781/287 583/772/368
f 262/782/288 347/781/287 563/783/583
f 563/783/583 347/781/287 587/779/602
f 587/779/602 565/784/585 563/783/583
f 587/779/602 588/785/603 565/784/585
f 588/785/603 590/786/604 565/784/585
f 589/787/605 590/786/604 588/785/603
f 591/788/606 590/786/604 589/787/605
f 66/789/77 590/786/604 591/788/606
f 595/790/607 66/789/77 591/788/606
f 593/791/608 595/790/607 591/788/606
f 593/791/608 591/788/606 592/792/609
f 591/788/606 589/787/605 592/792/609
f 66/789/77 68/793/85 590/786/604
f 565/784/585 590/786/604 68/793/85
f 563/783/583 561/794/581 262/782/288
f 587/779/602 580/769/597 588/785/603
f 588/785/603 580/769/597 579/768/596
f 588/785/603 579/768/596 589/787/605
f 589/787/605 579/768/596 585/774/600
f 589/787/605 585/774/600 592/792/609
f 592/792/609 585/774/600 586/775/601
f 592/792/609 586/775/601 593/791/608
f 595/790/607 593/791/608 594/795/610
f 595/790/607 594/795/610 603/796/611
f 595/790/607 60/797/78 66/789/77
f 603/796/611 60/797/78 595/790/607
f 603/796/611 80/798/96 60/797/78
f 598/799/612 597/800/613 599/801/614
f 599/801/614 547/802/563 598/799/612
f 599/801/614 541/803/557 547/802/563
f 576/765/594 541/803/557 599/801/614
f 600/804/615 576/765/594 599/801/614
f 600/804/615 601/805/616 576/765/594
f 594/795/610 601/805/616 600/804/615
f 594/795/610 593/791/608 601/805/616
f 593/791/608 586/775/601 601/805/616
f 576/765/594 601/805/616 586/775/601
f 543/764/559 542/806/558 576/765/594
f 576/765/594 542/806/558 541/803/557
f 598/799/612 547/802/563 548/807/566
f 594/795/610 602/808/617 603/796/611
f 602/808/617 594/795/610 600/804/615
f 599/801/614 597/800/613 600/804/615
f 602/808/617 600/804/615 597/800/613
f 596/809/618 602/808/617 597/800/613
f 604/810/619 602/808/617 596/809/618
f 602/808/617 604/810/619 603/796/611
f 80/798/96 603/796/611 81/811/97
f 604/810/619 81/811/97 603/796/611
f 604/810/619 596/809/618 605/812/620
f 596/809/618 597/800/613 606/813/621
f 598/799/612 606/813/621 597/800/613
f 598/799/612 548/807/566 550/814/565
f 552/815/567 813/816/622 550/814/565
f 550/814/565 813/816/622 607/817/623
f 607/817/623 598/799/612 550/814/565
f 607/817/623 606/813/621 598/799/612
f 606/813/621 607/817/623 608/818/624
f 606/813/621 608/818/624 596/809/618
f 596/809/618 608/818/624 609/819/334
f 605/812/620 596/809/618 609/819/334
f 609/819/334 303/820/333 605/812/620
f 552/815/567 550/814/565 549/821/564
f 610/822/625 337/823/626 338/824/363
f 610/822/625 338/824/363 340/825/365
f 340/825/365 7/826/12 610/822/625
f 340/825/365 102/827/13 7/826/12
f 611/828/627 612/829/628 613/830/629
f 613/830/629 747/831/630 611/828/627
f 614/832/631 92/833/110 616/834/632
f 615/835/633 616/834/632 92/833/110
f 618/836/634 616/834/632 617/837/635
f 619/838/636 618/836/634 617/837/635
f 619/838/636 625/839/637 618/836/634
f 621/840/638 619/838/636 620/841/639
f 620/841/639 622/842/640 621/840/638
f 623/843/641 621/840/638 622/842/640
f 747/831/630 623/843/641 622/842/640
f 613/830/629 623/843/641 747/831/630
f 613/830/629 624/844/642 623/843/641
f 625/839/637 619/838/636 626/845/643
f 621/840/638 626/845/643 619/838/636
f 623/843/641 626/845/643 621/840/638
f 625/839/637 626/845/643 627/846/644
f 624/844/642 626/845/643 623/843/641
f 624/844/642 628/847/645 626/845/643
f 628/847/645 627/846/644 626/845/643
f 628/847/645 321/848/350 627/846/644
f 620/841/639 619/838/636 617/837/635
f 616/834/632 620/841/639 617/837/635
f 616/834/632 615/835/633 620/841/639
f 318/849/347 319/850/348 636/851/646
f 319/850/348 629/852/647 636/851/646
f 319/850/348 320/853/349 629/852/647
f 320/853/349 628/847/645 629/852/647
f 320/853/349 321/848/350 628/847/645
f 613/830/629 612/829/628 630/854/648
f 631/855/649 613/830/629 630/854/648
f 630/854/648 633/856/650 631/855/649
f 633/856/650 632/857/651 631/855/649
f 624/844/642 613/830/629 631/855/649
f 624/844/642 631/855/649 634/858/652
f 635/859/653 634/858/652 631/855/649
f 624/844/642 629/852/647 628/847/645
f 624/844/642 634/858/652 629/852/647
f 634/858/652 636/851/646 629/852/647
f 634/858/652 635/859/653 636/851/646
f 632/857/651 371/860/398 631/855/649
f 372/861/397 631/855/649 371/860/398
f 635/859/653 631/855/649 372/861/397
f 637/862/396 635/859/653 372/861/397
f 635/859/653 637/862/396 636/851/646
f 637/862/396 638/863/654 636/851/646
f 318/849/347 636/851/646 638/863/654
f 638/863/654 237/864/259 318/849/347
f 638/863/654 639/865/655 237/864/259
f 639/865/655 640/866/401 641/867/656
f 640/866/401 106/868/122 641/867/656
f 106/868/122 249/869/271 641/867/656
f 237/864/259 639/865/655 238/870/260
f 641/867/656 238/870/260 639/865/655
f 249/869/271 238/870/260 641/867/656
f 640/866/401 637/862/396 374/871/395
f 640/866/401 638/863/654 637/862/396
f 640/866/401 639/865/655 638/863/654
f 642/872/657 643/873/658 644/874/659
f 647/875/660 642/872/657 644/874/659
f 645/876/661 647/875/660 644/874/659
f 646/877/662 647/875/660 645/876/661
f 647/875/660 648/878/663 642/872/657
f 649/879/664 648/878/663 647/875/660
f 362/880/236 651/881/665 210/882/232
f 362/880/236 650/883/666 651/881/665
f 651/881/665 650/883/666 649/879/664
f 649/879/664 647/875/660 651/881/665
f 646/877/662 651/881/665 647/875/660
f 645/876/661 644/874/659 652/884/667
f 503/885/518 652/884/667 644/874/659
f 503/885/518 644/874/659 643/873/658
f 503/885/518 643/873/658 502/886/517
f 652/884/667 507/887/519 508/888/523
f 503/885/518 507/887/519 652/884/667
f 510/889/526 653/890/668 654/891/669
f 510/889/526 654/891/669 509/892/524
f 509/892/524 655/893/670 508/888/523
f 652/884/667 508/888/523 655/893/670
f 656/894/671 652/884/667 655/893/670
f 656/894/671 645/876/661 652/884/667
f 657/895/672 645/876/661 656/894/671
f 657/895/672 646/877/662 645/876/661
f 658/896/673 646/877/662 657/895/672
f 660/897/674 661/898/675 662/899/676
f 663/900/677 662/899/676 661/898/675
f 663/900/677 664/901/678 662/899/676
f 664/901/678 663/900/677 665/902/679
f 665/902/679 663/900/677 659/903/680
f 658/896/673 665/902/679 659/903/680
f 658/896/673 666/904/681 665/902/679
f 657/895/672 666/904/681 658/896/673
f 657/895/672 667/905/682 666/904/681
f 667/905/682 657/895/672 656/894/671
f 656/894/671 654/891/669 667/905/682
f 656/894/671 655/893/670 654/891/669
f 509/892/524 654/891/669 655/893/670
f 669/906/683 664/901/678 665/902/679
f 670/907/684 669/906/683 665/902/679
f 670/907/684 665/902/679 666/904/681
f 671/908/685 670/907/684 666/904/681
f 671/908/685 666/904/681 667/905/682
f 653/890/668 671/908/685 667/905/682
f 653/890/668 667/905/682 654/891/669
f 614/909/631 672/910/686 679/911/687
f 679/911/687 92/912/110 614/909/631
f 673/913/688 92/912/110 679/911/687
f 673/913/688 89/914/106 92/912/110
f 674/915/689 89/914/106 673/913/688
f 674/915/689 87/916/104 89/914/106
f 87/916/104 674/915/689 85/917/102
f 675/918/690 85/917/102 674/915/689
f 676/919/100 85/917/102 675/918/690
f 668/920/691 676/919/100 677/921/692
f 675/918/690 674/915/689 678/922/693
f 675/918/690 678/922/693 683/923/694
f 676/919/100 675/918/690 683/923/694
f 683/923/694 677/921/692 676/919/100
f 679/911/687 672/910/686 618/924/634
f 680/925/695 681/926/696 679/911/687
f 681/926/696 673/913/688 679/911/687
f 681/926/696 674/915/689 673/913/688
f 674/915/689 681/926/696 678/922/693
f 681/926/696 682/927/697 678/922/693
f 683/923/694 678/922/693 682/927/697
f 677/921/692 683/923/694 684/928/698
f 684/928/698 668/920/691 677/921/692
f 661/898/675 668/920/691 684/928/698
f 661/898/675 660/897/674 668/920/691
f 681/926/696 680/925/695 682/927/697
f 685/929/699 663/900/677 661/898/675
f 661/898/675 686/930/700 685/929/699
f 684/928/698 686/930/700 661/898/675
f 684/928/698 687/931/701 686/930/700
f 683/923/694 687/931/701 684/928/698
f 687/931/701 683/923/694 682/927/697
f 687/931/701 682/927/697 688/932/702
f 688/932/702 682/927/697 680/925/695
f 679/911/687 688/932/702 680/925/695
f 685/929/699 693/933/703 663/900/677
f 689/934/704 659/903/680 663/900/677
f 691/935/705 659/903/680 689/934/704
f 691/935/705 658/896/673 659/903/680
f 658/896/673 691/935/705 646/877/662
f 689/934/704 663/900/677 690/936/706
f 651/881/665 646/877/662 691/935/705
f 651/881/665 691/935/705 210/882/232
f 210/882/232 691/935/705 689/934/704
f 210/882/232 689/934/704 327/937/356
f 327/937/356 689/934/704 690/936/706
f 327/937/356 690/936/706 692/938/707
f 693/933/703 692/938/707 690/936/706
f 693/933/703 324/939/352 692/938/707
f 694/940/708 324/939/352 693/933/703
f 695/941/709 324/939/352 694/940/708
f 695/941/709 696/942/710 324/939/352
f 696/942/710 315/943/344 324/939/352
f 325/944/355 324/939/352 323/945/353
f 325/944/355 692/938/707 324/939/352
f 692/938/707 325/944/355 327/937/356
f 697/946/711 696/942/710 695/941/709
f 698/947/712 697/946/711 695/941/709
f 698/947/712 695/941/709 699/948/713
f 699/948/713 695/941/709 694/940/708
f 699/948/713 694/940/708 700/949/714
f 700/949/714 694/940/708 693/933/703
f 690/936/706 663/900/677 693/933/703
f 697/946/711 702/950/715 701/951/716
f 697/946/711 698/947/712 702/950/715
f 703/952/717 702/950/715 698/947/712
f 703/952/717 698/947/712 688/932/702
f 699/948/713 688/932/702 698/947/712
f 699/948/713 687/931/701 688/932/702
f 687/931/701 699/948/713 700/949/714
f 700/949/714 686/930/700 687/931/701
f 686/930/700 700/949/714 693/933/703
f 686/930/700 693/933/703 685/929/699
f 679/911/687 703/952/717 688/932/702
f 703/952/717 679/911/687 618/924/634
f 703/952/717 618/924/634 625/953/637
f 702/950/715 703/952/717 625/953/637
f 702/950/715 625/953/637 627/954/644
f 701/951/716 702/950/715 627/954/644
f 701/951/716 627/954/644 321/955/350
f 701/951/716 321/955/350 317/956/346
f 697/946/711 701/951/716 317/956/346
f 697/946/711 317/956/346 322/957/351
f 696/942/710 697/946/711 322/957/351
f 322/957/351 315/943/344 696/942/710
f 522/675/537 523/676/538 216/678/238
f 522/675/537 216/678/238 236/958/257
f 235/959/256 522/675/537 236/958/257
f 235/959/256 520/673/535 522/675/537
f 234/960/255 520/673/535 235/959/256
f 234/960/255 518/671/533 520/673/535
f 518/671/533 234/960/255 233/961/254
f 518/671/533 233/961/254 704/962/718
f 232/963/251 704/962/718 233/961/254
f 232/963/251 705/964/719 704/962/718
f 705/964/719 232/963/251 231/965/248
f 705/964/719 231/965/248 706/966/720
f 229/967/247 706/966/720 231/965/248
f 230/968/269 706/966/720 229/967/247
f 230/968/269 707/969/721 706/966/720
f 113/970/128 707/969/721 230/968/269
f 405/971/430 707/969/721 113/970/128
f 405/971/430 708/972/722 707/969/721
f 708/972/722 405/971/430 402/973/429
f 402/973/429 710/974/723 708/972/722
f 113/970/128 230/968/269 112/975/126
f 708/972/722 705/964/719 706/966/720
f 709/976/724 705/964/719 708/972/722
f 709/976/724 708/972/722 710/974/723
f 706/966/720 707/969/721 708/972/722
f 711/977/725 712/978/726 721/979/727
f 710/974/723 712/978/726 711/977/725
f 713/980/728 715/981/729 714/982/730
f 715/981/729 704/962/718 716/983/731
f 704/962/718 717/984/732 716/983/731
f 704/962/718 705/964/719 717/984/732
f 717/984/732 705/964/719 709/976/724
f 709/976/724 718/985/733 717/984/732
f 723/986/734 718/985/733 709/976/724
f 723/986/734 709/976/724 711/977/725
f 709/976/724 710/974/723 711/977/725
f 714/982/730 715/981/729 716/983/731
f 714/982/730 716/983/731 717/984/732
f 714/982/730 717/984/732 718/985/733
f 718/985/733 723/986/734 714/982/730
f 711/977/725 722/987/735 723/986/734
f 723/986/734 719/988/736 714/982/730
f 714/982/730 719/988/736 725/989/737
f 714/982/730 725/989/737 720/990/575
f 714/982/730 720/990/575 713/980/728
f 720/990/575 558/991/576 713/980/728
f 558/991/576 519/672/534 713/980/728
f 713/980/728 519/672/534 715/981/729
f 519/672/534 518/671/533 715/981/729
f 715/981/729 518/671/533 704/962/718
f 724/992/738 719/988/736 723/986/734
f 725/989/737 719/988/736 724/992/738
f 726/993/739 720/990/575 725/989/737
f 561/994/581 263/995/289 262/996/288
f 561/994/581 560/997/580 263/995/289
f 560/997/580 264/998/290 263/995/289
f 560/997/580 556/999/574 264/998/290
f 264/998/290 556/999/574 267/1000/294
f 267/1000/294 556/999/574 720/990/575
f 720/990/575 268/1001/295 267/1000/294
f 720/990/575 726/993/739 268/1001/295
f 726/993/739 282/1002/310 268/1001/295
f 724/992/738 726/993/739 725/989/737
f 724/992/738 727/1003/740 726/993/739
f 282/1002/310 726/993/739 283/1004/311
f 283/1004/311 726/993/739 727/1003/740
f 727/1003/740 289/1005/316 283/1004/311
f 730/1006/741 289/1005/316 727/1003/740
f 723/986/734 728/1007/742 724/992/738
f 722/987/735 728/1007/742 723/986/734
f 722/987/735 729/1008/743 728/1007/742
f 721/979/727 729/1008/743 722/987/735
f 721/979/727 731/1009/744 729/1008/743
f 729/1008/743 731/1009/744 732/1010/745
f 734/1011/746 729/1008/743 732/1010/745
f 734/1011/746 732/1010/745 733/1012/747
f 733/1012/747 794/1013/748 734/1011/746
f 793/1014/749 794/1013/748 795/1015/750
f 795/1015/750 794/1013/748 735/1016/751
f 733/1012/747 735/1016/751 794/1013/748
f 736/1017/752 735/1016/751 733/1012/747
f 732/1010/745 736/1017/752 733/1012/747
f 732/1010/745 731/1009/744 737/1018/753
f 721/979/727 737/1018/753 731/1009/744
f 711/977/725 721/979/727 722/987/735
f 732/1010/745 738/1019/754 736/1017/752
f 737/1018/753 738/1019/754 732/1010/745
f 401/1020/428 710/974/723 402/973/429
f 401/1020/428 712/978/726 710/974/723
f 712/978/726 401/1020/428 739/1021/755
f 739/1021/755 721/979/727 712/978/726
f 737/1018/753 721/979/727 740/1022/756
f 741/1023/757 737/1018/753 740/1022/756
f 738/1019/754 737/1018/753 741/1023/757
f 738/1019/754 741/1023/757 742/1024/758
f 400/1025/427 739/1021/755 401/1020/428
f 740/1022/756 739/1021/755 400/1025/427
f 740/1022/756 721/979/727 739/1021/755
f 399/1026/426 740/1022/756 400/1025/427
f 743/1027/759 740/1022/756 399/1026/426
f 744/1028/760 7/1029/12 8/1030/14
f 744/1028/760 610/1031/625 7/1029/12
f 337/1032/626 610/1031/625 744/1028/760
f 878/1033/761 615/1034/633 745/1035/762
f 878/1033/761 879/1036/763 615/1034/633
f 615/1034/633 879/1036/763 746/1037/764
f 615/1034/633 746/1037/764 517/1038/532
f 517/1038/532 766/1039/531 622/1040/640
f 622/1040/640 766/1039/531 747/1041/630
f 747/1041/630 766/1039/531 830/1042/765
f 749/1043/766 878/1033/761 745/1035/762
f 622/1040/640 620/1044/639 517/1038/532
f 620/1044/639 615/1034/633 517/1038/532
f 749/1043/766 745/1035/762 748/1045/767
f 876/1046/768 749/1043/766 748/1045/767
f 876/1046/768 748/1045/767 750/1047/769
f 752/1048/770 876/1046/768 750/1047/769
f 752/1048/770 750/1047/769 751/1049/771
f 751/1049/771 750/1047/769 748/1045/767
f 751/1049/771 748/1045/767 91/1050/109
f 748/1045/767 90/1051/107 91/1050/109
f 748/1045/767 92/1052/110 90/1051/107
f 748/1045/767 745/1035/762 92/1052/110
f 92/1052/110 745/1035/762 615/1034/633
f 71/81/81 72/88/88 753/1053/772
f 753/1053/772 754/82/82 71/81/81
f 753/1053/772 755/1054/773 754/82/82
f 479/1055/496 72/88/88 73/90/90
f 479/1055/496 753/1053/772 72/88/88
f 753/1053/772 479/1055/496 478/1056/493
f 753/1053/772 478/1056/493 755/1054/773
f 477/1057/491 755/1054/773 478/1056/493
f 755/1054/773 477/1057/491 756/1058/774
f 475/1059/489 756/1058/774 477/1057/491
f 757/83/83 65/80/80 754/82/82
f 757/83/83 754/82/82 755/1054/773
f 755/1054/773 758/1060/775 757/83/83
f 758/1060/775 755/1054/773 759/1061/776
f 756/1058/774 759/1061/776 755/1054/773
f 760/1062/777 756/1058/774 475/1059/489
f 760/1062/777 475/1059/489 474/1063/488
f 474/1063/488 761/1064/778 760/1062/777
f 761/1064/778 474/1063/488 473/1065/486
f 761/1064/778 824/1/1 3/3/3
f 762/71/71 757/83/83 758/1060/775
f 756/1058/774 760/1062/777 759/1061/776
f 759/1061/776 760/1062/777 761/1064/778
f 759/1061/776 761/1064/778 3/3/3
f 2/2/2 759/1061/776 3/3/3
f 2/2/2 4/6/6 759/1061/776
f 10/11/11 763/1066/779 6/9/9
f 54/67/67 58/69/69 64/75/75
f 757/83/83 54/67/67 64/75/75
f 757/83/83 762/71/71 54/67/67
f 762/71/71 758/1060/775 763/1066/779
f 4/6/6 763/1066/779 758/1060/775
f 759/1061/776 4/6/6 758/1060/775
f 4/6/6 6/9/9 763/1066/779
f 763/1066/779 10/11/11 11/16/16
f 11/16/16 762/71/71 763/1066/779
f 770/1067/780 765/1068/781 764/1069/782
f 767/1070/783 766/1071/531 516/1072/530
f 767/1070/783 768/1073/784 766/1071/531
f 769/1074/785 768/1073/784 767/1070/783
f 769/1074/785 767/1070/783 770/1075/780
f 764/1076/782 769/1074/785 770/1075/780
f 771/1077/786 515/1078/529 772/1079/787
f 771/1077/786 514/1080/525 515/1078/529
f 514/1080/525 771/1077/786 773/1081/788
f 774/1082/789 514/1080/525 773/1081/788
f 774/1082/789 510/1083/526 514/1080/525
f 774/1082/789 781/1084/790 510/1083/526
f 781/1084/790 653/1085/668 510/1083/526
f 75/1086/89 772/1079/787 515/1078/529
f 76/1087/92 772/1079/787 75/1086/89
f 76/1087/92 775/1088/791 772/1079/787
f 776/1089/792 772/1079/787 775/1088/791
f 776/1089/792 771/1077/786 772/1079/787
f 771/1077/786 776/1089/792 777/1090/793
f 771/1077/786 777/1090/793 778/1091/794
f 771/1077/786 778/1091/794 773/1081/788
f 779/1092/795 773/1081/788 778/1091/794
f 779/1092/795 774/1082/789 773/1081/788
f 774/1082/789 779/1092/795 781/1084/790
f 780/1093/796 781/1084/790 779/1092/795
f 782/1094/797 653/1085/668 781/1084/790
f 789/1095/798 783/1096/799 784/1097/800
f 785/1098/801 789/1095/798 784/1097/800
f 784/1097/800 786/1099/802 785/1098/801
f 786/1099/802 787/1100/803 785/1098/801
f 786/1099/802 788/1101/804 787/1100/803
f 788/1101/804 780/1093/796 787/1100/803
f 788/1101/804 782/1094/797 780/1093/796
f 780/1093/796 782/1094/797 781/1084/790
f 789/1095/798 785/1098/801 790/1102/805
f 789/1095/798 791/1103/806 783/1096/799
f 791/1103/806 792/1104/807 783/1096/799
f 788/1101/804 653/1085/668 782/1094/797
f 788/1101/804 671/1105/685 653/1085/668
f 671/1105/685 788/1101/804 786/1099/802
f 670/1106/684 671/1105/685 786/1099/802
f 670/1106/684 786/1099/802 784/1097/800
f 784/1097/800 669/1107/683 670/1106/684
f 784/1097/800 783/1096/799 669/1107/683
f 783/1096/799 792/1104/807 669/1107/683
f 664/1108/678 669/1107/683 792/1104/807
f 792/1104/807 662/1109/676 664/1108/678
f 792/1104/807 793/1014/749 662/1109/676
f 660/1110/674 662/1109/676 793/1014/749
f 794/1013/748 793/1014/749 792/1104/807
f 793/1014/749 795/1015/750 796/1111/808
f 668/1112/691 793/1014/749 796/1111/808
f 668/1112/691 660/1110/674 793/1014/749
f 795/1015/750 84/1113/98 796/1111/808
f 84/1113/98 668/1112/691 796/1111/808
f 84/1113/98 676/1114/100 668/1112/691
f 797/1115/809 734/1011/746 794/1013/748
f 794/1013/748 792/1104/807 797/1115/809
f 792/1104/807 798/1116/810 797/1115/809
f 791/1103/806 798/1116/810 792/1104/807
f 799/1117/811 791/1103/806 789/1095/798
f 789/1095/798 730/1006/741 799/1117/811
f 790/1102/805 730/1006/741 789/1095/798
f 790/1102/805 800/1118/812 730/1006/741
f 289/1005/316 730/1006/741 800/1118/812
f 289/1005/316 800/1118/812 290/1119/318
f 290/1119/318 800/1118/812 291/1120/319
f 799/1117/811 798/1116/810 791/1103/806
f 799/1117/811 730/1006/741 727/1003/740
f 801/1121/813 803/1122/814 734/1011/746
f 734/1011/746 797/1115/809 801/1121/813
f 801/1121/813 797/1115/809 798/1116/810
f 801/1121/813 798/1116/810 802/1123/815
f 799/1117/811 802/1123/815 798/1116/810
f 799/1117/811 727/1003/740 724/992/738
f 803/1122/814 801/1121/813 802/1123/815
f 799/1117/811 803/1122/814 802/1123/815
f 803/1122/814 799/1117/811 724/992/738
f 803/1122/814 724/992/738 728/1007/742
f 728/1007/742 734/1011/746 803/1122/814
f 728/1007/742 729/1008/743 734/1011/746
f 502/1124/517 643/1125/658 551/1126/569
f 362/415/236 361/424/383 650/1127/666
f 361/424/383 359/420/381 358/1128/816
f 358/1128/816 359/420/381 357/422/312
f 805/1129/817 804/1130/818 358/1128/816
f 804/1130/818 805/1129/817 806/1131/819
f 806/1131/819 805/1129/817 807/1132/820
f 806/1131/819 807/1132/820 808/1133/821
f 642/1134/657 806/1131/819 808/1133/821
f 809/1135/822 642/1134/657 808/1133/821
f 643/1125/658 642/1134/657 809/1135/822
f 643/1125/658 809/1135/822 810/1136/823
f 810/1136/823 551/1126/569 643/1125/658
f 810/1136/823 552/1137/567 551/1126/569
f 809/1135/822 808/1133/821 807/1132/820
f 810/1136/823 809/1135/822 807/1132/820
f 810/1136/823 807/1132/820 811/1138/824
f 649/1139/664 650/1127/666 361/424/383
f 361/424/383 812/1140/825 649/1139/664
f 358/1128/816 812/1140/825 361/424/383
f 358/1128/816 804/1130/818 812/1140/825
f 804/1130/818 806/1131/819 812/1140/825
f 812/1140/825 806/1131/819 648/1141/663
f 642/1134/657 648/1141/663 806/1131/819
f 812/1140/825 648/1141/663 649/1139/664
f 552/1137/567 810/1136/823 811/1138/824
f 552/1137/567 811/1138/824 813/1142/622
f 814/1143/826 607/1144/623 813/1142/622
f 608/1145/624 607/1144/623 814/1143/826
f 815/1146/827 608/1145/624 814/1143/826
f 815/1146/827 609/1147/334 608/1145/624
f 304/1148/325 609/1147/334 815/1146/827
f 815/1146/827 305/1149/327 304/1148/325
f 297/1150/329 815/1146/827 814/1143/826
f 297/1150/329 814/1143/826 813/1142/622
f 298/1151/328 297/1150/329 813/1142/622
f 813/1142/622 811/1138/824 298/1151/328
f 811/1138/824 299/1152/332 298/1151/328
f 299/1152/332 811/1138/824 807/1132/820
f 299/1152/332 807/1132/820 300/1153/331
f 807/1132/820 301/1154/330 300/1153/331
f 805/1129/817 301/1154/330 807/1132/820
f 805/1129/817 302/1155/314 301/1154/330
f 805/1129/817 358/1128/816 302/1155/314
f 302/1155/314 358/1128/816 357/422/312
f 357/422/312 286/1156/315 302/1155/314
f 305/1149/327 815/1146/827 297/1150/329
f 517/1157/532 746/1158/764 516/1159/530
f 746/1158/764 767/1160/783 516/1159/530
f 770/1161/780 767/1160/783 746/1158/764
f 770/1161/780 746/1158/764 816/1162/828
f 770/1161/780 816/1162/828 765/1163/781
f 816/1162/828 817/1164/829 765/1163/781
f 764/1165/782 736/1166/752 738/1167/754
f 764/1165/782 738/1167/754 742/1168/758
f 764/1165/782 742/1168/758 818/1169/830
f 865/1170/831 819/1171/832 820/1172/833
f 820/1172/833 821/1173/834 865/1170/831
f 821/1173/834 822/1174/835 863/1175/836
f 822/1174/835 862/1176/837 863/1175/836
f 822/1174/835 823/1177/838 862/1176/837
f 817/1178/829 862/1176/837 823/1177/838
f 817/1178/829 823/1177/838 829/1179/839
f 817/1178/829 829/1179/839 765/1180/781
f 764/1165/782 765/1180/781 829/1179/839
f 829/1179/839 735/1181/751 764/1165/782
f 735/1181/751 736/1166/752 764/1165/782
f 826/1182/840 822/1174/835 821/1173/834
f 824/1183/1 820/1172/833 819/1171/832
f 824/1183/1 825/1184/841 820/1172/833
f 825/1184/841 821/1173/834 820/1172/833
f 825/1184/841 826/1182/840 821/1173/834
f 827/1185/842 822/1174/835 826/1182/840
f 827/1185/842 823/1177/838 822/1174/835
f 827/1185/842 828/1186/843 823/1177/838
f 829/1179/839 823/1177/838 828/1186/843
f 795/1187/750 735/1181/751 829/1179/839
f 795/1187/750 829/1179/839 828/1186/843
f 795/1187/750 828/1186/843 827/1185/842
f 795/1187/750 827/1185/842 84/1188/98
f 84/1188/98 827/1185/842 83/1189/99
f 83/1189/99 827/1185/842 826/1182/840
f 825/1184/841 83/1189/99 826/1182/840
f 819/1171/832 1/1190/4 824/1183/1
f 819/1171/832 866/1191/844 1/1190/4
f 865/1170/831 866/1191/844 819/1171/832
f 766/1192/531 768/1193/784 830/1194/765
f 830/1194/765 768/1193/784 769/1195/785
f 830/1194/765 769/1195/785 818/1196/830
f 769/1195/785 764/1197/782 818/1196/830
f 831/1198/323 294/1199/322 837/1200/845
f 832/1201/846 837/1200/845 294/1199/322
f 834/1202/847 837/1200/845 832/1201/846
f 833/1203/848 834/1202/847 832/1201/846
f 833/1203/848 790/1204/805 785/1205/801
f 787/1206/803 833/1203/848 785/1205/801
f 787/1206/803 834/1202/847 833/1203/848
f 834/1202/847 787/1206/803 780/1207/796
f 780/1207/796 835/1208/849 834/1202/847
f 790/1204/805 833/1203/848 836/1209/850
f 833/1203/848 832/1201/846 836/1209/850
f 291/1210/319 832/1201/846 294/1199/322
f 836/1209/850 832/1201/846 291/1210/319
f 836/1209/850 291/1210/319 800/1211/812
f 836/1209/850 800/1211/812 790/1204/805
f 834/1202/847 835/1208/849 837/1200/845
f 835/1208/849 780/1207/796 779/1212/795
f 838/1213/851 835/1208/849 779/1212/795
f 779/1212/795 778/1214/794 838/1213/851
f 778/1214/794 777/1215/793 838/1213/851
f 837/1200/845 835/1208/849 839/1216/852
f 839/1216/852 835/1208/849 838/1213/851
f 838/1213/851 777/1215/793 840/1217/853
f 776/1218/792 840/1217/853 777/1215/793
f 776/1218/792 841/1219/854 840/1217/853
f 775/1220/791 841/1219/854 776/1218/792
f 842/1221/855 831/1198/323 837/1200/845
f 842/1221/855 837/1200/845 839/1216/852
f 842/1221/855 839/1216/852 838/1213/851
f 840/1217/853 842/1221/855 838/1213/851
f 840/1217/853 841/1219/854 843/1222/856
f 843/1222/856 844/1223/857 840/1217/853
f 844/1223/857 842/1221/855 840/1217/853
f 844/1223/857 845/1224/858 842/1221/855
f 842/1221/855 845/1224/858 831/1198/323
f 78/1225/94 775/1220/791 76/1226/92
f 78/1225/94 841/1219/854 775/1220/791
f 78/1225/94 79/1227/95 841/1219/854
f 79/1227/95 843/1222/856 841/1219/854
f 843/1222/856 79/1227/95 81/1228/97
f 843/1222/856 81/1228/97 604/1229/619
f 844/1223/857 843/1222/856 604/1229/619
f 844/1223/857 604/1229/619 605/1230/620
f 605/1230/620 845/1224/858 844/1223/857
f 605/1230/620 303/1231/333 845/1224/858
f 303/1231/333 831/1198/323 845/1224/858
f 846/1232/423 397/1233/422 847/1234/392
f 846/1232/423 847/1234/392 369/1235/391
f 616/834/632 672/1236/686 614/832/631
f 618/836/634 672/1236/686 616/834/632
f 367/1237/389 846/1238/423 369/1239/391
f 367/1237/389 398/1240/424 846/1238/423
f 367/1237/389 396/1241/418 398/1240/424
f 367/1237/389 365/1242/386 396/1241/418
f 365/1242/386 393/1243/414 396/1241/418
f 101/1244/390 847/1245/392 397/1246/422
f 101/1244/390 397/1246/422 100/1247/420
f 388/1248/413 851/1249/859 387/1250/412
f 388/1248/413 848/1251/860 851/1249/859
f 849/1252/136 99/1253/117 850/1254/861
f 852/1255/862 850/1254/861 851/1249/859
f 852/1255/862 851/1249/859 848/1251/860
f 849/1252/136 850/1254/861 852/1255/862
f 853/1256/863 830/1257/765 818/1258/830
f 853/1256/863 818/1258/830 854/1259/864
f 856/1260/865 853/1256/863 854/1259/864
f 856/1260/865 854/1259/864 855/1261/866
f 95/1262/115 856/1260/865 855/1261/866
f 95/1262/115 115/1263/131 856/1260/865
f 117/1264/133 115/1263/131 95/1262/115
f 117/1264/133 95/1262/115 93/1265/113
f 93/1265/113 120/1266/135 117/1264/133
f 93/1265/113 94/1267/112 120/1266/135
f 99/1253/117 120/1266/135 94/1267/112
f 99/1253/117 849/1252/136 120/1266/135
f 855/1261/866 857/1268/867 95/1262/115
f 855/1261/866 858/1269/868 857/1268/867
f 859/1270/869 856/1260/865 115/1263/131
f 859/1270/869 860/1271/870 856/1260/865
f 825/1272/841 472/1273/487 83/1274/99
f 825/1272/841 861/1275/871 472/1273/487
f 824/1/1 861/1275/871 825/1272/841
f 761/1064/778 861/1275/871 824/1/1
f 861/1275/871 761/1064/778 473/1065/486
f 861/1275/871 473/1065/486 468/1276/482
f 468/1276/482 472/1273/487 861/1275/871
f 862/1277/837 817/1278/829 816/1279/828
f 864/1280/872 821/1281/834 863/1282/836
f 865/1283/831 821/1281/834 864/1280/872
f 867/1284/5 1/1285/4 866/1286/844
f 870/1287/873 5/1288/10 869/1289/8
f 5/1288/10 870/1287/873 8/1290/14
f 870/1291/873 744/1292/760 8/1293/14
f 870/1291/873 871/1294/874 744/1292/760
f 871/1294/874 870/1291/873 869/1295/8
f 871/1294/874 869/1295/8 872/1296/875
f 868/1297/7 872/1296/875 869/1295/8
f 868/1297/7 873/1298/876 872/1296/875
f 868/1297/7 874/1299/877 873/1298/876
f 868/1297/7 867/1300/5 874/1299/877
f 867/1300/5 875/1301/878 874/1299/877
f 867/1300/5 866/1302/844 875/1301/878
f 876/1303/768 875/1301/878 866/1302/844
f 876/1303/768 866/1302/844 865/1304/831
f 877/1305/879 876/1303/768 865/1304/831
f 877/1305/879 865/1304/831 864/1306/872
f 878/1307/761 877/1305/879 864/1306/872
f 878/1307/761 864/1306/872 863/1308/836
f 879/1309/763 878/1307/761 863/1308/836
f 879/1309/763 863/1308/836 862/1310/837
f 816/1311/828 879/1309/763 862/1310/837
f 816/1311/828 746/1312/764 879/1309/763
f 161/1313/148 162/1314/183 880/1315/880
f 881/1316/881 880/1315/880 162/1314/183
f 881/1316/881 162/1314/183 163/1317/184
f 881/1316/881 163/1317/184 382/1318/407
f 382/1318/407 163/1317/184 144/1319/166
f 382/1318/407 144/1319/166 105/1320/120
f 160/1321/182 105/1320/120 144/1319/166
f 105/1320/120 160/1321/182 103/1322/118
f 382/1318/407 381/1323/406 422/1324/443
f 382/1318/407 422/1324/443 881/1316/881
f 881/1316/881 422/1324/443 880/1315/880
f 419/1325/441 880/1315/880 422/1324/443
f 880/1315/880 419/1325/441 882/1326/882
f 161/1313/148 880/1315/880 882/1326/882
f 161/1313/148 882/1326/882 121/1327/137
f 883/1328/883 121/1327/137 882/1326/882
f 883/1328/883 122/1329/140 121/1327/137
f 122/1329/140 883/1328/883 338/1330/363
f 122/1329/140 338/1330/363 337/1331/626
f 122/1329/140 337/1331/626 885/1332/884
f 339/1333/364 338/1330/363 883/1328/883
f 339/1333/364 883/1328/883 418/1334/440
f 882/1326/882 418/1334/440 883/1328/883
f 882/1326/882 419/1325/441 418/1334/440
f 744/1335/760 885/1332/884 337/1331/626
f 744/1335/760 884/1336/885 885/1332/884
f 884/1336/885 886/1337/886 885/1332/884
f 884/1336/885 872/1338/875 886/1337/886
f 887/1339/887 886/1337/886 872/1338/875
f 887/1339/887 872/1338/875 873/1340/876
f 888/1341/888 887/1339/887 873/1340/876
f 888/1341/888 873/1340/876 874/1342/877
f 751/1343/771 888/1341/888 874/1342/877
f 751/1343/771 874/1342/877 752/1344/770
f 452/1345/108 456/1346/471 91/1347/109
f 456/1346/471 457/1348/472 91/1347/109
f 751/1343/771 91/1347/109 457/1348/472
f 751/1343/771 457/1348/472 439/1349/456
f 888/1341/888 751/1343/771 439/1349/456
f 888/1341/888 439/1349/456 435/1350/453
f 888/1341/888 435/1350/453 887/1339/887
f 430/1351/449 887/1339/887 435/1350/453
f 430/1351/449 886/1337/886 887/1339/887
f 430/1351/449 885/1332/884 886/1337/886
f 885/1332/884 430/1351/449 122/1329/140
f 877/1352/879 749/1353/766 876/1354/768
f 877/1352/879 878/1355/761 749/1353/766
f 744/1356/760 871/1357/874 884/1358/885
f 871/1357/874 872/1359/875 884/1358/885
f 874/1360/877 875/1361/878 752/1362/770
f 876/1354/768 752/1362/770 875/1361/878
f 818/1363/830 742/1364/758 854/1365/864
f 855/1366/866 854/1365/864 742/1364/758
f 742/1364/758 741/1367/757 855/1366/866
f 858/1368/868 855/1366/866 741/1367/757
f 740/1369/756 858/1368/868 741/1367/757
f 740/1369/756 857/1370/867 858/1368/868
f 857/1370/867 740/1369/756 743/1371/759
f 857/1370/867 743/1371/759 95/1372/115
f 95/1372/115 743/1371/759 97/1373/116
f 97/1373/116 743/1371/759 399/1374/426
f 97/1373/116 399/1374/426 99/1375/117
f 399/1374/426 850/1376/861 99/1375/117
f 403/1377/425 850/1376/861 399/1374/426
f 403/1377/425 851/1378/859 850/1376/861
f 387/1379/412 851/1378/859 403/1377/425
f 387/1379/412 403/1377/425 386/1380/411
f 830/1381/765 853/1382/863 747/1383/630
f 853/1382/863 856/1384/865 747/1383/630
f 856/1384/865 611/1385/627 747/1383/630
f 612/1386/628 611/1385/627 856/1384/865
f 612/1386/628 856/1384/865 860/1387/870
f 630/1388/648 612/1386/628 860/1387/870
f 630/1388/648 860/1387/870 859/1389/869
f 859/1389/869 633/1390/650 630/1388/648
f 859/1389/869 115/1391/131 633/1390/650
f 633/1390/650 115/1391/131 116/1392/130
f 116/1392/130 632/1393/651 633/1390/650
f 849/1394/136 632/1393/651 116/1392/130
f 852/1395/862 632/1393/651 849/1394/136
f 852/1395/862 371/1396/398 632/1393/651
f 848/1397/860 371/1396/398 852/1395/862
f 848/1397/860 376/1398/399 371/1396/398
f 388/1399/413 376/1398/399 848/1397/860
f 388/1399/413 377/1400/400 376/1398/399
o respirator
v 3.204549 2.508806 -0.199050
v 3.321443 3.102882 -0.877436
v 3.260452 1.899902 -0.707953
v 3.408688 2.512009 -1.374453
v 3.281199 -0.144325 -1.516509
v 3.270611 0.361832 -2.283058
v 2.983457 -0.692997 -1.904952
v 3.015645 -0.188337 -2.673766
v -2.820558 -0.188324 -2.673759
v -3.075518 0.361847 -2.283048
v -2.788370 -0.692989 -1.904944
v -3.086107 -0.144318 -1.516500
v -3.213583 2.512016 -1.374442
v -3.126333 3.102890 -0.877427
v -3.065349 1.899910 -0.707943
v -3.009441 2.508820 -0.199040
v -3.959410 3.734519 -1.817313
v -4.086047 3.138185 -2.187229
v -3.484214 3.365524 -1.340415
v -3.581203 2.808746 -1.737697
v -3.271605 2.491592 -1.310417
v -3.198757 3.016273 -0.842537
v -3.284736 2.209450 -1.003224
v -3.164877 1.903877 -0.682053
v -3.314806 2.515015 -1.342685
v -3.227556 3.106308 -0.845631
v -3.214004 2.809631 -0.501087
v -3.108970 2.511986 -0.173650
v 3.140586 -0.494473 -2.300756
v 3.084680 -0.722471 -1.912802
v 3.376492 0.324296 -2.286556
v 3.429432 0.043658 -1.913295
v 3.113903 -0.221647 -2.676872
v 3.383269 -0.179702 -1.524910
v 2.751797 0.037125 1.073418
v 2.819138 0.032967 1.150020
v 2.705633 0.138527 1.167515
v 2.524363 -0.318130 1.562656
v 2.339283 0.032730 1.882897
v 2.448128 -0.415409 1.679922
v 2.434153 0.116348 1.734157
v 2.565869 -0.143089 1.496447
v 2.687422 0.075310 1.330066
v 2.569681 0.328079 1.566303
v 2.615846 0.452614 1.535372
v 2.549776 0.454826 1.456887
v 2.482012 0.573029 1.562333
v 2.548930 0.569328 1.638554
v 2.816599 0.912689 1.459572
v 2.748834 0.914551 1.380203
v 3.130431 0.365280 0.984472
v 3.063937 0.368423 0.905221
v 2.771280 0.138222 1.248305
v 2.603563 0.054802 1.262649
v 2.546387 -0.077110 1.381794
v 2.614151 -0.180542 1.286656
v 2.529022 -0.509911 1.402287
v 2.310481 -0.713139 1.775532
v 2.368929 -0.412212 1.809957
v 2.089401 -0.379604 2.089907
v 2.307095 -0.316811 1.909025
v 2.285919 -0.121292 1.947236
v 2.176649 0.135818 1.990764
v 2.377824 0.305573 1.734777
v 2.419330 0.187180 1.626761
v 2.486670 0.308632 1.501112
v 1.000512 -1.992081 3.403735
v 0.977642 -1.789467 3.488974
v 1.033548 -1.953609 3.433694
v 0.931900 -2.475487 3.182163
v 0.826020 -1.789665 3.491084
v 0.696423 -0.730465 4.010901
v 0.594777 -0.716518 4.016454
v 0.599012 -0.650253 4.049427
v 0.097556 -0.650253 4.049426
v 0.097556 -0.718281 4.017138
v -0.403053 -0.650253 4.049428
v -0.399241 -0.716518 4.016455
v -0.500464 -0.730461 4.010900
v -0.630914 -1.789661 3.491086
v -0.782536 -1.789463 3.488977
v -0.805407 -1.992077 3.403738
v -0.838442 -1.953606 3.433697
v -0.736797 -2.475483 3.182165
v -0.851997 -2.456974 3.188993
v -0.888844 -2.485973 3.176082
v -0.762634 -3.242191 2.832952
v -0.524189 -3.331001 2.800004
v -0.564848 -3.447365 2.743222
v -0.084568 -3.447365 2.743222
v 0.097549 -3.331005 2.800003
v 0.279665 -3.447365 2.743221
v 0.759945 -3.447365 2.743220
v 0.719287 -3.331002 2.800002
v 0.957733 -3.242195 2.832951
v 1.083946 -2.485976 3.176080
v 1.047099 -2.456978 3.188990
v 0.097546 -3.433334 1.118369
v 1.058953 -3.421453 1.118624
v 0.097548 -3.617424 2.354330
v 0.858626 -3.612201 2.316531
v 0.826439 -3.425037 2.635982
v 0.097548 -3.467976 2.617520
v 0.719287 -3.301388 2.692168
v 0.097549 -3.301383 2.692169
v 0.715475 -3.349106 2.834472
v 0.093314 -3.349102 2.834473
v -0.528424 -3.349102 2.834476
v -0.524189 -3.301384 2.692170
v -0.631342 -3.425034 2.635985
v -0.663531 -3.612198 2.316535
v -0.863860 -3.421448 1.118627
v 0.097545 -3.173031 0.091557
v 1.142387 -3.130188 0.101929
v 1.070811 -3.012599 0.109059
v 0.097545 -3.066231 0.104913
v -0.875720 -3.012596 0.109062
v -0.947296 -3.130184 0.101932
v 3.210893 1.031510 -4.567867
v 2.961859 0.732317 -4.286867
v 2.980494 1.073519 -4.562360
v 3.183363 0.688798 -4.317297
v 2.954658 0.206805 -3.349000
v 3.159221 0.156489 -3.366024
v 2.866565 -0.539060 -1.899964
v 3.045716 -0.606378 -1.921551
v 3.091882 -0.127639 -1.572377
v 3.259598 -0.150069 -1.568939
v 3.084689 1.994156 -0.710654
v 3.293064 1.981499 -0.675254
v 3.072832 2.482522 -0.241056
v 3.244360 2.474022 -0.213774
v 3.303656 3.696823 -1.549881
v 3.508642 3.718849 -1.489554
v 3.418432 4.520782 -2.490562
v 3.623420 4.555153 -2.475874
v 3.390056 4.646248 -3.015249
v 3.597161 4.699698 -3.031963
v 3.367609 4.466376 -3.435683
v 3.598854 4.502327 -3.465511
v 3.373960 4.004642 -3.837422
v 3.580641 4.036263 -3.877733
v 3.321862 2.804605 -4.336205
v 3.528966 2.788559 -4.378534
v 3.093578 1.507623 -4.730056
v 3.295177 1.491447 -4.719582
v 3.303645 0.046366 -2.992185
v 3.287128 0.257179 -2.278348
v 3.075787 -0.162373 -2.605416
v 3.466279 0.514107 -2.661901
v 3.766561 0.814209 -3.230293
v 3.644583 0.306583 -3.538772
v 3.365912 3.072320 -1.996434
v 3.489582 3.526772 -2.669119
v 3.494664 3.516655 -2.962284
v 3.484075 3.196869 -3.287287
v 3.434943 2.585289 -3.530164
v 3.287554 1.823663 -3.669198
v 3.193106 1.274019 -3.508590
v 3.165153 0.836550 -2.967889
v 2.369770 -2.037098 0.066402
v 2.461675 -2.080116 0.080683
v 2.418900 -1.917641 0.126450
v 2.390947 -1.925900 0.251587
v 2.512075 -1.956177 0.142851
v 2.611603 -1.937153 -0.298604
v 2.521392 -1.894180 -0.312464
v 2.792028 -1.274281 0.000947
v 2.882240 -1.316414 0.014885
v 2.625582 -1.414257 0.380086
v 2.716640 -1.456848 0.394408
v 2.660734 -1.590862 0.326196
v 2.568829 -1.550335 0.311258
v 2.609911 -1.669735 0.410300
v 2.515465 -1.631100 0.401989
v 2.487936 -1.681332 0.552991
v 2.522241 -1.753098 0.665829
v 2.556971 -1.555859 0.617003
v 2.500641 -1.758766 0.849909
v 2.486664 -1.961658 0.261016
v 2.404923 -2.066292 0.512011
v 2.341818 -2.187481 0.639387
v 2.447277 -1.847984 0.981113
v 2.313441 -2.211201 0.802641
v 2.369771 -2.026051 1.011310
v 2.493018 -1.556286 0.959380
v 2.293113 -1.919357 1.258604
v 2.324877 -2.150352 0.939324
v 2.136408 -2.349606 1.032625
v 2.198241 -2.350670 0.569307
v 2.328265 -2.132408 0.331452
v 2.364265 -1.995209 0.397408
v -2.373727 0.326820 1.566193
v -2.289445 0.307381 1.501002
v -2.355515 0.458023 1.454639
v -2.223798 0.185928 1.626650
v -2.239892 0.115517 1.734085
v -2.181445 0.303902 1.734627
v -2.145022 0.031471 1.882786
v -1.980269 0.134140 1.990613
v -2.092081 -0.122131 1.947164
v -1.894294 -0.380432 2.089835
v -2.253446 -0.414978 1.679969
v -2.329681 -0.318123 1.562664
v -2.371186 -0.143082 1.496455
v -2.491891 0.075745 1.330114
v -2.419044 0.450935 1.535223
v -2.286056 0.575386 1.560007
v -2.350432 0.566811 1.638326
v -2.633771 0.904991 1.478428
v -2.567701 0.912582 1.397040
v -2.955230 0.363869 1.004340
v -2.891277 0.371918 0.922570
v -2.559656 0.042427 1.071366
v -2.624032 0.033813 1.150107
v -2.575750 0.138657 1.248352
v -2.513068 0.143410 1.165424
v -2.406762 0.054810 1.262657
v -2.350433 -0.077103 1.381801
v -2.418198 -0.180107 1.286704
v -2.333493 -0.509483 1.402333
v -2.115377 -0.713127 1.775539
v -2.174670 -0.412205 1.809964
v -2.112834 -0.317215 1.908992
v -3.108556 0.046371 -2.992176
v -3.571469 0.814224 -3.230283
v -3.449495 0.306587 -3.538761
v -3.271189 0.514122 -2.661891
v -3.092037 0.257187 -2.278338
v -2.880698 -0.162369 -2.605407
v -3.313531 3.718863 -1.489545
v -3.097961 1.981514 -0.675246
v -3.049253 2.474037 -0.213767
v -3.383840 3.001167 -1.994975
v -3.428306 4.555168 -2.475863
v -3.491838 3.444335 -2.665307
v -3.402048 4.699717 -3.031952
v -3.519368 3.440544 -2.957883
v -3.403743 4.502344 -3.465501
v -3.385531 4.036275 -3.877722
v -3.529534 3.160934 -3.225546
v -3.333867 2.788574 -4.378525
v -3.461348 2.510612 -3.463527
v -3.321163 1.746658 -3.610615
v -3.031471 1.448929 -4.781435
v -3.221636 1.205086 -3.579921
v -2.984695 0.977417 -4.821910
v -2.988274 0.643768 -4.575535
v -2.964133 0.156502 -3.366014
v -3.158954 0.824509 -2.961771
v -2.850628 -0.606369 -1.921543
v -3.064508 -0.150063 -1.568929
v -1.353033 -3.081066 1.154176
v -1.450867 -2.857719 1.751781
v -1.865500 -2.435543 1.293025
v -1.605031 -2.907897 1.829198
v -1.216232 -2.884115 2.505189
v -1.117126 -2.852940 2.435359
v -0.960843 -2.493996 2.992854
v -1.065031 -2.501122 3.041958
v -2.185684 -1.233501 1.402919
v -2.601587 -0.473869 0.696148
v -2.550342 -1.110744 0.414333
v -2.438954 -1.109119 0.405977
v -2.059476 -1.995289 0.197487
v -2.162817 -2.020657 0.191294
v -1.831195 -2.292717 0.143821
v -1.985783 -2.330132 0.139059
v -0.778305 -3.197300 2.734623
v -0.932467 -2.448106 3.098366
v -2.361026 -1.555851 0.617010
v -2.319097 -1.631092 0.401997
v -2.291991 -1.681320 0.552998
v -2.297496 -1.556278 0.959387
v -2.136979 -1.858334 1.220059
v -2.102674 -1.907299 1.238891
v -1.941311 -2.349597 1.032632
v -2.002724 -2.350658 0.569313
v -2.132323 -2.132401 0.331458
v -2.168746 -1.995201 0.397415
v -2.194581 -1.925892 0.251594
v -2.222110 -1.917629 0.126457
v -2.371614 -1.550323 0.311265
v -2.591425 -1.274273 0.000955
v -2.428367 -1.414246 0.380094
v -2.323334 -1.894169 -0.312456
v -2.173829 -2.037090 0.066409
v -0.933736 -1.750820 3.220345
v -1.163287 -1.797405 3.336808
v -1.148039 -1.090076 3.054354
v -1.415709 -1.222645 3.230860
v -1.718954 -0.909222 2.944025
v -1.436885 -0.719975 2.716227
v -2.051423 -0.778019 2.508348
v -1.788413 -0.623936 2.265361
v -2.266576 -0.905632 2.070241
v -2.056506 -0.805813 1.811565
v -2.396600 -1.301590 1.585860
v -2.315284 -1.881939 1.331856
v -2.026440 -2.498683 1.390929
v -1.310248 0.133980 2.823031
v -0.596605 -0.761284 3.889779
v -0.852842 -1.767780 3.411454
v -1.658811 0.776718 2.161088
v -2.450388 -0.486488 0.731128
v -2.485115 0.002586 1.124652
v -2.379234 0.003769 1.143903
v -1.980693 0.506569 1.741604
v -1.500835 0.747475 2.118806
v -0.943049 1.051834 2.518083
v -0.995142 1.092781 2.553376
v -0.371285 1.752235 2.958097
v -0.664799 -3.092159 2.971138
v -0.660564 -3.045845 2.839339
v -0.736797 -2.449596 3.096102
v -0.399241 -0.675804 3.935601
v -0.447947 -0.566719 3.988302
v -0.717732 0.550774 3.166004
v -0.467849 1.786880 3.015347
v -0.145121 1.994766 3.089591
v -0.176885 2.021675 3.161434
v 0.098831 2.062706 3.177593
v -0.134533 1.636650 3.504550
v 0.098831 2.030441 3.117588
v -0.741032 -2.494040 3.217016
v -0.403053 -0.736076 4.052915
v -0.104463 1.242371 3.718771
v -0.323003 1.089859 3.693923
v -0.094723 0.727547 3.825201
v -0.399240 0.004486 3.623830
v -0.132418 -0.160202 3.807126
v 0.098407 1.671638 3.530781
v 0.098407 1.265617 3.747734
v 0.097982 0.677666 3.858409
v 0.097980 -0.213364 3.829818
v 0.097556 -0.547302 3.999043
v 0.097556 -0.677528 3.935865
v 0.093321 -0.737423 4.053638
v 0.864555 -1.986740 0.197004
v 0.098397 -1.846149 1.664419
v 1.417682 -1.677162 0.239038
v 0.574027 1.983574 2.666589
v 0.372853 2.197006 2.795372
v 0.573180 1.752235 2.958096
v 1.161457 1.053093 2.518198
v 1.163575 1.237175 2.281838
v 1.716277 0.750000 2.119036
v 1.666300 0.852310 1.966082
v 2.187661 0.508247 1.741754
v 2.148273 0.568626 1.614242
v 2.520975 0.072487 1.036304
v 1.490110 -0.011436 1.115258
v 1.650201 -0.690712 0.626593
v 1.668411 -1.203392 0.344867
v 2.195277 -1.904137 0.054547
v 1.961913 -2.199787 0.013809
v 1.021682 -2.893894 -0.005361
v 0.097971 -2.062885 0.178849
v 2.577728 0.004181 1.143935
v 2.565444 -0.425739 0.585779
v 2.586618 -1.043167 0.282382
v 2.649302 -0.486496 0.731121
v 2.637442 -1.109554 0.405931
v 2.255841 -1.995296 0.197480
v 2.027136 -2.292725 0.143816
v 0.097545 -2.982738 -0.005983
v -0.826167 -2.893890 -0.005358
v -0.669036 -1.986736 0.197006
v -1.766396 -2.199780 0.013814
v -1.221739 -1.677158 0.239042
v -1.998912 -1.904129 0.054553
v -1.471195 -1.203388 0.344872
v -2.387284 -1.043156 0.282389
v -1.451288 -0.690708 0.626598
v -2.364412 -0.425732 0.585787
v -2.318669 0.072075 1.036272
v -1.286957 -0.012695 1.115144
v 0.101791 0.133385 2.560100
v 0.986115 0.599106 1.647711
v 0.598589 1.212814 2.036686
v 0.266122 1.703049 2.221466
v 0.100523 1.743568 2.261397
v -0.064653 1.703049 2.221467
v -0.389499 1.211365 2.034000
v -0.755005 0.597847 1.647596
v -1.936222 0.566940 1.614091
v -1.444930 0.850197 1.965890
v -0.941778 1.235924 2.281723
v -0.371709 1.983574 2.666590
v -0.173921 2.197006 2.795373
v 0.098831 2.260567 2.834475
v 0.343629 1.994766 3.089591
v -2.945499 -0.494465 -2.300745
v -2.889593 -0.722458 -1.912794
v -2.918816 -0.221642 -2.676862
v -3.181402 0.324310 -2.286546
v -3.234342 0.043663 -1.913284
v -3.188179 -0.179688 -1.524899
v 2.921209 -0.916878 2.934797
v 2.478198 -0.748772 2.016370
v 2.228742 -0.633480 2.513728
v 3.173630 -1.030563 2.438441
v 2.597208 -1.085983 1.563411
v 3.308310 -1.363033 1.994005
v 2.582807 -1.571236 1.261270
v 3.301533 -1.847221 1.694091
v 2.431607 -2.112095 1.163227
v 3.152873 -2.388119 1.596469
v 2.169866 -2.602524 1.286391
v 2.891133 -2.878513 1.719212
v 1.846715 -2.945354 1.605793
v 2.568405 -3.221344 2.038613
v 1.526105 -3.073032 2.058391
v 2.247795 -3.349060 2.491631
v 0.608747 -3.444088 3.260341
v 0.277124 -3.468903 3.042795
v 0.695993 -3.468904 3.042794
v 0.283901 -3.444088 3.260339
v 0.981029 -2.519638 3.377542
v 0.942913 -2.088112 3.548767
v 1.002205 -2.567760 3.410062
v 0.940795 -2.069038 3.608819
v 0.838724 -2.661697 3.610161
v 0.836604 -3.297806 3.091917
v 0.731146 -3.330276 3.307950
v 0.281786 -2.674094 3.601774
v 0.730726 -2.091831 3.853406
v 0.908184 -1.941166 3.679009
v 0.352939 -2.397358 3.717742
v -0.082447 -2.674095 3.601777
v -0.041365 -2.756748 3.644268
v -0.157835 -2.397358 3.717744
v 0.153035 -2.156036 3.825731
v 0.097554 -1.698868 4.018486
v 0.045035 -2.156036 3.825733
v 0.646022 -1.698868 4.018486
v 0.678210 -1.748238 4.059824
v 0.825173 -1.609367 3.897941
v 0.917078 -1.918827 3.754255
v 0.787903 -1.561810 3.857711
v -0.592795 -1.561806 3.857713
v -0.630066 -1.609367 3.897944
v -0.450914 -1.698864 4.018486
v -0.306489 -1.088886 4.273975
v 0.501601 -1.088890 4.273977
v -0.212042 -1.022152 4.301888
v 0.407154 -1.022152 4.301888
v -0.641505 -3.297801 3.091920
v -0.807103 -2.567757 3.410066
v -0.785926 -2.519638 3.377545
v -0.747808 -2.088112 3.548769
v -0.745690 -2.069035 3.608822
v -0.713078 -1.941162 3.679013
v -0.721972 -1.918823 3.754257
v -0.483102 -1.748234 4.059824
v -0.547479 -2.083096 3.923981
v -0.535620 -2.091827 3.853408
v -0.643621 -2.661694 3.610164
v -0.536047 -3.330273 3.307955
v -0.500895 -3.468903 3.042796
v -0.082450 -3.468904 3.042796
v -0.413648 -3.444088 3.260342
v -0.179011 -2.359694 3.815685
v -0.036282 -2.179062 3.885688
v 0.240703 -2.756748 3.644268
v -0.037556 -3.496513 3.316282
v 0.232655 -3.496513 3.316282
v -0.035438 -3.530874 3.096143
v -0.088802 -3.444088 3.260342
v 0.231384 -3.530874 3.096142
v 0.374116 -2.359699 3.815684
v 0.742585 -2.083096 3.923979
v 0.231388 -2.179062 3.885687
v -2.463943 -1.590851 0.326204
v -2.315710 -1.956165 0.142858
v -2.290298 -1.961651 0.261023
v -2.413545 -1.937145 -0.298597
v -2.681636 -1.316402 0.014893
v -2.519848 -1.456837 0.394416
v -2.265311 -2.080109 0.080690
v -2.209404 -2.066284 0.512018
v -2.146299 -2.187469 0.639394
v -2.117923 -2.211195 0.802648
v -2.129781 -2.150345 0.939331
v -2.174251 -2.026043 1.011317
v -2.252179 -1.847973 0.981120
v -2.305120 -1.758755 0.849916
v -2.326297 -1.753086 0.665837
v -2.413543 -1.669724 0.410307
v -3.000551 -2.394760 2.028450
v -2.812082 -2.748416 2.117146
v -2.579143 -2.995764 2.347612
v -2.347897 -3.087879 2.674212
v -3.107703 -2.004498 2.099276
v -2.164509 -3.005980 3.032343
v -3.111514 -1.655396 2.315138
v -2.064555 -2.767282 3.351063
v -3.011984 -1.416275 2.633901
v -2.068366 -2.418182 3.566928
v -2.828596 -1.334797 2.991991
v -2.175517 -2.027920 3.637751
v -2.597350 -1.426910 3.318593
v -2.363986 -1.674259 3.549057
v -2.403797 -1.044769 3.385256
v -2.075564 -1.389252 3.704077
v -1.813401 -1.879646 3.826818
v -1.665591 -2.420502 3.728775
v -2.979372 -1.030125 2.438489
v -2.727372 -0.916443 2.934845
v -1.660087 -2.904305 3.429322
v -1.798158 -3.235794 2.987956
v -2.052699 -3.349051 2.491637
v -2.373309 -3.221336 2.038620
v -2.696037 -2.878502 1.719220
v -2.957776 -2.388103 1.596478
v -3.106433 -1.847210 1.694100
v -3.113207 -1.363022 1.994015
v 0.590542 -0.735661 4.052950
v 0.928088 -2.494045 3.217013
v 0.595200 -0.675804 3.935599
v 0.301276 1.242371 3.718770
v 0.291534 0.727966 3.825240
v 0.328379 -0.160202 3.807127
v 0.644330 -0.566723 3.988302
v 0.792564 -0.760868 3.889816
v 1.516371 0.136513 2.823261
v 0.923859 0.551613 3.166081
v 1.212281 1.093620 2.553452
v 0.669321 1.786873 3.015347
v 0.520663 1.090279 3.693961
v 0.332194 1.636650 3.504548
v 0.597742 0.004898 3.623867
v 0.374970 2.021675 3.161433
v 1.870864 0.779663 2.161358
v 1.047948 -1.767784 3.411452
v 1.343994 -1.090084 3.054351
v 1.633687 -0.719559 2.716260
v 1.983943 -0.623520 2.265394
v 0.931900 -2.449600 3.096097
v 1.127569 -2.448109 3.098363
v 1.128841 -1.750824 3.220343
v 1.155945 -2.493999 2.992851
v 1.312225 -2.852943 2.435354
v 0.973403 -3.197304 2.734620
v 0.855663 -3.045849 2.839339
v 1.611240 -1.222652 3.230855
v 1.358393 -1.797409 3.336804
v 1.260133 -2.501125 3.041955
v 1.411330 -2.884125 2.505185
v 1.645963 -2.857723 1.751776
v 0.851428 -3.092163 2.971136
v 1.800127 -2.907906 1.829194
v 2.461257 -0.905643 2.070234
v 2.591702 -1.301601 1.585853
v 2.251611 -0.805820 1.811558
v 2.381209 -1.233513 1.402912
v 2.510383 -1.881947 1.331849
v 2.332502 -1.858341 1.220052
v 2.221537 -2.498695 1.390923
v 2.060596 -2.435549 1.293020
v 1.548127 -3.081074 1.154172
v 2.181724 -2.330139 0.139053
v 2.358759 -2.020668 0.191288
v 2.748829 -1.110756 0.414325
v 2.800078 -0.474300 0.696101
v 2.681915 0.002159 1.124605
v 2.246106 -0.778027 2.508340
v 1.914908 -0.908810 2.944059
v -3.299556 1.562714 0.577980
v -2.801913 0.313789 1.071559
v -2.532548 0.753906 1.483915
v -3.618896 1.084045 0.282833
v 2.598058 -1.045200 3.385209
v 1.890344 -0.765770 2.956537
v 1.551523 -1.112427 3.271329
v 2.270672 -1.389259 3.704070
v 2.008508 -1.879654 3.826813
v 1.286817 -1.603668 3.393993
v 1.860695 -2.420509 3.728770
v 1.139005 -2.144524 3.295950
v 1.133498 -2.628326 2.996496
v 1.855188 -2.904312 3.429316
v 1.993257 -3.235802 2.987951
v 1.271566 -2.959774 2.554708
v -1.076468 -2.959766 2.554712
v -1.331009 -3.073029 2.058395
v -0.938397 -2.628323 2.996499
v -0.943901 -2.144520 3.295953
v -1.091711 -1.603661 3.393997
v -1.355991 -1.112423 3.271333
v -1.693965 -0.766186 2.956503
v -2.034058 -0.633472 2.513734
v 1.291897 -2.296710 2.938926
v 1.324087 -1.873508 3.144680
v 1.139428 -2.448105 3.248944
v 1.115712 -2.030876 3.450311
v 1.207193 -1.813320 3.083081
v 1.017030 -1.961349 3.379802
v 0.826443 -2.018326 3.461692
v 0.914113 -2.092304 3.552629
v 0.956464 -2.522034 3.384974
v 0.877265 -2.532185 3.261100
v 1.045405 -2.460396 3.138903
v 1.168651 -2.319061 2.836457
v 2.542994 -3.087893 2.674204
v 2.359608 -3.005989 3.032336
v 2.774240 -2.995777 2.347604
v 2.559093 -1.674267 3.549047
v 2.370623 -2.027927 3.637743
v 2.792456 -1.426922 3.318585
v 3.023702 -1.334808 2.991982
v 2.263469 -2.418190 3.566921
v 3.207088 -1.416286 2.633891
v 2.259656 -2.767292 3.351058
v 3.306616 -1.655407 2.315129
v 3.302803 -2.004509 2.099265
v 3.195650 -2.394772 2.028442
v 3.007180 -2.748428 2.117139
v 2.755601 -1.419548 -0.923290
v 3.318892 -0.151570 -1.653301
v 3.069857 -0.602167 -1.953060
v 2.762377 -1.419548 -0.923290
v 2.974989 -0.947188 -0.564929
v 2.511651 -1.909359 -0.195203
v 2.772546 -1.388100 0.108591
v 2.968214 -0.947188 -0.564929
v 3.354046 0.824494 -2.961781
v 3.416728 1.263689 -3.452555
v 3.516259 1.783348 -3.560660
v 3.656449 2.510597 -3.463537
v 3.724638 3.160919 -3.225557
v 3.714474 3.440529 -2.957894
v 3.686946 3.444321 -2.665317
v 3.578945 3.001152 -1.994986
v 3.479839 2.209435 -1.003234
v 3.359981 1.903870 -0.682061
v 3.509911 2.514999 -1.342695
v 3.422666 3.106293 -0.845641
v 3.409112 2.809618 -0.501097
v 3.304078 2.511971 -0.173657
v 2.727658 0.753891 1.483907
v 2.997020 0.313782 1.071551
v 3.494666 1.562698 0.577970
v 3.814004 1.084030 0.282822
v 4.154521 3.734505 -1.817326
v 3.679323 3.365517 -1.340426
v 4.281156 3.138161 -2.187241
v 3.776309 2.808732 -1.737708
v 3.466711 2.491577 -1.310426
v 3.393866 3.016258 -0.842547
v -2.960737 1.028976 0.248351
v -3.063229 2.540123 -0.288425
v -3.146665 2.003662 -0.771437
v -2.808688 1.571938 0.689006
v -2.861207 0.263947 1.035863
v -2.555842 0.803497 1.458335
v -2.739371 1.007278 -4.818149
v -2.768020 0.678230 -4.576416
v -2.759569 0.206810 -3.348993
v -2.671476 -0.539051 -1.899955
v -2.896791 -0.127625 -1.572368
v -2.877724 2.482536 -0.241047
v -2.889584 1.994164 -0.710645
v -3.108545 3.696836 -1.549871
v -3.223320 4.520800 -2.490551
v -3.194943 4.646263 -3.015239
v -3.172497 4.466383 -3.435673
v -3.178852 4.004663 -3.835155
v -3.126761 2.804619 -4.336195
v -2.806135 1.460793 -4.748684
v -3.325823 -1.541725 -1.168618
v -2.873496 -1.682976 -0.766628
v -3.539279 -0.970104 -0.989866
v -3.081446 -1.112061 -0.548383
v -2.572790 -1.358154 0.061196
v -2.315287 -1.905739 -0.215701
v 3.068589 -1.682987 -0.766637
v 2.767887 -1.358166 0.061188
v 2.510381 -1.905746 -0.215709
v 3.276542 -1.112072 -0.548393
v 3.734375 -0.970116 -0.989877
v 3.520916 -1.541737 -1.168628
v -1.096795 -2.296703 2.938929
v -0.944325 -2.448097 3.248946
v -1.128982 -1.873501 3.144684
v -0.920607 -2.030872 3.450315
v -1.012089 -1.813316 3.083085
v -0.821925 -1.961346 3.379804
v -0.631338 -2.018322 3.461694
v -0.719008 -2.092304 3.552632
v -0.761362 -2.522030 3.384978
v -0.682162 -2.532181 3.261102
v -0.850302 -2.460392 3.138906
v -0.973549 -2.319057 2.836460
v -2.567288 -1.419537 -0.923282
v -3.123802 -0.151558 -1.653290
v -2.874769 -0.602158 -1.953051
v -2.560511 -1.419537 -0.923282
v -2.773119 -0.947178 -0.564920
v -2.316557 -1.909348 -0.195195
v -2.577449 -1.388088 0.108599
v -2.779897 -0.947178 -0.564920
v 3.003798 1.571922 0.688998
v 2.750952 0.803490 1.458327
v 3.056313 0.263939 1.035854
v 3.155842 1.028969 0.248342
v 3.258337 2.540108 -0.288435
v 3.341769 2.003654 -0.771446
v -1.663898 -1.857853 2.278404
v -2.283517 -0.748337 2.016416
v -2.401682 -1.085972 1.563418
v -2.387284 -1.571228 1.261278
v -2.236086 -2.112083 1.163234
v -1.974770 -2.602516 1.286397
v -1.651619 -2.945351 1.605798
v -3.170805 3.072334 -1.996425
v -3.294474 3.526779 -2.669108
v -3.299557 3.516670 -2.962273
v -3.288970 3.196883 -3.287277
v -3.239843 2.585304 -3.530154
v -3.092458 1.756744 -3.795932
v -2.998013 1.184929 -3.724555
v -2.970061 0.836555 -2.967880
v 1.859000 -1.857861 2.278398
vn -0.7233 0.0621 0.6877
vn -0.5475 0.8116 -0.2040
vn -0.5755 -0.8148 -0.0702
vn -0.3638 -0.0555 -0.9298
vn -0.3480 0.3295 0.8777
vn -0.3036 0.9458 -0.1153
vn -0.7719 -0.5843 0.2507
vn -0.6774 0.0548 -0.7336
vn 0.6773 0.0548 -0.7336
vn 0.3036 0.9458 -0.1153
vn 0.7719 -0.5843 0.2507
vn 0.3480 0.3294 0.8777
vn 0.3638 -0.0555 -0.9298
vn 0.5475 0.8116 -0.2040
vn 0.5755 -0.8148 -0.0702
vn 0.7233 0.0621 0.6877
vn -0.7692 -0.2109 0.6033
vn -0.7548 -0.2542 0.6047
vn -0.8268 -0.2301 0.5133
vn -0.7983 -0.2514 0.5473
vn -0.8815 -0.1998 0.4278
vn -0.9043 -0.2072 0.3732
vn -0.8099 -0.5100 -0.2900
vn -0.5092 -0.8382 0.1952
vn -0.7365 -0.0337 -0.6756
vn -0.5337 0.8430 0.0663
vn -0.6244 0.5264 0.5771
vn -0.3732 0.0556 0.9261
vn 0.4284 -0.7585 -0.4911
vn 0.2775 -0.9511 0.1360
vn 0.7534 0.6122 -0.2401
vn 0.9396 0.2866 0.1873
vn 0.3765 -0.2994 -0.8767
vn 0.6834 -0.0551 0.7279
vn -0.5015 -0.6934 -0.5173
vn 0.2692 -0.9101 0.3149
vn -0.7756 -0.3139 -0.5477
vn 0.9121 -0.1341 0.3875
vn 0.7410 0.1099 0.6624
vn 0.8718 -0.1722 0.4587
vn 0.8188 0.1589 0.5516
vn 0.9425 -0.0766 0.3254
vn 0.8073 -0.5686 0.1579
vn 0.2383 0.3332 0.9122
vn 0.2258 -0.3052 0.9251
vn -0.9670 0.1075 -0.2311
vn -0.9878 0.0357 0.1515
vn -0.1911 -0.0762 0.9786
vn 0.4390 0.7459 0.5009
vn -0.3292 0.8811 -0.3394
vn 0.9892 -0.0698 -0.1286
vn 0.2303 0.0540 -0.9716
vn 0.5553 -0.6287 0.5444
vn 0.9079 -0.4178 0.0331
vn 0.9796 -0.1907 -0.0639
vn 0.9399 -0.0025 0.3413
vn 0.9195 -0.1929 0.3425
vn 0.8201 -0.2196 0.5283
vn 0.7940 -0.1417 0.5912
vn 0.7614 -0.0167 0.6480
vn 0.7414 -0.1295 0.6584
vn 0.6866 0.0137 0.7269
vn 0.7048 0.1419 0.6950
vn 0.8252 0.3077 0.4736
vn 0.4730 0.6334 0.6124
vn -0.3807 0.9067 -0.1814
vn 0.6826 0.1086 -0.7227
vn 0.7786 0.4386 -0.4487
vn 0.9479 0.0691 -0.3109
vn -0.0077 0.4121 -0.9111
vn -0.0063 0.4204 -0.9073
vn 0.7689 0.6229 -0.1445
vn 0.0075 0.4437 -0.8962
vn 0.3596 0.9329 0.0202
vn -0.0013 0.9971 -0.0761
vn -0.0013 0.4296 -0.9030
vn -0.3582 0.9334 0.0195
vn -0.0066 0.4443 -0.8959
vn -0.7685 0.6233 -0.1449
vn 0.0063 0.4204 -0.9073
vn -0.7786 0.4387 -0.4487
vn -0.6826 0.1086 -0.7227
vn -0.9479 0.0691 -0.3109
vn 0.0090 0.4144 -0.9101
vn -0.5840 0.6165 -0.5280
vn -0.8227 0.4431 -0.3561
vn -0.7871 -0.1575 -0.5964
vn 0.0189 0.4295 -0.9029
vn -0.3862 -0.5299 -0.7551
vn -0.0000 -0.4991 -0.8665
vn -0.0000 0.4386 -0.8987
vn -0.0000 -0.4991 -0.8666
vn 0.3862 -0.5299 -0.7551
vn -0.0185 0.4300 -0.9026
vn 0.7870 -0.1553 -0.5970
vn 0.8225 0.4422 -0.3577
vn 0.5840 0.6165 -0.5280
vn -0.0000 -0.9805 -0.1967
vn 0.3131 -0.9358 -0.1618
vn -0.0000 -0.9813 0.1925
vn 0.3704 -0.9034 0.2162
vn 0.2883 -0.6685 0.6855
vn -0.0000 -0.6817 0.7317
vn 0.2566 -0.7454 0.6152
vn -0.0000 -0.9159 0.4014
vn 0.5516 -0.7951 -0.2521
vn -0.0000 -0.9481 -0.3179
vn -0.5664 -0.7761 -0.2771
vn -0.2555 -0.7538 0.6054
vn -0.2883 -0.6685 0.6855
vn -0.3704 -0.9034 0.2162
vn -0.3131 -0.9358 -0.1618
vn -0.0000 -0.5695 -0.8220
vn 0.2547 -0.6118 -0.7489
vn 0.1136 -0.2437 -0.9632
vn -0.0000 -0.3753 -0.9269
vn -0.1136 -0.2434 -0.9633
vn -0.2548 -0.6118 -0.7488
vn 0.5291 -0.4590 -0.7137
vn -0.8177 -0.4200 -0.3936
vn -0.7869 -0.1978 -0.5845
vn 0.4762 -0.6702 -0.5693
vn -0.8608 -0.4350 -0.2641
vn 0.5125 -0.7683 -0.3835
vn -0.7963 -0.5424 0.2676
vn 0.3044 -0.9456 0.1148
vn -0.4487 0.2397 0.8609
vn 0.6553 0.0011 0.7554
vn -0.6416 -0.7664 -0.0313
vn 0.5196 -0.8401 0.1553
vn -0.6741 0.0634 0.7359
vn 0.4419 0.0022 0.8971
vn -0.8081 0.4926 0.3228
vn 0.5634 0.5549 0.6121
vn -0.7321 0.6115 0.3001
vn 0.5870 0.7210 0.3684
vn -0.7588 0.6512 -0.0087
vn 0.5076 0.8581 -0.0769
vn -0.7750 0.5143 -0.3673
vn 0.5536 0.6642 -0.5024
vn -0.7884 0.3343 -0.5165
vn 0.5290 0.4446 -0.7228
vn -0.7776 0.2859 -0.5601
vn 0.5998 0.1865 -0.7781
vn -0.6447 0.0871 -0.7595
vn 0.6049 -0.1361 -0.7846
vn 0.8589 -0.4634 0.2179
vn 0.8646 -0.4761 0.1606
vn 0.8140 -0.5517 0.1818
vn 0.8822 -0.4347 0.1811
vn 0.8577 -0.4295 0.2826
vn 0.8492 -0.4079 0.3355
vn -0.7619 -0.4449 -0.4707
vn -0.8401 -0.4928 -0.2268
vn -0.8464 -0.4868 0.2160
vn -0.7896 -0.2865 0.5426
vn -0.7890 -0.0769 0.6096
vn -0.8177 0.1717 0.5494
vn -0.7440 0.4218 0.5182
vn -0.5923 0.6659 0.4536
vn -0.8903 -0.4215 0.1723
vn 0.1319 -0.9263 0.3529
vn -0.9957 0.0024 0.0929
vn 0.2757 -0.9593 0.0613
vn 0.5523 -0.7476 0.3688
vn 0.5033 -0.5457 -0.6700
vn -0.5234 -0.0369 -0.8513
vn -0.1144 0.9278 -0.3550
vn 0.8974 0.4090 -0.1654
vn -0.5159 0.5457 0.6603
vn 0.5082 0.0429 0.8602
vn 0.6966 -0.2903 0.6561
vn -0.7909 0.5079 0.3413
vn 0.8605 0.1692 0.4805
vn 0.8596 0.3206 0.3980
vn 0.9595 0.2643 0.0976
vn 0.9704 -0.2278 0.0800
vn 0.9476 -0.3182 0.0293
vn 0.9586 -0.2251 0.1745
vn 0.4384 -0.8960 -0.0711
vn 0.8692 -0.4887 -0.0757
vn 0.8411 -0.5408 0.0010
vn 0.9200 -0.2552 0.2974
vn 0.8142 -0.5700 0.1106
vn 0.8526 -0.4260 0.3026
vn 0.9403 -0.1505 0.3051
vn -0.4463 -0.0736 0.8919
vn 0.8313 -0.4957 0.2516
vn 0.8074 -0.5697 0.1535
vn 0.7554 -0.6549 -0.0226
vn 0.8919 -0.4325 -0.1324
vn 0.5621 -0.7056 -0.4314
vn -0.2420 0.3364 0.9101
vn 0.3747 0.9099 -0.1780
vn 0.9562 0.1228 -0.2656
vn -0.4717 0.6383 0.6083
vn -0.8175 0.1643 0.5519
vn -0.8200 0.3234 0.4722
vn -0.7395 0.1136 0.6635
vn -0.6993 0.1504 0.6989
vn -0.6855 0.0151 0.7279
vn -0.7587 -0.0151 0.6512
vn -0.8724 -0.1734 0.4571
vn -0.9128 -0.1356 0.3853
vn -0.9438 -0.0769 0.3214
vn -0.8079 -0.5682 0.1564
vn -0.1828 -0.3189 0.9300
vn 0.9913 0.0623 0.1162
vn 0.2306 -0.0979 0.9681
vn -0.4442 0.7165 0.5379
vn 0.2935 0.9006 -0.3206
vn -0.9911 -0.0961 -0.0921
vn -0.2703 0.0758 -0.9598
vn 0.5033 -0.6645 -0.5523
vn -0.2271 -0.9261 0.3014
vn -0.5261 -0.6554 0.5419
vn 0.7679 -0.2731 -0.5794
vn -0.9108 -0.4118 0.0295
vn -0.9799 -0.1869 -0.0696
vn -0.9412 -0.0011 0.3377
vn -0.9204 -0.1936 0.3396
vn -0.8202 -0.2203 0.5280
vn -0.7944 -0.1430 0.5903
vn -0.7401 -0.1316 0.6595
vn -0.8589 -0.4634 0.2180
vn -0.8577 -0.4295 0.2826
vn -0.8492 -0.4079 0.3355
vn -0.8822 -0.4346 0.1811
vn -0.8646 -0.4761 0.1606
vn -0.8140 -0.5517 0.1818
vn -0.5680 0.5567 0.6062
vn -0.5197 -0.8401 0.1553
vn -0.4419 0.0022 0.8971
vn -0.6614 -0.6510 -0.3725
vn -0.5884 0.7186 0.3708
vn -0.6947 -0.7042 -0.1466
vn -0.5076 0.8581 -0.0769
vn -0.7492 -0.5799 0.3201
vn -0.5533 0.6639 -0.5032
vn -0.5256 0.4459 -0.7245
vn -0.7280 -0.3914 0.5629
vn -0.6011 0.1857 -0.7773
vn -0.6564 -0.2948 0.6945
vn -0.5374 -0.2355 0.8098
vn -0.5631 0.0860 -0.8219
vn -0.7367 0.3411 0.5839
vn -0.5393 -0.2653 -0.7993
vn -0.5308 -0.6765 -0.5106
vn -0.5223 -0.7862 -0.3302
vn -0.7809 0.5075 0.3643
vn -0.3044 -0.9456 0.1148
vn -0.6553 0.0011 0.7554
vn -0.6760 -0.7363 -0.0298
vn -0.4537 -0.8868 -0.0877
vn -0.6637 -0.6540 -0.3631
vn 0.0881 -0.9078 -0.4101
vn 0.3826 -0.9102 0.1583
vn -0.3660 -0.8542 0.3694
vn -0.5865 -0.3871 0.7115
vn 0.3922 -0.5515 0.7363
vn -0.9896 0.1099 -0.0931
vn -0.7478 0.3939 -0.5344
vn -0.8208 0.0455 -0.5694
vn -0.5457 0.1486 -0.8247
vn -0.4130 -0.0654 -0.9084
vn -0.6738 -0.1187 -0.7293
vn -0.2969 -0.2057 -0.9325
vn -0.5513 -0.3820 -0.7418
vn -0.5076 -0.5321 0.6777
vn -0.5988 -0.3241 0.7324
vn -0.9484 -0.3158 0.0276
vn -0.8599 0.3230 0.3952
vn -0.9595 0.2646 0.0965
vn -0.9406 -0.1498 0.3048
vn -0.7567 -0.3563 -0.5481
vn -0.3876 -0.3645 -0.8467
vn -0.8095 -0.5662 0.1552
vn -0.7555 -0.6547 -0.0233
vn -0.8915 -0.4331 -0.1333
vn -0.5604 -0.7064 -0.4324
vn -0.2669 -0.9609 0.0741
vn 0.9955 -0.0007 0.0949
vn 0.7917 0.5046 0.3443
vn 0.1176 0.9274 -0.3550
vn 0.5142 0.5448 0.6624
vn 0.5241 -0.0379 -0.8508
vn 0.8891 -0.4238 0.1729
vn -0.4708 -0.0903 0.8776
vn 0.4473 0.0530 0.8928
vn -0.4515 0.2598 0.8536
vn 0.2651 0.5339 0.8029
vn -0.0547 0.8030 0.5934
vn -0.5786 0.4437 0.6844
vn -0.3566 0.9081 0.2194
vn -0.7243 0.5086 0.4656
vn -0.5934 0.7888 -0.1599
vn -0.9322 0.2517 0.2601
vn -0.6809 0.4602 -0.5697
vn -0.5513 -0.0164 -0.8342
vn -0.2664 -0.5612 -0.7837
vn -0.7285 0.2213 0.6484
vn -0.4937 -0.1644 0.8539
vn -0.5480 -0.3027 0.7798
vn -0.5501 0.8288 0.1019
vn -0.3983 0.5456 -0.7374
vn -0.7288 0.6143 -0.3026
vn -0.4020 0.7379 -0.5421
vn -0.4823 0.8617 -0.1574
vn -0.3795 0.9059 -0.1880
vn -0.5202 0.8189 -0.2422
vn -0.5837 0.8034 -0.1175
vn -0.6499 0.7155 -0.2563
vn -0.9647 -0.2375 -0.1136
vn -0.7323 -0.4578 0.5041
vn -0.6836 -0.2998 0.6654
vn -0.3036 -0.0591 0.9510
vn -0.3060 0.0687 0.9495
vn -0.7394 0.2632 0.6198
vn -0.7082 0.6992 -0.0975
vn -0.4345 0.9006 -0.0090
vn -0.4207 0.8849 0.1998
vn -0.0001 0.9806 0.1960
vn -0.4096 0.5229 0.7475
vn -0.0003 0.9984 0.0567
vn -0.9989 0.0436 -0.0184
vn -0.6554 0.6805 0.3278
vn -0.2523 0.3394 0.9062
vn -0.6171 0.2223 0.7549
vn -0.3133 0.0654 0.9474
vn -0.4414 0.3222 0.8374
vn -0.2021 0.2760 0.9397
vn -0.0003 0.5773 0.8165
vn -0.0000 0.3424 0.9396
vn -0.0005 0.0683 0.9977
vn -0.0000 0.2542 0.9672
vn -0.0000 0.0094 1.0000
vn -0.0003 0.3199 0.9475
vn -0.0003 0.8914 0.4533
vn -0.2079 0.6263 -0.7514
vn 0.0005 0.7067 -0.7075
vn -0.3516 0.4621 -0.8141
vn 0.6964 0.6936 -0.1844
vn 0.4639 0.8846 -0.0469
vn 0.6456 0.7213 -0.2507
vn 0.5174 0.8223 -0.2370
vn 0.6238 0.7536 -0.2071
vn 0.3826 0.9068 -0.1769
vn 0.4184 0.8673 -0.2697
vn 0.5075 0.8489 -0.1476
vn 0.4189 0.8475 -0.3260
vn 0.4908 0.6922 -0.5291
vn -0.3729 0.5095 -0.7755
vn -0.4253 0.4526 -0.7837
vn -0.3825 0.3942 -0.8357
vn 0.4120 -0.0566 -0.9094
vn 0.2877 -0.1786 -0.9409
vn 0.1256 -0.2991 -0.9459
vn -0.0000 0.7073 -0.7069
vn 0.4127 0.7359 -0.5367
vn 0.4120 0.5382 -0.7353
vn 0.5381 0.1996 -0.8189
vn 0.4032 0.5443 -0.7356
vn 0.5468 0.1466 -0.8244
vn 0.4125 -0.0661 -0.9086
vn 0.2964 -0.2054 -0.9327
vn -0.0000 -0.3746 -0.9272
vn -0.1253 -0.2989 -0.9460
vn 0.2079 0.6261 -0.7515
vn -0.2886 -0.1789 -0.9406
vn 0.3516 0.4614 -0.8145
vn -0.4126 -0.0559 -0.9092
vn 0.3826 0.3933 -0.8360
vn -0.5360 0.2011 -0.8199
vn 0.4253 0.4515 -0.7844
vn -0.4069 0.5396 -0.7371
vn -0.4799 0.6959 -0.5343
vn 0.3723 0.5076 -0.7770
vn 0.0027 0.1541 -0.9880
vn -0.3677 0.3946 -0.8421
vn -0.1980 0.3437 -0.9180
vn 0.0146 0.3946 -0.9187
vn 0.0002 0.4209 -0.9071
vn -0.0159 0.3957 -0.9182
vn 0.1991 0.3471 -0.9165
vn 0.3788 0.3794 -0.8441
vn -0.3987 0.8585 -0.3224
vn -0.4178 0.8649 -0.2781
vn -0.6274 0.7483 -0.2154
vn -0.7019 0.6872 -0.1874
vn -0.4671 0.8829 -0.0478
vn -0.0005 0.9999 0.0106
vn 0.4321 0.9018 -0.0065
vn -0.4284 -0.7585 -0.4911
vn -0.2775 -0.9511 0.1360
vn -0.3765 -0.2994 -0.8767
vn -0.7534 0.6122 -0.2401
vn -0.9396 0.2866 0.1873
vn -0.6834 -0.0551 0.7279
vn 0.6011 0.7057 0.3752
vn -0.1714 0.8620 -0.4770
vn -0.3172 0.9304 -0.1839
vn 0.7788 0.6268 0.0225
vn -0.1089 0.6639 -0.7399
vn 0.8693 0.4003 -0.2898
vn -0.1144 0.3765 -0.9193
vn 0.8633 0.0634 -0.5007
vn -0.2023 0.0570 -0.9777
vn 0.7588 -0.3158 -0.5697
vn -0.3554 -0.2315 -0.9056
vn 0.5748 -0.6599 -0.4838
vn -0.5451 -0.4327 -0.7181
vn 0.3480 -0.9010 -0.2592
vn -0.7333 -0.5078 -0.4521
vn 0.1227 -0.9907 0.0594
vn 0.1873 -0.8036 0.5649
vn 0.1448 -0.9804 -0.1334
vn 0.3972 -0.9111 0.1100
vn 0.5436 -0.6889 0.4795
vn 0.9388 0.3083 0.1538
vn 0.9792 -0.1425 0.1443
vn 0.9270 -0.0797 0.3664
vn 0.8889 -0.1022 0.4466
vn 0.4823 -0.3628 0.7973
vn 0.8072 -0.5191 0.2810
vn 0.5152 -0.5377 0.6674
vn 0.1363 -0.2526 0.9579
vn 0.6596 -0.6637 0.3528
vn 0.9361 -0.0844 0.3415
vn -0.0291 -0.5584 0.8291
vn -0.1365 -0.2518 0.9581
vn -0.4143 -0.0369 0.9094
vn 0.0287 -0.5592 0.8285
vn -0.1952 -0.3808 0.9038
vn -0.0000 -0.3874 0.9219
vn 0.1898 -0.3816 0.9046
vn 0.0886 0.1647 0.9824
vn 0.1429 0.1632 0.9762
vn 0.7611 0.5052 0.4069
vn 0.9788 -0.1207 0.1655
vn 0.8525 0.1989 0.4834
vn -0.8526 0.1993 0.4831
vn -0.7611 0.5052 0.4069
vn -0.0889 0.1654 0.9822
vn -0.4450 -0.0936 0.8906
vn 0.4445 -0.0940 0.8908
vn -0.1383 0.1219 0.9829
vn 0.1380 0.1218 0.9829
vn -0.8072 -0.5191 0.2810
vn -0.9270 -0.0797 0.3664
vn -0.9388 0.3083 0.1538
vn -0.9792 -0.1425 0.1443
vn -0.8889 -0.1022 0.4466
vn -0.9361 -0.0844 0.3415
vn -0.9788 -0.1207 0.1655
vn -0.1436 0.1633 0.9761
vn -0.5340 -0.5850 0.6104
vn -0.6596 -0.6637 0.3528
vn -0.4823 -0.3628 0.7973
vn -0.5152 -0.5377 0.6674
vn -0.3972 -0.9111 0.1100
vn -0.1439 -0.9808 -0.1313
vn -0.1873 -0.8036 0.5649
vn -0.0132 -0.8124 0.5830
vn 0.4436 -0.2830 0.8504
vn 0.4164 -0.0381 0.9084
vn -0.4203 -0.7150 0.5587
vn 0.4193 -0.7155 0.5587
vn -0.3547 -0.8960 -0.2671
vn -0.5424 -0.6893 0.4803
vn 0.3596 -0.8941 -0.2670
vn 0.0108 -0.8126 0.5827
vn 0.5340 -0.5850 0.6104
vn -0.4537 -0.2806 0.8458
vn -0.6997 -0.2885 0.6536
vn -0.5541 -0.7470 0.3674
vn -0.4384 -0.8959 -0.0718
vn -0.5029 -0.5449 -0.6710
vn -0.8959 0.4115 -0.1676
vn -0.5116 0.0438 0.8581
vn -0.1327 -0.9264 0.3524
vn -0.8693 -0.4884 -0.0765
vn -0.8411 -0.5409 0.0004
vn -0.8142 -0.5701 0.1099
vn -0.8310 -0.4916 0.2601
vn -0.8396 -0.4332 0.3279
vn -0.9171 -0.2537 0.3074
vn -0.9591 -0.2242 0.1728
vn -0.9707 -0.2273 0.0781
vn -0.8616 0.1701 0.4783
vn -0.9177 -0.3610 0.1657
vn -0.8489 -0.4899 0.1982
vn -0.7637 -0.5805 0.2826
vn -0.6790 -0.6143 0.4019
vn -0.9568 -0.2181 0.1922
vn -0.6119 -0.5842 0.5331
vn -0.9580 -0.0919 0.2717
vn -0.5750 -0.4971 0.6498
vn -0.9216 -0.0106 0.3881
vn -0.5765 -0.3690 0.7290
vn -0.8555 0.0160 0.5176
vn -0.6155 -0.2267 0.7548
vn -0.7707 -0.0135 0.6370
vn -0.6842 -0.0982 0.7227
vn -0.3671 0.6201 0.6933
vn -0.1367 0.3855 0.9125
vn 0.0461 0.0422 0.9980
vn 0.1496 -0.3380 0.9292
vn -0.7796 0.6259 0.0222
vn -0.6017 0.7050 0.3754
vn 0.1536 -0.6782 0.7187
vn 0.0563 -0.9110 0.4085
vn -0.1227 -0.9907 0.0594
vn -0.3480 -0.9010 -0.2592
vn -0.5748 -0.6599 -0.4838
vn -0.7587 -0.3158 -0.5698
vn -0.8632 0.0635 -0.5008
vn -0.8694 0.3999 -0.2902
vn 0.6387 0.6750 0.3695
vn 0.9991 0.0181 0.0389
vn 0.3027 -0.0766 0.9500
vn 0.2511 0.3394 0.9065
vn 0.3119 0.0655 0.9479
vn 0.2009 0.2753 0.9401
vn 0.3045 0.0676 0.9501
vn 0.4931 -0.1664 0.8539
vn 0.7300 0.2144 0.6490
vn 0.7343 0.2619 0.6263
vn 0.5830 0.8054 -0.1071
vn 0.7044 0.7037 -0.0929
vn 0.6131 0.2231 0.7578
vn 0.4074 0.5230 0.7487
vn 0.4379 0.3212 0.8397
vn 0.4184 0.8858 0.2010
vn 0.5572 0.8242 0.1008
vn 0.5479 -0.3030 0.7798
vn 0.4508 0.2614 0.8535
vn 0.5806 0.4399 0.6851
vn 0.7273 0.5055 0.4642
vn 0.6611 -0.3082 0.6841
vn 0.5988 -0.3241 0.7324
vn 0.4672 -0.0908 0.8795
vn 0.5844 -0.3933 0.7098
vn 0.3660 -0.8542 0.3694
vn 0.5076 -0.5321 0.6777
vn 0.7131 -0.4626 0.5268
vn -0.2598 0.5363 0.8031
vn -0.4412 0.0494 0.8960
vn -0.3840 -0.5609 0.7334
vn -0.3826 -0.9102 0.1583
vn 0.4537 -0.8868 -0.0877
vn 0.9625 -0.2642 -0.0619
vn -0.0881 -0.9078 -0.4101
vn 0.5943 0.7883 -0.1595
vn 0.6816 0.4600 -0.5690
vn 0.9323 0.2514 0.2601
vn 0.9898 0.1093 -0.0915
vn 0.5521 -0.0168 -0.8336
vn 0.7192 -0.3767 -0.5838
vn 0.2664 -0.5613 -0.7836
vn 0.6631 -0.6548 -0.3626
vn 0.6759 -0.7364 -0.0297
vn 0.5513 -0.3822 -0.7416
vn 0.6737 -0.1193 -0.7293
vn 0.8213 0.0441 -0.5688
vn 0.7491 0.3939 -0.5327
vn 0.7304 0.6128 -0.3017
vn 0.3579 0.9074 0.2201
vn 0.0548 0.8029 0.5935
vn -0.7196 -0.0124 0.6942
vn -0.7697 -0.0553 0.6360
vn -0.7943 -0.0784 0.6025
vn -0.6885 0.0122 0.7251
vn 0.3670 0.6205 0.6930
vn -0.5228 0.8494 0.0717
vn -0.7178 0.6479 0.2549
vn 0.1369 0.3858 0.9124
vn -0.0461 0.0422 0.9980
vn -0.8735 0.3564 0.3316
vn -0.1496 -0.3380 0.9292
vn -0.9608 0.0372 0.2747
vn -0.9640 -0.2466 0.0990
vn -0.1536 -0.6782 0.7187
vn -0.0563 -0.9110 0.4085
vn -0.8830 -0.4412 -0.1605
vn 0.8830 -0.4412 -0.1605
vn 0.7333 -0.5078 -0.4521
vn 0.9640 -0.2466 0.0990
vn 0.9608 0.0372 0.2747
vn 0.8736 0.3562 0.3317
vn 0.7181 0.6475 0.2551
vn 0.5237 0.8489 0.0707
vn 0.3172 0.9304 -0.1838
vn 0.7432 -0.6682 0.0330
vn 0.6522 0.4332 0.6221
vn 0.6878 -0.6793 0.2559
vn 0.5508 0.3051 0.7769
vn 0.1594 0.8314 0.5323
vn 0.1266 0.7892 0.6010
vn 0.0583 0.7846 0.6173
vn 0.3371 0.3497 0.8741
vn 0.5462 -0.7442 0.3844
vn 0.2977 -0.9464 -0.1250
vn 0.3484 -0.9157 -0.2001
vn 0.3781 -0.8882 -0.2610
vn 0.6790 -0.6143 0.4019
vn 0.6119 -0.5842 0.5331
vn 0.7637 -0.5805 0.2826
vn 0.6842 -0.0980 0.7227
vn 0.6155 -0.2267 0.7548
vn 0.7706 -0.0125 0.6372
vn 0.8554 0.0174 0.5177
vn 0.5765 -0.3690 0.7290
vn 0.9216 -0.0096 0.3880
vn 0.5750 -0.4972 0.6498
vn 0.9580 -0.0919 0.2717
vn 0.9568 -0.2181 0.1922
vn 0.9177 -0.3610 0.1657
vn 0.8489 -0.4899 0.1982
vn -0.9075 0.4200 0.0010
vn 0.4271 0.3549 -0.8316
vn -0.0548 0.5739 -0.8171
vn 0.9072 -0.4208 0.0001
vn 0.9084 -0.4182 -0.0000
vn -0.4418 -0.3321 0.8334
vn 0.0256 -0.5129 0.8581
vn -0.9086 0.4177 0.0010
vn 0.8018 0.4303 0.4146
vn 0.7848 0.2406 0.5712
vn 0.6469 -0.0974 0.7564
vn 0.6698 -0.2767 0.6891
vn 0.7280 -0.3914 0.5629
vn 0.7492 -0.5799 0.3201
vn 0.6914 -0.7043 -0.1610
vn 0.6566 -0.6587 -0.3674
vn 0.8098 -0.5100 -0.2900
vn 0.5092 -0.8382 0.1952
vn 0.7365 -0.0337 -0.6756
vn 0.5338 0.8430 0.0663
vn 0.6244 0.5264 0.5771
vn 0.3732 0.0556 0.9261
vn 0.7943 -0.0784 0.6025
vn 0.7697 -0.0553 0.6360
vn 0.7197 -0.0124 0.6942
vn 0.6885 0.0122 0.7251
vn 0.7692 -0.2109 0.6033
vn 0.8268 -0.2301 0.5133
vn 0.7548 -0.2542 0.6047
vn 0.7983 -0.2514 0.5473
vn 0.8815 -0.1998 0.4278
vn 0.9043 -0.2072 0.3732
vn -0.9704 0.0615 0.2337
vn -0.9780 0.0077 0.2083
vn -0.9845 -0.0046 0.1751
vn -0.9523 0.0764 0.2954
vn -0.9221 0.1333 0.3632
vn -0.8833 0.1530 0.4431
vn 0.7456 -0.1295 -0.6537
vn 0.7491 -0.5365 -0.3886
vn 0.8754 -0.4271 -0.2265
vn 0.7963 -0.5424 0.2676
vn 0.4487 0.2398 0.8609
vn 0.6741 0.0634 0.7359
vn 0.6416 -0.7664 -0.0312
vn 0.8081 0.4926 0.3228
vn 0.7321 0.6115 0.3001
vn 0.7588 0.6512 -0.0087
vn 0.7747 0.5140 -0.3682
vn 0.7913 0.3331 -0.5127
vn 0.7690 0.3102 -0.5590
vn 0.7984 0.2594 -0.5434
vn -0.6698 -0.4377 0.5999
vn -0.7112 -0.4797 0.5139
vn -0.6779 -0.4515 0.5801
vn -0.7219 -0.4604 0.5166
vn -0.7205 -0.5154 0.4640
vn -0.6848 -0.5586 0.4680
vn 0.7112 -0.4797 0.5139
vn 0.7205 -0.5154 0.4640
vn 0.6848 -0.5587 0.4679
vn 0.7219 -0.4604 0.5166
vn 0.6779 -0.4515 0.5801
vn 0.6698 -0.4377 0.5999
vn -0.7432 -0.6682 0.0330
vn -0.6879 -0.6792 0.2559
vn -0.6522 0.4332 0.6221
vn -0.5508 0.3051 0.7769
vn -0.1594 0.8314 0.5323
vn -0.1266 0.7892 0.6010
vn -0.0583 0.7846 0.6173
vn -0.3371 0.3496 0.8741
vn -0.5462 -0.7442 0.3844
vn -0.2977 -0.9464 -0.1250
vn -0.3484 -0.9157 -0.2001
vn -0.3781 -0.8882 -0.2610
vn -0.9072 -0.4208 0.0001
vn -0.4270 0.3548 -0.8317
vn 0.0547 0.5738 -0.8171
vn 0.9075 0.4200 0.0010
vn 0.9086 0.4177 0.0010
vn 0.4418 -0.3322 0.8333
vn -0.0256 -0.5129 0.8581
vn -0.9084 -0.4182 -0.0000
vn 0.9523 0.0764 0.2954
vn 0.8833 0.1530 0.4431
vn 0.9221 0.1333 0.3632
vn 0.9704 0.0615 0.2337
vn 0.9780 0.0077 0.2083
vn 0.9845 -0.0046 0.1751
vn 0.8113 0.3206 -0.4888
vn 0.1712 0.8621 -0.4770
vn 0.1094 0.6637 -0.7400
vn 0.1146 0.3766 -0.9193
vn 0.2026 0.0571 -0.9776
vn 0.3554 -0.2316 -0.9056
vn 0.5451 -0.4327 -0.7181
vn 0.7619 -0.4450 -0.4707
vn 0.8400 -0.4928 -0.2268
vn 0.8464 -0.4868 0.2160
vn 0.7894 -0.2865 0.5428
vn 0.7809 -0.0937 0.6175
vn 0.8556 0.0840 0.5108
vn 0.8520 0.3583 0.3817
vn 0.5610 0.7333 0.3841
vn -0.8113 0.3207 -0.4888
vt 0.251725 0.844012
vt 0.259000 0.843763
vt 0.251650 0.837188
vt 0.258800 0.837188
vt 0.470300 0.832788
vt 0.470300 0.821187
vt 0.483975 0.832788
vt 0.483975 0.821187
vt 0.497525 0.821187
vt 0.497525 0.832788
vt 0.278800 0.843887
vt 0.269575 0.842062
vt 0.271375 0.843887
vt 0.287850 0.842062
vt 0.286125 0.843887
vt 0.286525 0.855487
vt 0.279075 0.855487
vt 0.271525 0.855487
vt 0.269750 0.857313
vt 0.288350 0.857313
vt 0.279825 0.811062
vt 0.281475 0.811312
vt 0.278625 0.813012
vt 0.265025 0.815212
vt 0.265025 0.830087
vt 0.260300 0.816312
vt 0.270100 0.828012
vt 0.270150 0.817288
vt 0.278100 0.817537
vt 0.278100 0.827537
vt 0.281475 0.828762
vt 0.278975 0.831087
vt 0.280100 0.834137
vt 0.281475 0.833263
vt 0.293475 0.833263
vt 0.281475 0.835338
vt 0.294750 0.835338
vt 0.293475 0.811312
vt 0.294825 0.809837
vt 0.281475 0.809462
vt 0.281475 0.816312
vt 0.276700 0.814963
vt 0.273350 0.815812
vt 0.273350 0.811662
vt 0.263600 0.808612
vt 0.251275 0.814837
vt 0.257375 0.820337
vt 0.251275 0.829737
vt 0.257375 0.824737
vt 0.260325 0.828887
vt 0.264100 0.836437
vt 0.273350 0.832537
vt 0.273350 0.827788
vt 0.276800 0.829862
vt 0.496175 0.910362
vt 0.496050 0.907912
vt 0.496525 0.909813
vt 0.495450 0.916162
vt 0.494575 0.907862
vt 0.493725 0.894862
vt 0.492750 0.894612
vt 0.492875 0.893812
vt 0.487875 0.893263
vt 0.487875 0.894662
vt 0.482975 0.893812
vt 0.482975 0.894612
vt 0.482000 0.894862
vt 0.481275 0.907862
vt 0.479825 0.907912
vt 0.479575 0.910362
vt 0.479200 0.909813
vt 0.480300 0.916162
vt 0.479200 0.915987
vt 0.478825 0.916212
vt 0.479575 0.925438
vt 0.481775 0.926587
vt 0.481400 0.928012
vt 0.486150 0.928113
vt 0.487875 0.926713
vt 0.489700 0.928113
vt 0.494450 0.928012
vt 0.493975 0.926587
vt 0.496300 0.925438
vt 0.497025 0.916212
vt 0.496650 0.915987
vt 0.340050 0.975037
vt 0.340050 0.956038
vt 0.364275 0.975037
vt 0.363550 0.960012
vt 0.370125 0.960562
vt 0.369650 0.975037
vt 0.372450 0.962587
vt 0.372450 0.975037
vt 0.374100 0.962587
vt 0.374100 0.975037
vt 0.374100 0.987487
vt 0.372450 0.987487
vt 0.370125 0.989487
vt 0.363550 0.990038
vt 0.340050 0.993988
vt 0.319850 0.975037
vt 0.319475 0.954637
vt 0.316550 0.956288
vt 0.317650 0.975037
vt 0.316550 0.993762
vt 0.319475 0.995387
vt 0.336675 0.897738
vt 0.340600 0.901812
vt 0.340600 0.897663
vt 0.336675 0.901937
vt 0.340600 0.909637
vt 0.336675 0.909562
vt 0.340600 0.920313
vt 0.336675 0.920362
vt 0.340600 0.924587
vt 0.336675 0.924587
vt 0.340600 0.836812
vt 0.336675 0.836812
vt 0.340600 0.841812
vt 0.336675 0.841812
vt 0.340600 0.853037
vt 0.336675 0.853287
vt 0.340600 0.860487
vt 0.336675 0.860487
vt 0.340600 0.866588
vt 0.336675 0.866588
vt 0.340600 0.871612
vt 0.336675 0.871737
vt 0.340600 0.876063
vt 0.336675 0.876063
vt 0.340600 0.884787
vt 0.336675 0.884613
vt 0.340600 0.892487
vt 0.336675 0.892412
vt 0.455400 0.821563
vt 0.468350 0.833037
vt 0.468350 0.821563
vt 0.455400 0.833037
vt 0.442450 0.833037
vt 0.442450 0.821563
vt 0.327525 0.806662
vt 0.317525 0.796662
vt 0.314950 0.804712
vt 0.329175 0.797262
vt 0.342350 0.807513
vt 0.339075 0.795313
vt 0.342300 0.793712
vt 0.348950 0.806062
vt 0.352750 0.801912
vt 0.354750 0.794587
vt 0.344075 0.789688
vt 0.343900 0.780162
vt 0.354200 0.778462
vt 0.350725 0.762587
vt 0.341700 0.770662
vt 0.347850 0.757337
vt 0.337175 0.765037
vt 0.343350 0.754663
vt 0.328875 0.762712
vt 0.330100 0.753312
vt 0.318550 0.752837
vt 0.316850 0.759787
vt 0.326500 0.811787
vt 0.328450 0.812287
vt 0.325150 0.814363
vt 0.323325 0.815687
vt 0.328450 0.816912
vt 0.340400 0.812387
vt 0.328450 0.810438
vt 0.341625 0.810687
vt 0.341625 0.835238
vt 0.340400 0.833637
vt 0.328450 0.835338
vt 0.328450 0.833637
vt 0.328450 0.829112
vt 0.326850 0.834363
vt 0.325200 0.831437
vt 0.325025 0.827788
vt 0.323200 0.829862
vt 0.320200 0.829363
vt 0.316725 0.827912
vt 0.320200 0.832537
vt 0.311725 0.829612
vt 0.325025 0.818012
vt 0.317100 0.817412
vt 0.312275 0.815087
vt 0.307075 0.828387
vt 0.307550 0.816062
vt 0.304325 0.824237
vt 0.310550 0.835962
vt 0.298225 0.829237
vt 0.304325 0.819963
vt 0.298225 0.814713
vt 0.311075 0.808738
vt 0.320200 0.811912
vt 0.320200 0.815812
vt 0.350600 0.943388
vt 0.351875 0.945713
vt 0.349675 0.946887
vt 0.355300 0.943663
vt 0.358525 0.943838
vt 0.355300 0.948437
vt 0.363675 0.945962
vt 0.364575 0.952312
vt 0.368375 0.944762
vt 0.377400 0.945637
vt 0.368375 0.932212
vt 0.363675 0.931112
vt 0.358525 0.933137
vt 0.350600 0.933362
vt 0.347175 0.944613
vt 0.348575 0.950063
vt 0.347175 0.949188
vt 0.335150 0.949188
vt 0.347175 0.951213
vt 0.333875 0.951213
vt 0.335150 0.927212
vt 0.333825 0.925738
vt 0.347175 0.925388
vt 0.347175 0.927212
vt 0.347175 0.932212
vt 0.350050 0.928913
vt 0.348825 0.926962
vt 0.351950 0.930812
vt 0.355300 0.931713
vt 0.355300 0.927562
vt 0.365075 0.924513
vt 0.377400 0.930737
vt 0.371300 0.936137
vt 0.371300 0.940562
vt 0.425625 0.775787
vt 0.416100 0.751737
vt 0.424150 0.751737
vt 0.413400 0.773838
vt 0.425000 0.789937
vt 0.410850 0.783337
vt 0.420475 0.798612
vt 0.407300 0.788587
vt 0.414375 0.802887
vt 0.406200 0.805088
vt 0.401575 0.790537
vt 0.389600 0.803487
vt 0.391550 0.790312
vt 0.381425 0.787737
vt 0.370875 0.799462
vt 0.374950 0.783113
vt 0.365750 0.795787
vt 0.362925 0.790537
vt 0.361225 0.774562
vt 0.373050 0.774312
vt 0.365375 0.751612
vt 0.372325 0.751737
vt 0.402775 0.829488
vt 0.406075 0.845487
vt 0.395700 0.846587
vt 0.404625 0.851337
vt 0.410725 0.853787
vt 0.415350 0.849887
vt 0.421100 0.858063
vt 0.408525 0.860012
vt 0.383250 0.876662
vt 0.372075 0.876737
vt 0.385575 0.863187
vt 0.359825 0.869537
vt 0.362075 0.855362
vt 0.359075 0.854512
vt 0.366900 0.834862
vt 0.369275 0.836087
vt 0.372450 0.828387
vt 0.374825 0.831687
vt 0.387150 0.808362
vt 0.391300 0.811188
vt 0.409875 0.819713
vt 0.430000 0.831813
vt 0.430500 0.844012
vt 0.427700 0.860613
vt 0.434775 0.836688
vt 0.437450 0.839262
vt 0.370750 0.849512
vt 0.368000 0.845487
vt 0.371350 0.846812
vt 0.376675 0.853662
vt 0.388025 0.854137
vt 0.386425 0.851213
vt 0.388250 0.841812
vt 0.381300 0.837912
vt 0.373975 0.838037
vt 0.373250 0.840362
vt 0.369575 0.839612
vt 0.373500 0.840837
vt 0.371975 0.846337
vt 0.376300 0.849638
vt 0.371425 0.848287
vt 0.378850 0.840362
vt 0.373975 0.839137
vt 0.416450 0.870637
vt 0.406325 0.866238
vt 0.411950 0.883312
vt 0.404000 0.872463
vt 0.401800 0.878688
vt 0.402550 0.885463
vt 0.395700 0.876312
vt 0.393150 0.882337
vt 0.391675 0.870862
vt 0.386300 0.874537
vt 0.390700 0.863912
vt 0.393150 0.857188
vt 0.398150 0.852687
vt 0.397650 0.903087
vt 0.426950 0.898037
vt 0.426825 0.875562
vt 0.368675 0.891688
vt 0.371475 0.892237
vt 0.372825 0.895212
vt 0.379725 0.908762
vt 0.379950 0.895113
vt 0.386675 0.885638
vt 0.357125 0.870512
vt 0.362675 0.882337
vt 0.362325 0.888512
vt 0.369775 0.899612
vt 0.377150 0.910662
vt 0.384000 0.922938
vt 0.387150 0.920612
vt 0.387275 0.938062
vt 0.366175 0.880587
vt 0.365550 0.885087
vt 0.369525 0.884062
vt 0.372275 0.890463
vt 0.379350 0.889663
vt 0.373300 0.892838
vt 0.367375 0.883312
vt 0.374700 0.878863
vt 0.368675 0.881987
vt 0.437200 0.850613
vt 0.440375 0.840237
vt 0.434400 0.849887
vt 0.431350 0.860613
vt 0.430000 0.901338
vt 0.428175 0.903512
vt 0.403875 0.917687
vt 0.389725 0.937163
vt 0.388500 0.945812
vt 0.390225 0.945763
vt 0.390700 0.951563
vt 0.402300 0.941437
vt 0.389225 0.951137
vt 0.434150 0.860862
vt 0.432700 0.899862
vt 0.409375 0.936237
vt 0.410350 0.931062
vt 0.416325 0.928787
vt 0.418400 0.913463
vt 0.425375 0.914212
vt 0.404125 0.946238
vt 0.411825 0.939187
vt 0.419750 0.930438
vt 0.429275 0.916212
vt 0.434525 0.911038
vt 0.436225 0.908888
vt 0.438925 0.907138
vt 0.266675 0.784812
vt 0.280225 0.778962
vt 0.270100 0.789212
vt 0.325400 0.782613
vt 0.327400 0.780288
vt 0.330700 0.784938
vt 0.320400 0.792862
vt 0.316550 0.789562
vt 0.313125 0.798238
vt 0.310675 0.795187
vt 0.306725 0.803012
vt 0.305050 0.799462
vt 0.294625 0.803237
vt 0.294325 0.790787
vt 0.283675 0.791888
vt 0.276075 0.791637
vt 0.266350 0.799088
vt 0.263125 0.796662
vt 0.254525 0.787488
vt 0.265700 0.779063
vt 0.295975 0.807387
vt 0.286575 0.803738
vt 0.278125 0.803362
vt 0.286850 0.808362
vt 0.276875 0.807637
vt 0.264500 0.803113
vt 0.260725 0.800187
vt 0.251675 0.789688
vt 0.252825 0.779312
vt 0.254000 0.771263
vt 0.266225 0.773462
vt 0.262025 0.761737
vt 0.269300 0.768812
vt 0.265075 0.759187
vt 0.275075 0.766388
vt 0.276575 0.754537
vt 0.275200 0.750387
vt 0.285100 0.749287
vt 0.263100 0.755262
vt 0.259500 0.758437
vt 0.251100 0.769187
vt 0.249850 0.779437
vt 0.282650 0.765887
vt 0.285000 0.753937
vt 0.293050 0.754162
vt 0.293375 0.766737
vt 0.301200 0.778713
vt 0.304375 0.787012
vt 0.313250 0.783212
vt 0.318675 0.779812
vt 0.319050 0.778462
vt 0.318550 0.777112
vt 0.312875 0.773838
vt 0.303750 0.770413
vt 0.294300 0.750013
vt 0.303700 0.757712
vt 0.309650 0.761863
vt 0.315875 0.767362
vt 0.325150 0.773937
vt 0.327275 0.776012
vt 0.327950 0.778212
vt 0.333025 0.781037
vt 0.333400 0.777987
vt 0.332850 0.775038
vt 0.330350 0.771263
vt 0.319525 0.763687
vt 0.311975 0.758687
vt 0.305275 0.754037
vt 0.497750 0.770413
vt 0.488600 0.749887
vt 0.497750 0.749887
vt 0.488600 0.770413
vt 0.479450 0.749887
vt 0.479450 0.770413
vt 0.470175 0.749887
vt 0.470175 0.770413
vt 0.461025 0.749887
vt 0.461025 0.770413
vt 0.451850 0.749887
vt 0.451850 0.770413
vt 0.442700 0.749887
vt 0.442700 0.770413
vt 0.433550 0.749887
vt 0.433550 0.770413
vt 0.438175 0.985362
vt 0.448675 0.987487
vt 0.435875 0.989262
vt 0.448675 0.981887
vt 0.425125 0.961513
vt 0.425725 0.948762
vt 0.426100 0.962587
vt 0.426700 0.947537
vt 0.432075 0.962062
vt 0.431100 0.984187
vt 0.436000 0.981537
vt 0.448450 0.962613
vt 0.436975 0.949462
vt 0.430975 0.945888
vt 0.446975 0.956113
vt 0.461750 0.962412
vt 0.459800 0.964113
vt 0.463325 0.956113
vt 0.452825 0.949762
vt 0.454675 0.940187
vt 0.458075 0.949762
vt 0.441850 0.939737
vt 0.440250 0.939687
vt 0.436850 0.938537
vt 0.433425 0.945212
vt 0.436225 0.936813
vt 0.428050 0.937012
vt 0.423425 0.944963
vt 0.422925 0.947587
vt 0.421700 0.961662
vt 0.421700 0.964437
vt 0.427200 0.988087
vt 0.473825 0.936188
vt 0.474200 0.937513
vt 0.468225 0.939038
vt 0.463200 0.922137
vt 0.445875 0.922137
vt 0.461125 0.920138
vt 0.447825 0.920138
vt 0.469200 0.911837
vt 0.481275 0.936813
vt 0.466150 0.908962
vt 0.454550 0.907138
vt 0.442825 0.908888
vt 0.440025 0.911937
vt 0.477850 0.984163
vt 0.481775 0.988063
vt 0.473825 0.994913
vt 0.482875 0.962537
vt 0.487250 0.964437
vt 0.487250 0.961662
vt 0.484200 0.961388
vt 0.483475 0.948712
vt 0.486150 0.947613
vt 0.485675 0.944987
vt 0.482375 0.947537
vt 0.479075 0.945262
vt 0.476750 0.944137
vt 0.470775 0.938688
vt 0.472250 0.947037
vt 0.472975 0.948762
vt 0.477000 0.962038
vt 0.473100 0.981537
vt 0.473225 0.989237
vt 0.461500 0.992912
vt 0.435125 0.994913
vt 0.448925 0.992912
vt 0.461875 0.987487
vt 0.470900 0.985312
vt 0.463950 0.953912
vt 0.460650 0.949762
vt 0.450650 0.964113
vt 0.459800 0.981488
vt 0.450650 0.981488
vt 0.459800 0.986263
vt 0.461875 0.981637
vt 0.450650 0.986263
vt 0.447100 0.954912
vt 0.438800 0.948062
vt 0.450400 0.949762
vt 0.391425 0.989412
vt 0.391425 0.977237
vt 0.394850 0.978262
vt 0.379475 0.972637
vt 0.379475 0.993887
vt 0.391425 0.993912
vt 0.391425 0.995687
vt 0.378250 0.995462
vt 0.378250 0.970963
vt 0.391425 0.970812
vt 0.391425 0.972613
vt 0.394725 0.974612
vt 0.396550 0.975963
vt 0.399625 0.976087
vt 0.402775 0.977663
vt 0.399625 0.972263
vt 0.407675 0.975438
vt 0.408775 0.969037
vt 0.412300 0.976412
vt 0.421700 0.974988
vt 0.393375 0.972112
vt 0.415600 0.980237
vt 0.415600 0.984563
vt 0.421700 0.989563
vt 0.412800 0.988688
vt 0.408150 0.989962
vt 0.403150 0.988187
vt 0.394850 0.988037
vt 0.394600 0.991712
vt 0.393025 0.994712
vt 0.396675 0.990213
vt 0.399625 0.989637
vt 0.399625 0.992862
vt 0.409375 0.996212
vt 0.457600 0.846213
vt 0.449900 0.852062
vt 0.445500 0.860738
vt 0.445275 0.870512
vt 0.467125 0.844262
vt 0.449300 0.879237
vt 0.476525 0.846587
vt 0.456750 0.885463
vt 0.483975 0.852813
vt 0.466150 0.887787
vt 0.488000 0.861588
vt 0.475675 0.885813
vt 0.487750 0.871362
vt 0.483350 0.879963
vt 0.495925 0.873362
vt 0.489825 0.885337
vt 0.479200 0.893512
vt 0.466025 0.896212
vt 0.490550 0.847687
vt 0.496175 0.859887
vt 0.452950 0.892962
vt 0.442575 0.884362
vt 0.437100 0.872212
vt 0.437325 0.858787
vt 0.443425 0.846712
vt 0.454050 0.838512
vt 0.467250 0.835837
vt 0.480300 0.839137
vt 0.254575 0.952587
vt 0.251900 0.950837
vt 0.258125 0.943637
vt 0.256650 0.904612
vt 0.260800 0.945063
vt 0.256250 0.954762
vt 0.281425 0.979988
vt 0.286625 0.989987
vt 0.278975 0.982937
vt 0.274375 0.972538
vt 0.271025 0.974137
vt 0.265450 0.957937
vt 0.261475 0.959962
vt 0.262575 0.947287
vt 0.263775 0.941787
vt 0.293100 0.946862
vt 0.286875 0.961388
vt 0.303575 0.964337
vt 0.301050 0.980887
vt 0.280450 0.974787
vt 0.288425 0.985162
vt 0.272350 0.957213
vt 0.300500 0.989487
vt 0.311025 0.952513
vt 0.310775 0.938837
vt 0.304025 0.929338
vt 0.263950 0.919338
vt 0.278825 0.927013
vt 0.288250 0.929212
vt 0.297675 0.926112
vt 0.307550 0.920437
vt 0.259475 0.904387
vt 0.263050 0.904387
vt 0.274275 0.914387
vt 0.269725 0.901688
vt 0.275450 0.893587
vt 0.260325 0.887787
vt 0.256425 0.893637
vt 0.286700 0.916212
vt 0.284475 0.909988
vt 0.282250 0.903713
vt 0.280025 0.897488
vt 0.284675 0.889187
vt 0.260725 0.875512
vt 0.255950 0.880387
vt 0.253375 0.882887
vt 0.250425 0.883937
vt 0.253525 0.894238
vt 0.286075 0.895113
vt 0.299100 0.914562
vt 0.300075 0.907613
vt 0.304450 0.918238
vt 0.305200 0.906812
vt 0.297675 0.900962
vt 0.302775 0.897913
vt 0.292550 0.896387
vt 0.295100 0.890288
vt 0.288050 0.873187
vt 0.280900 0.863412
vt 0.299400 0.855012
vt 0.315925 0.875437
vt 0.303600 0.852062
vt 0.318325 0.872212
vt 0.321500 0.879788
vt 0.323875 0.878613
vt 0.328700 0.899063
vt 0.322775 0.889187
vt 0.320025 0.893137
vt 0.314100 0.897412
vt 0.331750 0.898287
vt 0.319425 0.890588
vt 0.318800 0.890037
vt 0.319425 0.892062
vt 0.314475 0.893337
vt 0.317275 0.884613
vt 0.321175 0.883312
vt 0.317525 0.884112
vt 0.316800 0.881737
vt 0.309500 0.881612
vt 0.302525 0.885463
vt 0.304325 0.894912
vt 0.330950 0.913162
vt 0.311850 0.884112
vt 0.316800 0.882837
vt 0.318500 0.934237
vt 0.317450 0.936587
vt 0.311425 0.933437
vt 0.321250 0.927812
vt 0.322100 0.935387
vt 0.325200 0.928862
vt 0.328150 0.926037
vt 0.324600 0.924287
vt 0.318675 0.920488
vt 0.295025 0.920012
vt 0.288925 0.922437
vt 0.323450 0.927087
vt 0.316050 0.922562
vt 0.322100 0.925738
vt 0.317950 0.938962
vt 0.319300 0.935938
vt 0.333625 0.914262
vt 0.328450 0.932262
vt 0.321000 0.943312
vt 0.313625 0.954387
vt 0.306750 0.966662
vt 0.303450 0.981812
vt 0.302300 0.989563
vt 0.300000 0.995287
vt 0.301525 0.994862
vt 0.429650 0.806288
vt 0.451500 0.793837
vt 0.451500 0.806288
vt 0.429650 0.793837
vt 0.442700 0.791762
vt 0.433550 0.791762
vt 0.433550 0.771263
vt 0.442700 0.771263
vt 0.451850 0.771263
vt 0.451850 0.791762
vt 0.461025 0.791762
vt 0.461025 0.771263
vt 0.470175 0.791762
vt 0.470175 0.771263
vt 0.479450 0.771263
vt 0.479450 0.791762
vt 0.488600 0.791762
vt 0.488600 0.771263
vt 0.497750 0.791762
vt 0.497750 0.771263
vt 0.415600 0.966187
vt 0.404375 0.966187
vt 0.415600 0.956787
vt 0.404375 0.956787
vt 0.400825 0.966187
vt 0.400825 0.956787
vt 0.400825 0.950912
vt 0.404375 0.950912
vt 0.415600 0.950912
vt 0.419400 0.950912
vt 0.419400 0.956787
vt 0.419400 0.966187
vt 0.480175 0.807887
vt 0.497525 0.819363
vt 0.497525 0.807887
vt 0.480175 0.819363
vt 0.462975 0.807887
vt 0.462975 0.819363
vt 0.355850 0.798362
vt 0.355850 0.811912
vt 0.359825 0.811912
vt 0.359825 0.798238
vt 0.355850 0.792862
vt 0.359825 0.792862
vt 0.355850 0.788463
vt 0.359825 0.788713
vt 0.355850 0.783962
vt 0.359825 0.784087
vt 0.355850 0.778587
vt 0.359825 0.779063
vt 0.355850 0.773713
vt 0.359825 0.773713
vt 0.355850 0.768587
vt 0.359825 0.768587
vt 0.355850 0.762962
vt 0.359825 0.762962
vt 0.355850 0.749787
vt 0.359825 0.749787
vt 0.482750 0.793837
vt 0.497400 0.806288
vt 0.497400 0.793837
vt 0.482750 0.806288
vt 0.468100 0.793837
vt 0.468100 0.806288
vt 0.418900 0.807887
vt 0.430975 0.807887
vt 0.418900 0.819363
vt 0.430975 0.819363
vt 0.443075 0.819363
vt 0.443075 0.807887
vt 0.364200 0.912862
vt 0.370750 0.919262
vt 0.372875 0.915787
vt 0.367325 0.921462
vt 0.363225 0.921587
vt 0.359400 0.920612
vt 0.356450 0.917812
vt 0.355125 0.913962
vt 0.355475 0.909863
vt 0.357625 0.906462
vt 0.361100 0.904188
vt 0.365125 0.903713
vt 0.368975 0.905062
vt 0.371900 0.907862
vt 0.373300 0.911712
s 1
usemtl respirator
f 889/1401/889 890/1402/890 891/1403/891
f 891/1403/891 890/1402/890 892/1404/892
f 893/1401/893 894/1402/894 895/1403/895
f 895/1403/895 894/1402/894 896/1404/896
f 897/1404/897 898/1402/898 899/1403/899
f 899/1403/899 898/1402/898 900/1401/900
f 901/1404/901 902/1402/902 903/1403/903
f 903/1403/903 902/1402/902 904/1401/904
f 905/1405/905 906/1406/906 907/1407/907
f 907/1407/907 906/1406/906 908/1408/908
f 908/1408/908 909/1409/909 907/1407/907
f 907/1407/907 909/1409/909 910/1410/910
f 911/1411/911 903/1412/903 912/1413/912
f 911/1411/911 901/1414/901 903/1412/903
f 911/1411/911 913/1415/913 901/1414/901
f 914/1416/914 901/1414/901 913/1415/913
f 911/1411/911 914/1416/914 913/1415/913
f 915/1417/915 914/1416/914 911/1411/911
f 915/1417/915 911/1411/911 912/1413/912
f 915/1417/915 912/1413/912 916/1418/916
f 912/1413/912 903/1412/903 916/1418/916
f 916/1418/916 903/1412/903 904/1419/904
f 915/1417/915 916/1418/916 904/1419/904
f 915/1417/915 904/1419/904 902/1420/902
f 902/1420/902 914/1416/914 915/1417/915
f 902/1420/902 901/1414/901 914/1416/914
f 895/1412/895 917/1411/917 918/1413/918
f 895/1412/895 896/1414/896 917/1411/917
f 919/1416/919 894/1420/894 920/1417/920
f 919/1416/919 896/1414/896 894/1420/894
f 921/1415/921 896/1414/896 919/1416/919
f 917/1411/917 896/1414/896 921/1415/921
f 917/1411/917 921/1415/921 919/1416/919
f 917/1411/917 919/1416/919 920/1417/920
f 920/1417/920 918/1413/918 917/1411/917
f 922/1418/922 918/1413/918 920/1417/920
f 922/1418/922 895/1412/895 918/1413/918
f 893/1419/893 895/1412/895 922/1418/922
f 893/1419/893 922/1418/922 920/1417/920
f 920/1417/920 894/1420/894 893/1419/893
f 923/1421/923 924/1422/924 925/1423/925
f 926/1424/926 927/1425/927 928/1426/928
f 926/1424/926 929/1427/929 927/1425/927
f 929/1427/929 926/1424/926 930/1428/930
f 929/1427/929 930/1428/930 931/1429/931
f 932/1430/932 929/1427/929 931/1429/931
f 933/1431/933 932/1430/932 931/1429/931
f 932/1430/932 933/1431/933 934/1432/934
f 933/1431/933 935/1433/935 934/1432/934
f 936/1434/936 935/1433/935 933/1431/933
f 937/1435/937 936/1434/936 933/1431/933
f 936/1434/936 937/1435/937 935/1436/935
f 935/1436/935 937/1435/937 938/1437/938
f 937/1435/937 939/1438/939 938/1437/938
f 938/1437/938 939/1438/939 940/1439/940
f 940/1439/940 939/1438/939 923/1440/923
f 923/1440/923 939/1438/939 924/1422/924
f 924/1422/924 939/1438/939 941/1441/941
f 925/1423/925 924/1422/924 941/1441/941
f 925/1423/925 941/1441/941 942/1442/942
f 939/1438/939 937/1435/937 933/1431/933
f 941/1441/941 939/1438/939 933/1431/933
f 941/1441/941 933/1431/933 931/1429/931
f 931/1429/931 942/1442/942 941/1441/941
f 943/1443/943 942/1442/942 931/1429/931
f 931/1429/931 930/1428/930 943/1443/943
f 930/1428/930 944/1444/944 943/1443/943
f 926/1424/926 944/1444/944 930/1428/930
f 926/1424/926 945/1445/945 944/1444/944
f 926/1424/926 928/1426/928 945/1445/945
f 928/1426/928 946/1446/946 945/1445/945
f 947/1447/947 946/1446/946 928/1426/928
f 947/1447/947 948/1448/948 946/1446/946
f 947/1447/947 949/1449/949 948/1448/948
f 949/1449/949 950/1450/950 948/1448/948
f 947/1447/947 950/1450/950 949/1449/949
f 950/1450/950 947/1447/947 928/1426/928
f 950/1450/950 928/1426/928 927/1425/927
f 951/1451/951 948/1448/948 950/1450/950
f 951/1451/951 950/1450/950 927/1425/927
f 927/1425/927 952/1452/952 951/1451/951
f 927/1425/927 929/1427/929 952/1452/952
f 929/1427/929 953/1453/953 952/1452/952
f 929/1427/929 932/1430/932 953/1453/953
f 932/1430/932 954/1454/954 953/1453/953
f 932/1430/932 934/1432/934 954/1454/954
f 955/1455/955 956/1456/956 957/1457/957
f 955/1455/955 958/1458/958 959/1459/959
f 956/1456/956 955/1455/955 959/1459/959
f 959/1459/959 960/1460/960 956/1456/956
f 961/1461/961 960/1460/960 959/1459/959
f 961/1461/961 962/1462/962 960/1460/960
f 963/1463/963 962/1462/962 961/1461/961
f 963/1463/963 961/1461/961 964/1464/964
f 965/1465/965 963/1463/963 964/1464/964
f 965/1465/965 964/1464/964 966/1466/966
f 967/1467/967 965/1465/965 966/1466/966
f 967/1467/967 966/1466/966 968/1468/968
f 969/1469/969 967/1467/967 968/1468/968
f 970/1470/970 971/1471/971 969/1469/969
f 970/1470/970 969/1469/969 968/1468/968
f 972/1472/972 970/1470/970 968/1468/968
f 973/1473/973 970/1470/970 972/1472/972
f 972/1472/972 974/1474/974 973/1473/973
f 972/1472/972 975/1475/975 974/1474/974
f 972/1472/972 976/1476/976 975/1475/975
f 976/1476/976 977/1477/977 975/1475/975
f 976/1476/976 978/1478/978 977/1477/977
f 976/1476/976 979/1479/979 978/1478/978
f 979/1479/979 980/1480/980 978/1478/978
f 979/1479/979 981/1481/981 980/1480/980
f 979/1479/979 982/1482/982 981/1481/981
f 982/1482/982 983/1483/983 981/1481/981
f 982/1482/982 984/1484/984 983/1483/983
f 982/1482/982 958/1458/958 984/1484/984
f 958/1458/958 985/1485/985 984/1484/984
f 955/1455/955 985/1485/985 958/1458/958
f 986/1486/986 987/1487/987 988/1488/988
f 987/1487/987 989/1489/989 988/1488/988
f 988/1488/988 989/1489/989 990/1490/990
f 990/1490/990 991/1491/991 988/1488/988
f 991/1491/991 990/1490/990 992/1492/992
f 993/1493/993 991/1491/991 992/1492/992
f 993/1493/993 992/1492/992 994/1494/994
f 994/1494/994 995/1495/995 993/1493/993
f 993/1493/993 995/1495/995 996/1496/996
f 996/1496/996 997/1497/997 993/1493/993
f 997/1497/997 991/1491/991 993/1493/993
f 991/1491/991 997/1497/997 998/1498/998
f 991/1491/991 998/1498/998 988/1488/988
f 998/1498/998 999/1499/999 988/1488/988
f 988/1488/988 999/1499/999 1000/1500/1000
f 1000/1500/1000 986/1486/986 988/1488/988
f 1001/1501/1001 986/1486/986 1000/1500/1000
f 986/1486/986 1001/1501/1001 987/1487/987
f 1001/1501/1001 1002/1502/1002 987/1487/987
f 1001/1501/1001 1003/1503/1003 1002/1502/1002
f 1004/1504/1004 1003/1503/1003 1001/1501/1001
f 1001/1501/1001 1005/1505/1005 1004/1504/1004
f 1006/1506/1006 1005/1505/1005 1001/1501/1001
f 1000/1500/1000 1006/1506/1006 1001/1501/1001
f 1007/1507/1007 1008/1508/1008 1009/1509/1009
f 1007/1507/1007 1010/1510/1010 1008/1508/1008
f 1010/1510/1010 1011/1511/1011 1008/1508/1008
f 1010/1510/1010 1012/1512/1012 1011/1511/1011
f 1011/1511/1011 1012/1512/1012 1013/1513/1013
f 1013/1513/1013 1012/1512/1012 1014/1514/1014
f 1013/1513/1013 1014/1514/1014 1015/1515/1015
f 1015/1515/1015 1014/1514/1014 1016/1516/1016
f 1017/1517/1017 1018/1518/1018 1019/1519/1019
f 1019/1519/1019 1018/1518/1018 1020/1520/1020
f 1021/1521/1021 1019/1519/1019 1020/1520/1020
f 1020/1520/1020 1022/1522/1022 1021/1521/1021
f 1021/1521/1021 1022/1522/1022 1023/1523/1023
f 1023/1523/1023 1022/1522/1022 1024/1524/1024
f 1023/1523/1023 1024/1524/1024 1025/1525/1025
f 1024/1524/1024 1026/1526/1026 1025/1525/1025
f 1025/1525/1025 1026/1526/1026 1027/1527/1027
f 1027/1527/1027 1026/1526/1026 1028/1528/1028
f 1028/1528/1028 1029/1529/1029 1027/1527/1027
f 1028/1528/1028 1030/1530/1030 1029/1529/1029
f 1029/1529/1029 1030/1530/1030 1031/1531/1031
f 1030/1530/1030 1032/1532/1032 1031/1531/1031
f 1031/1531/1031 1032/1532/1032 1033/1533/1033
f 1033/1533/1033 1032/1532/1032 1034/1534/1034
f 1034/1534/1034 1009/1509/1009 1033/1533/1033
f 1034/1534/1034 1007/1507/1007 1009/1509/1009
f 1035/1535/1035 1036/1536/1036 1037/1537/1037
f 1038/1538/1038 1036/1536/1036 1035/1535/1035
f 1035/1535/1035 1039/1539/1039 1038/1538/1038
f 1035/1535/1035 1040/1540/1040 1039/1539/1039
f 1021/1541/1021 1017/1542/1017 1019/1543/1019
f 1041/1544/1041 1017/1542/1017 1021/1541/1021
f 1041/1544/1041 1021/1541/1021 1023/1545/1023
f 1042/1546/1042 1041/1544/1041 1023/1545/1023
f 1043/1547/1043 1042/1546/1042 1023/1545/1023
f 1043/1547/1043 1023/1545/1023 1025/1548/1025
f 1027/1549/1027 1043/1547/1043 1025/1548/1025
f 1029/1550/1029 1043/1547/1043 1027/1549/1027
f 1044/1551/1044 1043/1547/1043 1029/1550/1029
f 1045/1552/1045 1044/1551/1044 1029/1550/1029
f 1045/1552/1045 1029/1550/1029 1031/1553/1031
f 1033/1554/1033 1045/1552/1045 1031/1553/1031
f 1046/1555/1046 1045/1552/1045 1033/1554/1033
f 1033/1554/1033 1009/1556/1009 1046/1555/1046
f 1047/1557/1047 1046/1555/1046 1009/1556/1009
f 1008/1558/1008 1047/1557/1047 1009/1556/1009
f 1008/1558/1008 1048/1559/1048 1047/1557/1047
f 1008/1558/1008 1011/1560/1011 1048/1559/1048
f 1011/1560/1011 1013/1561/1013 1048/1559/1048
f 1048/1559/1048 1013/1561/1013 1015/1562/1015
f 1049/1563/1049 1050/1564/1050 1051/1565/1051
f 1052/1566/1052 1051/1565/1051 1053/1567/1053
f 1051/1565/1051 1050/1564/1050 1053/1567/1053
f 1053/1567/1053 1050/1564/1050 1054/1568/1054
f 1049/1569/1049 1054/1568/1054 1050/1564/1050
f 1055/1570/1055 1054/1568/1054 1049/1569/1049
f 1056/1571/1056 1054/1568/1054 1055/1570/1055
f 1057/1572/1057 1054/1568/1054 1056/1571/1056
f 1058/1573/1058 1057/1572/1057 1056/1571/1056
f 1059/1574/1059 1057/1572/1057 1058/1573/1058
f 1060/1575/1060 1057/1572/1057 1059/1574/1059
f 1059/1574/1059 1058/1576/1058 1060/1575/1060
f 1060/1575/1060 1058/1576/1058 1061/1577/1061
f 1062/1578/1062 1060/1575/1060 1061/1577/1061
f 1062/1578/1062 1061/1577/1061 1063/1579/1063
f 1062/1578/1062 1063/1579/1063 1064/1580/1064
f 1062/1578/1062 1064/1580/1064 1065/1581/1065
f 1065/1581/1065 1064/1580/1064 1066/1582/1066
f 1067/1583/1067 1065/1581/1065 1066/1582/1066
f 1068/1584/1068 1060/1575/1060 1062/1578/1062
f 1065/1581/1065 1068/1584/1068 1062/1578/1062
f 1069/1585/1069 1068/1584/1068 1065/1581/1065
f 1069/1585/1069 1065/1581/1065 1067/1583/1067
f 1070/1586/1070 1069/1585/1069 1067/1583/1067
f 1070/1586/1070 1067/1583/1067 1071/1587/1071
f 1070/1586/1070 1071/1587/1071 1072/1588/1072
f 1073/1589/1073 1072/1588/1072 1071/1587/1071
f 1066/1582/1066 1074/1590/1074 1067/1583/1067
f 1067/1583/1067 1074/1590/1074 1071/1587/1071
f 1071/1587/1071 1074/1590/1074 1075/1591/1075
f 1075/1591/1075 1073/1589/1073 1071/1587/1071
f 1076/1592/1076 1073/1589/1073 1075/1591/1075
f 1073/1589/1073 1076/1592/1076 1072/1588/1072
f 1072/1588/1072 1076/1592/1076 1077/1593/1077
f 1072/1588/1072 1077/1593/1077 1078/1594/1078
f 1070/1586/1070 1072/1588/1072 1078/1594/1078
f 1070/1586/1070 1078/1594/1078 1079/1595/1079
f 1069/1585/1069 1070/1586/1070 1079/1595/1079
f 1069/1585/1069 1079/1595/1079 1080/1596/1080
f 1068/1584/1068 1069/1585/1069 1080/1596/1080
f 1080/1596/1080 1052/1566/1052 1068/1584/1068
f 1068/1584/1068 1052/1566/1052 1053/1567/1053
f 1068/1584/1068 1053/1567/1053 1060/1575/1060
f 1060/1575/1060 1053/1567/1053 1054/1568/1054
f 1060/1575/1060 1054/1568/1054 1057/1572/1057
f 1076/1592/1076 1075/1591/1075 1077/1593/1077
f 1081/1597/1081 1082/1598/1082 1083/1599/1083
f 1081/1597/1081 1084/1600/1084 1082/1598/1082
f 1081/1597/1081 1085/1601/1085 1084/1600/1084
f 1085/1601/1085 1086/1602/1086 1084/1600/1084
f 1087/1603/1087 1086/1602/1086 1085/1601/1085
f 1087/1603/1087 1088/1604/1088 1086/1602/1086
f 1087/1603/1087 1089/1605/1089 1088/1604/1088
f 1089/1605/1089 1090/1606/1090 1088/1604/1088
f 1091/1607/1091 1087/1603/1087 1092/1608/1092
f 1087/1603/1087 1085/1601/1085 1092/1608/1092
f 1085/1601/1085 1093/1609/1093 1092/1608/1092
f 1094/1610/1094 1093/1609/1093 1085/1601/1085
f 1094/1610/1094 1085/1601/1085 1081/1597/1081
f 1094/1610/1094 1081/1597/1081 1095/1611/1095
f 1081/1597/1081 1083/1599/1083 1095/1611/1095
f 1083/1599/1083 1096/1612/1096 1095/1611/1095
f 1095/1611/1095 1096/1612/1096 1097/1613/1097
f 1095/1611/1095 1097/1613/1097 1098/1614/1098
f 1096/1615/1096 1098/1614/1098 1097/1613/1097
f 1099/1616/1099 1098/1614/1098 1096/1615/1096
f 1099/1616/1099 1100/1617/1100 1098/1614/1098
f 1101/1618/1101 1100/1617/1100 1099/1616/1099
f 1102/1619/1102 1100/1617/1100 1101/1618/1101
f 1103/1620/1103 1100/1617/1100 1102/1619/1102
f 1100/1617/1100 1103/1620/1103 1104/1621/1104
f 1095/1611/1095 1100/1617/1100 1104/1621/1104
f 1095/1611/1095 1104/1621/1104 1094/1610/1094
f 1098/1614/1098 1100/1617/1100 1095/1611/1095
f 1105/1622/1105 1103/1620/1103 1102/1623/1102
f 1104/1621/1104 1103/1620/1103 1105/1622/1105
f 1106/1624/1106 1104/1621/1104 1105/1622/1105
f 1094/1610/1094 1104/1621/1104 1106/1624/1106
f 1106/1624/1106 1107/1625/1107 1094/1610/1094
f 1094/1610/1094 1107/1625/1107 1093/1609/1093
f 1093/1609/1093 1107/1625/1107 1108/1626/1108
f 1093/1609/1093 1108/1626/1108 1092/1608/1092
f 1108/1626/1108 1109/1627/1109 1092/1608/1092
f 1109/1627/1109 1091/1607/1091 1092/1608/1092
f 1091/1607/1091 1109/1627/1109 1110/1628/1110
f 1091/1607/1091 1110/1628/1110 1111/1629/1111
f 1110/1628/1110 1090/1606/1090 1111/1629/1111
f 1090/1606/1090 1112/1630/1112 1111/1629/1111
f 1090/1606/1090 1089/1605/1089 1112/1630/1112
f 1111/1629/1111 1112/1630/1112 1089/1605/1089
f 1091/1607/1091 1111/1629/1111 1089/1605/1089
f 1087/1603/1087 1091/1607/1091 1089/1605/1089
f 1113/1535/1113 1114/1539/1114 1115/1540/1115
f 1113/1535/1113 1116/1538/1116 1114/1539/1114
f 1116/1538/1116 1113/1535/1113 1117/1536/1117
f 1113/1535/1113 1118/1537/1118 1117/1536/1117
f 1119/1631/1119 1120/1632/1120 1121/1633/1121
f 1122/1634/1122 1120/1632/1120 1119/1631/1119
f 1122/1634/1122 1119/1631/1119 1123/1635/1123
f 1123/1635/1123 1124/1636/1124 1122/1634/1122
f 1124/1636/1124 1123/1635/1123 1125/1637/1125
f 1126/1638/1126 1124/1636/1124 1125/1637/1125
f 1126/1638/1126 1125/1637/1125 1127/1639/1127
f 1127/1639/1127 1128/1640/1128 1126/1638/1126
f 1128/1640/1128 1129/1641/1129 1126/1638/1126
f 1128/1640/1128 1130/1642/1130 1129/1641/1129
f 1129/1641/1129 1130/1642/1130 1131/1643/1131
f 1130/1642/1130 1132/1644/1132 1131/1643/1131
f 1130/1642/1130 1133/1645/1133 1132/1644/1132
f 1132/1644/1132 1133/1645/1133 1134/1646/1134
f 1133/1645/1133 1135/1647/1135 1134/1646/1134
f 1135/1647/1135 1136/1648/1136 1134/1646/1134
f 1134/1646/1134 1136/1648/1136 1137/1649/1137
f 1137/1649/1137 1138/1650/1138 1134/1646/1134
f 1137/1649/1137 1139/1651/1139 1138/1650/1138
f 1138/1650/1138 1139/1651/1139 1140/1652/1140
f 1141/1653/1141 1142/1654/1142 1143/1655/1143
f 1143/1655/1143 1142/1654/1142 1144/1656/1144
f 1142/1654/1142 1145/1657/1145 1144/1656/1144
f 1142/1654/1142 1146/1658/1146 1145/1657/1145
f 1145/1657/1145 1146/1658/1146 1147/1659/1147
f 1147/1659/1147 1148/1660/1148 1145/1657/1145
f 1110/1661/1110 1109/1662/1109 1149/1663/1149
f 1149/1663/1149 1109/1662/1109 1150/1664/1150
f 1149/1663/1149 1150/1664/1150 1151/1665/1151
f 1150/1664/1150 1152/1666/1152 1151/1665/1151
f 1153/1667/1153 1151/1665/1151 1152/1666/1152
f 1154/1668/1154 1151/1665/1151 1153/1667/1153
f 1155/1669/1155 1154/1668/1154 1153/1667/1153
f 1156/1670/1156 1154/1668/1154 1155/1669/1155
f 1156/1670/1156 1155/1669/1155 1005/1671/1005
f 1156/1670/1156 1005/1671/1005 1006/1672/1006
f 1141/1653/1141 1156/1670/1156 1006/1672/1006
f 1141/1653/1141 1006/1672/1006 1000/1673/1000
f 1141/1653/1141 1000/1673/1000 999/1674/999
f 1141/1653/1141 999/1674/999 1142/1654/1142
f 1142/1654/1142 999/1674/999 1157/1675/1157
f 1146/1658/1146 1142/1654/1142 1157/1675/1157
f 1158/1676/1158 1146/1658/1146 1157/1675/1157
f 1146/1658/1146 1158/1676/1158 1147/1659/1147
f 1157/1675/1157 999/1674/999 998/1677/998
f 998/1677/998 997/1678/997 1157/1675/1157
f 1159/1679/1159 1160/1680/1160 1161/1681/1161
f 1159/1679/1159 1151/1665/1151 1160/1680/1160
f 1154/1668/1154 1160/1680/1160 1151/1665/1151
f 1159/1679/1159 1162/1682/1162 1151/1665/1151
f 1151/1665/1151 1162/1682/1162 1149/1663/1149
f 1149/1663/1149 1162/1682/1162 1163/1683/1163
f 1162/1682/1162 1164/1684/1164 1163/1683/1163
f 1163/1683/1163 1164/1684/1164 1143/1655/1143
f 1164/1684/1164 1165/1685/1165 1143/1655/1143
f 1165/1685/1165 1141/1653/1141 1143/1655/1143
f 1141/1653/1141 1165/1685/1165 1166/1686/1166
f 1166/1686/1166 1156/1670/1156 1141/1653/1141
f 1166/1686/1166 1167/1687/1167 1156/1670/1156
f 1167/1687/1167 1154/1668/1154 1156/1670/1156
f 1167/1687/1167 1168/1688/1168 1154/1668/1154
f 1154/1668/1154 1168/1688/1168 1169/1689/1169
f 1154/1668/1154 1169/1689/1169 1160/1680/1160
f 1160/1680/1160 1169/1689/1169 1170/1690/1170
f 1170/1690/1170 1171/1691/1171 1160/1680/1160
f 1172/1692/1172 1171/1691/1171 1170/1690/1170
f 1172/1692/1172 1173/1693/1173 1171/1691/1171
f 1170/1690/1170 1174/1694/1174 1172/1692/1172
f 1175/1695/1175 1174/1694/1174 1170/1690/1170
f 1147/1659/1147 1158/1676/1158 1176/1696/1176
f 1147/1659/1147 1176/1696/1176 1148/1660/1148
f 1148/1660/1148 1176/1696/1176 1177/1697/1177
f 1176/1696/1176 1178/1698/1178 1177/1697/1177
f 1178/1698/1178 1179/1699/1179 1177/1697/1177
f 1180/1700/1180 1179/1699/1179 1178/1698/1178
f 1181/1701/1181 1180/1700/1180 1178/1698/1178
f 1182/1702/1182 1180/1700/1180 1181/1701/1181
f 1181/1701/1181 1183/1703/1183 1182/1702/1182
f 1184/1704/1184 1182/1702/1182 1183/1703/1183
f 1184/1704/1184 1183/1703/1183 1185/1705/1185
f 1184/1704/1184 1185/1705/1185 1186/1706/1186
f 1185/1705/1185 1149/1663/1149 1186/1706/1186
f 1186/1706/1186 1149/1663/1149 1187/1707/1187
f 1149/1663/1149 1163/1683/1163 1187/1707/1187
f 1187/1707/1187 1163/1683/1163 1188/1708/1188
f 1163/1683/1163 1143/1655/1143 1188/1708/1188
f 1188/1708/1188 1143/1655/1143 1144/1656/1144
f 1183/1703/1183 1181/1701/1181 1189/1709/1189
f 1181/1701/1181 1190/1710/1190 1189/1709/1189
f 1190/1710/1190 1181/1701/1181 1178/1698/1178
f 1191/1711/1191 1190/1710/1190 1178/1698/1178
f 1176/1696/1176 1191/1711/1191 1178/1698/1178
f 1158/1676/1158 1191/1711/1191 1176/1696/1176
f 1082/1712/1082 1084/1713/1084 1086/1714/1086
f 1192/1715/1192 1082/1712/1082 1086/1714/1086
f 1192/1715/1192 1086/1714/1086 1088/1716/1088
f 1088/1716/1088 1189/1709/1189 1192/1715/1192
f 1088/1716/1088 1090/1717/1090 1189/1709/1189
f 1189/1709/1189 1090/1717/1090 1183/1703/1183
f 1183/1703/1183 1090/1717/1090 1110/1661/1110
f 1110/1661/1110 1185/1705/1185 1183/1703/1183
f 1110/1661/1110 1149/1663/1149 1185/1705/1185
f 1193/1718/1193 1152/1666/1152 1150/1664/1150
f 1194/1719/1194 1193/1718/1193 1150/1664/1150
f 1195/1720/1195 1193/1718/1193 1194/1719/1194
f 1082/1712/1082 1195/1720/1195 1194/1719/1194
f 1196/1721/1196 1195/1720/1195 1082/1712/1082
f 1192/1715/1192 1196/1721/1196 1082/1712/1082
f 1192/1715/1192 1197/1722/1197 1196/1721/1196
f 1198/1723/1198 1197/1722/1197 1192/1715/1192
f 1192/1715/1192 1199/1724/1199 1198/1723/1198
f 1192/1715/1192 1189/1709/1189 1199/1724/1199
f 1200/1725/1200 1198/1723/1198 1199/1724/1199
f 1150/1664/1150 1109/1662/1109 1108/1726/1108
f 1108/1726/1108 1194/1719/1194 1150/1664/1150
f 1108/1726/1108 1106/1727/1106 1194/1719/1194
f 1106/1727/1106 1082/1712/1082 1194/1719/1194
f 1082/1712/1082 1106/1727/1106 1105/1728/1105
f 1083/1729/1083 1082/1712/1082 1105/1728/1105
f 1083/1729/1083 1105/1728/1105 1099/1730/1099
f 1099/1730/1099 1096/1731/1096 1083/1729/1083
f 1106/1727/1106 1108/1726/1108 1107/1732/1107
f 1099/1730/1099 1105/1728/1105 1101/1733/1101
f 1105/1728/1105 1102/1734/1102 1101/1733/1101
f 1201/1735/1201 997/1678/997 996/1736/996
f 1202/1737/1202 997/1678/997 1201/1735/1201
f 1157/1675/1157 997/1678/997 1202/1737/1202
f 1157/1675/1157 1202/1737/1202 1203/1738/1203
f 1158/1676/1158 1157/1675/1157 1203/1738/1203
f 1158/1676/1158 1203/1738/1203 1191/1711/1191
f 1191/1711/1191 1203/1738/1203 1204/1739/1204
f 1191/1711/1191 1204/1739/1204 1190/1710/1190
f 1190/1710/1190 1204/1739/1204 1205/1740/1205
f 1190/1710/1190 1205/1740/1205 1189/1709/1189
f 1189/1709/1189 1205/1740/1205 1206/1741/1206
f 1206/1741/1206 1199/1724/1199 1189/1709/1189
f 1206/1741/1206 1207/1742/1207 1199/1724/1199
f 1200/1725/1200 1199/1724/1199 1207/1742/1207
f 1208/1743/1208 1200/1725/1200 1207/1742/1207
f 1208/1743/1208 1207/1742/1207 1209/1744/1209
f 1208/1743/1208 1209/1744/1209 1210/1745/1210
f 1211/1746/1211 1210/1745/1210 1209/1744/1209
f 1210/1745/1210 1212/1747/1212 1208/1743/1208
f 1201/1735/1201 1203/1738/1203 1202/1737/1202
f 1213/1748/1213 1203/1738/1203 1201/1735/1201
f 1213/1748/1213 1204/1739/1204 1203/1738/1203
f 1213/1748/1213 1214/1749/1214 1204/1739/1204
f 1215/1750/1215 1216/1751/1216 1217/1752/1217
f 1216/1751/1216 1218/1753/1218 1217/1752/1217
f 1217/1752/1217 1218/1753/1218 1219/1754/1219
f 1205/1740/1205 1219/1754/1219 1218/1753/1218
f 1206/1741/1206 1205/1740/1205 1218/1753/1218
f 1206/1741/1206 1218/1753/1218 1216/1751/1216
f 1206/1741/1206 1216/1751/1216 1207/1742/1207
f 1211/1746/1211 1207/1742/1207 1216/1751/1216
f 1211/1746/1211 1209/1744/1209 1207/1742/1207
f 1215/1750/1215 1211/1746/1211 1216/1751/1216
f 1211/1746/1211 1220/1755/1220 1210/1745/1210
f 1211/1746/1211 1215/1750/1215 1220/1755/1220
f 1220/1755/1220 1215/1750/1215 1221/1756/1221
f 1221/1756/1221 1215/1750/1215 1217/1752/1217
f 1217/1752/1217 1222/1757/1222 1221/1756/1221
f 1219/1754/1219 1222/1757/1222 1217/1752/1217
f 1219/1754/1219 1223/1758/1223 1222/1757/1222
f 1224/1759/1224 1223/1758/1223 1219/1754/1219
f 1205/1740/1205 1224/1759/1224 1219/1754/1219
f 1205/1740/1205 1204/1739/1204 1224/1759/1224
f 1224/1759/1224 1204/1739/1204 1225/1760/1225
f 1204/1739/1204 1214/1749/1214 1225/1760/1225
f 1225/1760/1225 1214/1749/1214 1226/1761/1226
f 1227/1762/1227 1228/1763/1228 1229/1764/1229
f 1230/1765/1230 1231/1766/1231 1232/1767/1232
f 1230/1765/1230 1232/1767/1232 1233/1768/1233
f 1230/1765/1230 1233/1768/1233 1234/1769/1234
f 1233/1768/1233 1235/1770/1235 1234/1769/1234
f 1236/1771/1236 1234/1769/1234 1235/1770/1235
f 1236/1771/1236 1235/1770/1235 1237/1772/1237
f 1236/1771/1236 1237/1772/1237 1238/1773/1238
f 1238/1773/1238 1237/1772/1237 1239/1774/1239
f 1240/1775/1240 1238/1773/1238 1239/1774/1239
f 1241/1776/1241 1240/1775/1240 1239/1774/1239
f 1241/1776/1241 1228/1763/1228 1240/1775/1240
f 1242/1777/1242 1228/1763/1228 1241/1776/1241
f 1228/1763/1228 1242/1777/1242 1229/1764/1229
f 1229/1764/1229 1242/1777/1242 1243/1778/1243
f 1244/1779/1244 1229/1764/1229 1243/1778/1243
f 1244/1779/1244 1227/1762/1227 1229/1764/1229
f 1227/1762/1227 1244/1779/1244 1245/1780/1245
f 1246/1781/1246 1227/1762/1227 1245/1780/1245
f 1236/1771/1236 1238/1773/1238 1240/1775/1240
f 1237/1772/1237 1247/1782/1247 1239/1774/1239
f 1239/1774/1239 1247/1782/1247 1248/1783/1248
f 1241/1776/1241 1239/1774/1239 1248/1783/1248
f 1241/1776/1241 1248/1783/1248 1242/1777/1242
f 1249/1784/1249 1242/1777/1242 1248/1783/1248
f 1242/1777/1242 1249/1784/1249 1243/1778/1243
f 1248/1783/1248 1247/1782/1247 1250/1785/1250
f 1250/1785/1250 1249/1784/1249 1248/1783/1248
f 1250/1785/1250 1251/1786/1251 1249/1784/1249
f 1251/1786/1251 1243/1778/1243 1249/1784/1249
f 1243/1778/1243 1251/1786/1251 1252/1787/1252
f 1244/1779/1244 1243/1778/1243 1252/1787/1252
f 1244/1779/1244 1252/1787/1252 1253/1788/1253
f 1244/1779/1244 1253/1788/1253 1003/1789/1003
f 1244/1779/1244 1003/1789/1003 1245/1780/1245
f 1254/1790/1254 1245/1780/1245 1003/1789/1003
f 1254/1790/1254 1246/1781/1246 1245/1780/1245
f 1246/1781/1246 1254/1790/1254 1255/1791/1255
f 1256/1792/1256 1246/1781/1246 1255/1791/1255
f 1257/1793/1257 1256/1792/1256 1255/1791/1255
f 1258/1794/1258 1256/1792/1256 1257/1793/1257
f 1257/1793/1257 1259/1795/1259 1258/1794/1258
f 1258/1794/1258 1259/1795/1259 1260/1796/1260
f 1260/1796/1260 1259/1795/1259 1261/1797/1261
f 1261/1797/1261 1152/1798/1152 1193/1799/1193
f 1152/1798/1152 1261/1797/1261 1259/1795/1259
f 1153/1800/1153 1152/1798/1152 1259/1795/1259
f 1257/1793/1257 1153/1800/1153 1259/1795/1259
f 1257/1793/1257 1155/1801/1155 1153/1800/1153
f 1257/1793/1257 1005/1802/1005 1155/1801/1155
f 1257/1793/1257 1255/1791/1255 1005/1802/1005
f 1254/1790/1254 1005/1802/1005 1255/1791/1255
f 1254/1790/1254 1004/1803/1004 1005/1802/1005
f 1254/1790/1254 1003/1789/1003 1004/1803/1004
f 1246/1781/1246 1228/1763/1228 1227/1762/1227
f 1256/1792/1256 1228/1763/1228 1246/1781/1246
f 1228/1763/1228 1256/1792/1256 1258/1794/1258
f 1228/1763/1228 1258/1794/1258 1260/1796/1260
f 1262/1804/1262 1228/1763/1228 1260/1796/1260
f 1262/1804/1262 1260/1796/1260 1263/1805/1263
f 1262/1804/1262 1263/1805/1263 1264/1806/1264
f 1265/1807/1265 1262/1804/1262 1264/1806/1264
f 1228/1763/1228 1262/1804/1262 1265/1807/1265
f 1266/1808/1266 1228/1763/1228 1265/1807/1265
f 1228/1763/1228 1266/1808/1266 1240/1775/1240
f 1266/1808/1266 1267/1809/1267 1240/1775/1240
f 1240/1775/1240 1267/1809/1267 1236/1771/1236
f 1236/1771/1236 1267/1809/1267 1234/1769/1234
f 1234/1769/1234 1267/1809/1267 1268/1810/1268
f 1234/1769/1234 1268/1810/1268 1230/1765/1230
f 1230/1765/1230 1268/1810/1268 1269/1811/1269
f 1230/1765/1230 1269/1811/1269 1231/1766/1231
f 1267/1809/1267 1266/1808/1266 1268/1810/1268
f 1268/1810/1268 1266/1808/1266 1269/1811/1269
f 1270/1812/1270 1231/1766/1231 1269/1811/1269
f 1266/1808/1266 1270/1812/1270 1269/1811/1269
f 1266/1808/1266 1271/1813/1271 1270/1812/1270
f 1266/1808/1266 1272/1814/1272 1271/1813/1271
f 1272/1814/1272 1266/1808/1266 1273/1815/1273
f 1266/1808/1266 1265/1807/1265 1273/1815/1273
f 1263/1805/1263 1260/1796/1260 1261/1797/1261
f 1263/1805/1263 1261/1797/1261 1193/1799/1193
f 1263/1805/1263 1193/1799/1193 1195/1816/1195
f 1264/1806/1264 1263/1805/1263 1195/1816/1195
f 1274/1817/1274 1264/1806/1264 1195/1816/1195
f 1265/1807/1265 1264/1806/1264 1274/1817/1274
f 1275/1818/1275 1265/1807/1265 1274/1817/1274
f 1273/1815/1273 1265/1807/1265 1275/1818/1275
f 1276/1819/1276 1273/1815/1273 1275/1818/1275
f 1276/1819/1276 1272/1814/1272 1273/1815/1273
f 1276/1819/1276 1277/1820/1277 1272/1814/1272
f 1271/1813/1271 1272/1814/1272 1277/1820/1277
f 1278/1821/1278 1271/1813/1271 1277/1820/1277
f 1271/1813/1271 1278/1821/1278 1270/1812/1270
f 1270/1812/1270 1278/1821/1278 1279/1822/1279
f 1279/1822/1279 1231/1766/1231 1270/1812/1270
f 1279/1822/1279 1280/1823/1280 1231/1766/1231
f 1231/1766/1231 1280/1823/1280 1232/1767/1232
f 1279/1822/1279 1212/1824/1212 1280/1823/1280
f 1279/1822/1279 1208/1825/1208 1212/1824/1212
f 1279/1822/1279 1278/1821/1278 1208/1825/1208
f 1208/1825/1208 1278/1821/1278 1200/1826/1200
f 1200/1826/1200 1278/1821/1278 1277/1820/1277
f 1277/1820/1277 1198/1827/1198 1200/1826/1200
f 1276/1819/1276 1198/1827/1198 1277/1820/1277
f 1197/1828/1197 1198/1827/1198 1276/1819/1276
f 1197/1828/1197 1276/1819/1276 1275/1818/1275
f 1274/1817/1274 1197/1828/1197 1275/1818/1275
f 1196/1829/1196 1197/1828/1197 1274/1817/1274
f 1195/1816/1195 1196/1829/1196 1274/1817/1274
f 1281/1411/1281 899/1412/899 1282/1413/1282
f 1281/1411/1281 897/1414/897 899/1412/899
f 1281/1411/1281 1283/1415/1283 897/1414/897
f 1284/1416/1284 897/1414/897 1283/1415/1283
f 1281/1411/1281 1284/1416/1284 1283/1415/1283
f 1285/1417/1285 1284/1416/1284 1281/1411/1281
f 1285/1417/1285 1281/1411/1281 1282/1413/1282
f 1285/1417/1285 1282/1413/1282 1286/1418/1286
f 1282/1413/1282 899/1412/899 1286/1418/1286
f 1286/1418/1286 899/1412/899 900/1419/900
f 1285/1417/1285 1286/1418/1286 900/1419/900
f 1285/1417/1285 900/1419/900 898/1420/898
f 898/1420/898 1284/1416/1284 1285/1417/1285
f 898/1420/898 897/1414/897 1284/1416/1284
f 1287/1830/1287 1288/1831/1288 1289/1832/1289
f 1290/1833/1290 1288/1831/1288 1287/1830/1287
f 1290/1833/1290 1291/1834/1291 1288/1831/1288
f 1290/1833/1290 1292/1835/1292 1291/1834/1291
f 1291/1834/1291 1292/1835/1292 1293/1836/1293
f 1292/1835/1292 1294/1837/1294 1293/1836/1293
f 1294/1837/1294 1295/1838/1295 1293/1836/1293
f 1294/1837/1294 1296/1839/1296 1295/1838/1295
f 1296/1839/1296 1297/1840/1297 1295/1838/1295
f 1296/1839/1296 1298/1841/1298 1297/1840/1297
f 1297/1840/1297 1298/1841/1298 1299/1842/1299
f 1299/1842/1299 1298/1841/1298 1300/1843/1300
f 1300/1843/1300 1301/1844/1301 1299/1842/1299
f 1300/1843/1300 1302/1845/1302 1301/1844/1301
f 1303/1846/1303 1304/1847/1304 1305/1848/1305
f 1303/1846/1303 1306/1849/1306 1304/1847/1304
f 1307/1850/1307 1308/1851/1308 1309/1852/1309
f 1310/1853/1310 1309/1852/1309 1308/1851/1308
f 1310/1853/1310 1311/1854/1311 1309/1852/1309
f 1311/1854/1311 1312/1855/1312 1309/1852/1309
f 1311/1854/1311 1313/1856/1313 1312/1855/1312
f 1312/1855/1312 1313/1856/1313 1305/1848/1305
f 1305/1848/1305 1313/1856/1313 1303/1846/1303
f 1314/1857/1314 1303/1846/1303 1313/1856/1313
f 1303/1846/1303 1314/1857/1314 1306/1849/1306
f 1315/1858/1315 1310/1853/1310 1316/1859/1316
f 1315/1858/1315 1311/1854/1311 1310/1853/1310
f 1317/1860/1317 1311/1854/1311 1315/1858/1315
f 1317/1860/1317 1314/1857/1314 1311/1854/1311
f 1311/1854/1311 1314/1857/1314 1313/1856/1313
f 1314/1857/1314 1318/1861/1318 1319/1862/1319
f 1318/1861/1318 1314/1857/1314 1317/1860/1317
f 1318/1861/1318 1317/1860/1317 1320/1863/1320
f 1321/1864/1321 1322/1865/1322 1323/1866/1323
f 1324/1867/1324 1322/1865/1322 1321/1864/1321
f 1324/1867/1324 1321/1864/1321 1325/1868/1325
f 1324/1867/1324 1325/1868/1325 1326/1869/1326
f 1325/1868/1325 1327/1870/1327 1326/1869/1326
f 1328/1871/1328 1326/1869/1326 1327/1870/1327
f 1328/1871/1328 1327/1870/1327 1316/1859/1316
f 1328/1871/1328 1316/1859/1316 956/1872/956
f 1310/1853/1310 956/1872/956 1316/1859/1316
f 1310/1853/1310 957/1873/957 956/1872/956
f 1310/1853/1310 1308/1851/1308 957/1873/957
f 955/1874/955 957/1873/957 1308/1851/1308
f 1307/1850/1307 955/1874/955 1308/1851/1308
f 1307/1850/1307 985/1875/985 955/1874/955
f 1309/1852/1309 985/1875/985 1307/1850/1307
f 1309/1852/1309 984/1876/984 985/1875/985
f 1309/1852/1309 983/1877/983 984/1876/984
f 1312/1855/1312 983/1877/983 1309/1852/1309
f 1329/1878/1329 1330/1879/1330 1331/1880/1331
f 1332/1881/1332 1329/1878/1329 1331/1880/1331
f 1322/1865/1322 1332/1881/1332 1331/1880/1331
f 1333/1882/1333 1332/1881/1332 1322/1865/1322
f 1322/1865/1322 1324/1867/1324 1333/1882/1333
f 1333/1882/1333 1324/1867/1324 1328/1871/1328
f 1328/1871/1328 1324/1867/1324 1326/1869/1326
f 1332/1881/1332 1333/1882/1333 1334/1883/1334
f 1334/1883/1334 1333/1882/1333 1335/1884/1335
f 1329/1878/1329 967/1885/967 969/1886/969
f 1329/1878/1329 1332/1881/1332 967/1885/967
f 967/1885/967 1332/1881/1332 965/1887/965
f 1332/1881/1332 1334/1883/1334 965/1887/965
f 965/1887/965 1334/1883/1334 963/1888/963
f 1335/1884/1335 963/1888/963 1334/1883/1334
f 1335/1884/1335 962/1889/962 963/1888/963
f 1335/1884/1335 1333/1882/1333 962/1889/962
f 1333/1882/1333 960/1890/960 962/1889/962
f 1328/1871/1328 960/1890/960 1333/1882/1333
f 1328/1871/1328 956/1872/956 960/1890/960
f 1336/1891/1336 975/1892/975 977/1893/977
f 1336/1891/1336 1337/1894/1337 975/1892/975
f 1337/1894/1337 974/1895/974 975/1892/975
f 974/1895/974 1337/1894/1337 973/1896/973
f 973/1896/973 1337/1894/1337 1338/1897/1338
f 1337/1894/1337 1339/1898/1339 1338/1897/1338
f 970/1899/970 1338/1897/1338 1339/1898/1339
f 1339/1898/1339 971/1900/971 970/1899/970
f 1339/1898/1339 1340/1901/1340 971/1900/971
f 1340/1901/1340 969/1886/969 971/1900/971
f 1340/1901/1340 1341/1902/1341 969/1886/969
f 1329/1878/1329 969/1886/969 1341/1902/1341
f 1342/1903/1342 1329/1878/1329 1341/1902/1341
f 1330/1879/1330 1329/1878/1329 1342/1903/1342
f 1343/1904/1343 1330/1879/1330 1342/1903/1342
f 1330/1879/1330 1343/1904/1343 1331/1880/1331
f 1343/1904/1343 1323/1866/1323 1331/1880/1331
f 1323/1866/1323 1322/1865/1322 1331/1880/1331
f 1339/1898/1339 1337/1894/1337 1340/1901/1340
f 1338/1897/1338 970/1899/970 973/1896/973
f 1343/1904/1343 1342/1903/1342 1344/1905/1344
f 1344/1905/1344 1342/1903/1342 1341/1902/1341
f 1345/1906/1345 1344/1905/1344 1341/1902/1341
f 1340/1901/1340 1345/1906/1345 1341/1902/1341
f 1340/1901/1340 1346/1907/1346 1345/1906/1345
f 1337/1894/1337 1346/1907/1346 1340/1901/1340
f 1336/1891/1336 1346/1907/1346 1337/1894/1337
f 1336/1891/1336 1347/1908/1347 1346/1907/1346
f 1347/1908/1347 1336/1891/1336 1348/1909/1348
f 1348/1909/1348 1336/1891/1336 977/1893/977
f 977/1893/977 978/1910/978 1348/1909/1348
f 981/1911/981 983/1877/983 1312/1855/1312
f 981/1911/981 1312/1855/1312 1305/1848/1305
f 980/1912/980 981/1911/981 1305/1848/1305
f 1304/1847/1304 980/1912/980 1305/1848/1305
f 978/1910/978 980/1912/980 1304/1847/1304
f 978/1910/978 1304/1847/1304 1349/1913/1349
f 1348/1909/1348 978/1910/978 1349/1913/1349
f 1350/1914/1350 1348/1909/1348 1349/1913/1349
f 1348/1909/1348 1350/1914/1350 1347/1908/1347
f 1347/1908/1347 1350/1914/1350 1318/1861/1318
f 1318/1861/1318 1346/1907/1346 1347/1908/1347
f 1318/1861/1318 1320/1863/1320 1346/1907/1346
f 1320/1863/1320 1345/1906/1345 1346/1907/1346
f 1351/1915/1351 1345/1906/1345 1320/1863/1320
f 1351/1915/1351 1344/1905/1344 1345/1906/1345
f 1351/1915/1351 1352/1916/1352 1344/1905/1344
f 1344/1905/1344 1352/1916/1352 1343/1904/1343
f 1343/1904/1343 1352/1916/1352 1323/1866/1323
f 1353/1917/1353 1354/1918/1354 1355/1919/1355
f 1356/1920/1356 1355/1919/1355 1354/1918/1354
f 1357/1921/1357 1356/1920/1356 1354/1918/1354
f 1357/1921/1357 1349/1913/1349 1356/1920/1356
f 1357/1921/1357 1350/1914/1350 1349/1913/1349
f 1357/1921/1357 1318/1861/1318 1350/1914/1350
f 1318/1861/1318 1357/1921/1357 1354/1918/1354
f 1319/1862/1319 1318/1861/1318 1354/1918/1354
f 1354/1918/1354 1353/1917/1353 1319/1862/1319
f 1314/1857/1314 1319/1862/1319 1353/1917/1353
f 1355/1919/1355 1314/1857/1314 1353/1917/1353
f 1306/1849/1306 1314/1857/1314 1355/1919/1355
f 1306/1849/1306 1355/1919/1355 1358/1922/1358
f 1306/1849/1306 1358/1922/1358 1304/1847/1304
f 1356/1920/1356 1304/1847/1304 1358/1922/1358
f 1356/1920/1356 1349/1913/1349 1304/1847/1304
f 1358/1922/1358 1355/1919/1355 1356/1920/1356
f 1323/1866/1323 1352/1916/1352 1351/1915/1351
f 1351/1915/1351 1320/1863/1320 1323/1866/1323
f 1320/1863/1320 1321/1864/1321 1323/1866/1323
f 1321/1864/1321 1320/1863/1320 1317/1860/1317
f 1321/1864/1321 1317/1860/1317 1359/1923/1359
f 1317/1860/1317 1315/1858/1315 1359/1923/1359
f 1315/1858/1315 1360/1924/1360 1359/1923/1359
f 1315/1858/1315 1316/1859/1316 1360/1924/1360
f 1327/1870/1327 1360/1924/1360 1316/1859/1316
f 1325/1868/1325 1360/1924/1360 1327/1870/1327
f 1325/1868/1325 1361/1925/1361 1360/1924/1360
f 1325/1868/1325 1321/1864/1321 1361/1925/1361
f 1321/1864/1321 1359/1923/1359 1361/1925/1361
f 1359/1923/1359 1360/1924/1360 1361/1925/1361
f 1362/1926/1362 1363/1927/1363 1364/1928/1364
f 1362/1926/1362 1365/1929/1365 1363/1927/1363
f 1366/1930/1366 1365/1929/1365 1362/1926/1362
f 1366/1930/1366 1362/1926/1362 1367/1931/1367
f 1173/1932/1173 1366/1930/1366 1367/1931/1367
f 1172/1933/1172 1366/1930/1366 1173/1932/1173
f 1172/1933/1172 1365/1929/1365 1366/1930/1366
f 1174/1934/1174 1365/1929/1365 1172/1933/1172
f 1175/1935/1175 1365/1929/1365 1174/1934/1174
f 1368/1936/1368 1365/1929/1365 1175/1935/1175
f 1365/1929/1365 1368/1936/1368 1363/1927/1363
f 1363/1927/1363 1368/1936/1368 1170/1937/1170
f 1169/1938/1169 1363/1927/1363 1170/1937/1170
f 1169/1938/1169 1364/1928/1364 1363/1927/1363
f 1169/1938/1169 1168/1939/1168 1364/1928/1364
f 1364/1928/1364 1168/1939/1168 1369/1940/1369
f 1167/1941/1167 1369/1940/1369 1168/1939/1168
f 1167/1941/1167 1370/1942/1370 1369/1940/1369
f 1167/1941/1167 1166/1943/1166 1370/1942/1370
f 1370/1942/1370 1166/1943/1166 1371/1944/1371
f 1166/1943/1166 1165/1945/1165 1371/1944/1371
f 1170/1937/1170 1368/1936/1368 1175/1946/1175
f 1371/1944/1371 1372/1947/1372 1373/1948/1373
f 1371/1944/1371 1165/1945/1165 1372/1947/1372
f 1165/1945/1165 1164/1949/1164 1372/1947/1372
f 1164/1949/1164 1373/1948/1373 1372/1947/1372
f 1374/1950/1374 1373/1948/1373 1164/1949/1164
f 1374/1950/1374 1371/1944/1371 1373/1948/1373
f 1370/1942/1370 1371/1944/1371 1374/1950/1374
f 1374/1950/1374 1375/1951/1375 1370/1942/1370
f 1370/1942/1370 1375/1951/1375 1369/1940/1369
f 1369/1940/1369 1375/1951/1375 1376/1952/1376
f 1376/1952/1376 1364/1928/1364 1369/1940/1369
f 1376/1952/1376 1377/1953/1377 1364/1928/1364
f 1364/1928/1364 1377/1953/1377 1362/1926/1362
f 1171/1954/1171 1362/1926/1362 1377/1953/1377
f 1171/1954/1171 1173/1955/1173 1362/1926/1362
f 1362/1926/1362 1173/1955/1173 1367/1931/1367
f 1377/1953/1377 1160/1956/1160 1171/1954/1171
f 1161/1957/1161 1160/1956/1160 1377/1953/1377
f 1377/1953/1377 1376/1952/1376 1161/1957/1161
f 1376/1952/1376 1159/1958/1159 1161/1957/1161
f 1375/1951/1375 1159/1958/1159 1376/1952/1376
f 1375/1951/1375 1162/1959/1162 1159/1958/1159
f 1375/1951/1375 1374/1950/1374 1162/1959/1162
f 1374/1950/1374 1164/1949/1164 1162/1959/1162
f 1378/1960/1378 1379/1961/1379 1380/1962/1380
f 1381/1963/1381 1378/1960/1378 1380/1962/1380
f 1381/1963/1381 1382/1964/1382 1378/1960/1378
f 1381/1963/1381 1383/1965/1383 1382/1964/1382
f 1383/1965/1383 1384/1966/1384 1382/1964/1382
f 1383/1965/1383 1385/1967/1385 1384/1966/1384
f 1384/1966/1384 1385/1967/1385 1386/1968/1386
f 1386/1968/1386 1385/1967/1385 1387/1969/1387
f 1386/1968/1386 1387/1969/1387 1388/1970/1388
f 1389/1971/1389 1388/1970/1388 1387/1969/1387
f 1389/1971/1389 1390/1972/1390 1388/1970/1388
f 1390/1972/1390 1389/1971/1389 1391/1973/1391
f 1390/1972/1390 1391/1973/1391 1392/1974/1392
f 1393/1975/1393 1392/1974/1392 1391/1973/1391
f 1391/1973/1391 1389/1971/1389 1393/1975/1393
f 1389/1971/1389 1394/1976/1394 1393/1975/1393
f 1394/1976/1394 1389/1971/1389 1387/1969/1387
f 1395/1977/1395 1394/1976/1394 1387/1969/1387
f 1386/1968/1386 1388/1970/1388 1396/1978/1396
f 1396/1978/1396 1388/1970/1388 1397/1979/1397
f 1388/1970/1388 1390/1972/1390 1397/1979/1397
f 1397/1979/1397 1390/1972/1390 1392/1974/1392
f 1385/1967/1385 1395/1977/1395 1387/1969/1387
f 1398/1980/1398 1395/1977/1395 1385/1967/1385
f 1398/1980/1398 1385/1967/1385 1383/1965/1383
f 1383/1965/1383 1399/1981/1399 1398/1980/1398
f 1383/1965/1383 1381/1963/1381 1399/1981/1399
f 1399/1981/1399 1381/1963/1381 1400/1982/1400
f 1381/1963/1381 1380/1962/1380 1400/1982/1400
f 1400/1982/1400 1380/1962/1380 1401/1983/1401
f 1379/1961/1379 1401/1983/1401 1380/1962/1380
f 1402/1984/1402 1401/1983/1401 1379/1961/1379
f 1378/1960/1378 1402/1984/1402 1379/1961/1379
f 1403/1985/1403 1402/1984/1402 1378/1960/1378
f 1403/1985/1403 1378/1960/1378 1382/1964/1382
f 1404/1986/1404 1403/1985/1403 1382/1964/1382
f 1384/1966/1384 1404/1986/1404 1382/1964/1382
f 1384/1966/1384 1405/1987/1405 1404/1986/1404
f 1384/1966/1384 1386/1968/1386 1405/1987/1405
f 1405/1987/1405 1386/1968/1386 1396/1978/1396
f 1225/1988/1225 1226/1989/1226 1406/1990/1406
f 1406/1990/1406 1407/1991/1407 1408/1992/1408
f 1406/1990/1406 1408/1992/1408 1225/1988/1225
f 1224/1993/1224 1225/1988/1225 1408/1992/1408
f 1409/1994/1409 1220/1995/1220 1221/1996/1221
f 1410/1997/1410 1409/1994/1409 1221/1996/1221
f 1410/1997/1410 1221/1996/1221 1222/1998/1222
f 1410/1997/1410 1222/1998/1222 1411/1999/1411
f 1411/1999/1411 1222/1998/1222 1223/2000/1223
f 1411/1999/1411 1223/2000/1223 1224/1993/1224
f 1412/2001/1412 1411/1999/1411 1224/1993/1224
f 1224/1993/1224 1408/1992/1408 1412/2001/1412
f 1412/2001/1412 1408/1992/1408 1413/2002/1413
f 1414/2003/1414 1412/2001/1412 1413/2002/1413
f 1415/2004/1415 1412/2001/1412 1414/2003/1414
f 1416/2005/1416 1415/2004/1415 1414/2003/1414
f 1416/2005/1416 1417/2006/1417 1415/2004/1415
f 1415/2004/1415 1417/2006/1417 1418/2007/1418
f 1418/2007/1418 1417/2006/1417 1419/2008/1419
f 1409/1994/1409 1418/2007/1418 1419/2008/1419
f 1409/1994/1409 1410/1997/1410 1418/2007/1418
f 1410/1997/1410 1420/2009/1420 1418/2007/1418
f 1410/1997/1410 1411/1999/1411 1420/2009/1420
f 1411/1999/1411 1412/2001/1412 1420/2009/1420
f 1415/2004/1415 1420/2009/1420 1412/2001/1412
f 1415/2004/1415 1418/2007/1418 1420/2009/1420
f 1419/2008/1419 1417/2006/1417 1421/2010/1421
f 1422/2011/1422 1416/2005/1416 1414/2003/1414
f 1414/2003/1414 951/2012/951 1422/2011/1422
f 1414/2003/1414 948/2013/948 951/2012/951
f 1413/2002/1413 1408/1992/1408 1423/2014/1423
f 1413/2002/1413 1423/2014/1423 1424/2015/1424
f 1424/2015/1424 1425/2016/1425 1413/2002/1413
f 1414/2003/1414 1413/2002/1413 1425/2016/1425
f 1414/2003/1414 1425/2016/1425 1426/2017/1426
f 1414/2003/1414 1426/2017/1426 948/2013/948
f 946/2018/946 948/2013/948 1426/2017/1426
f 1423/2014/1423 1427/2019/1427 1428/2020/1428
f 1423/2014/1423 1429/2021/1429 1424/2015/1424
f 1428/2020/1428 1429/2021/1429 1423/2014/1423
f 1430/2022/1430 1429/2021/1429 1428/2020/1428
f 1428/2020/1428 1431/2023/1431 1430/2022/1430
f 1432/2024/1432 1431/2023/1431 1428/2020/1428
f 1427/2019/1427 1432/2024/1432 1428/2020/1428
f 1427/2019/1427 1433/2025/1433 1432/2024/1432
f 1429/2021/1429 1434/2026/1434 1424/2015/1424
f 1429/2021/1429 1435/2027/1435 1434/2026/1434
f 1429/2021/1429 1430/2022/1430 1435/2027/1435
f 1430/2022/1430 1436/2028/1436 1435/2027/1435
f 1430/2022/1430 1437/2029/1437 1436/2028/1436
f 1430/2022/1430 1431/2023/1431 1437/2029/1437
f 1437/2029/1437 1431/2023/1431 1438/2030/1438
f 1432/2024/1432 1438/2030/1438 1431/2023/1431
f 1432/2024/1432 989/2031/989 1438/2030/1438
f 989/2031/989 1432/2024/1432 990/2032/990
f 992/2033/992 990/2032/990 1432/2024/1432
f 1433/2025/1433 992/2033/992 1432/2024/1432
f 1433/2025/1433 994/2034/994 992/2033/992
f 1439/2035/1439 994/2034/994 1433/2025/1433
f 1407/1991/1407 1439/2035/1439 1433/2025/1433
f 1407/1991/1407 1433/2025/1433 1427/2019/1427
f 1408/1992/1408 1407/1991/1407 1427/2019/1427
f 1408/1992/1408 1427/2019/1427 1423/2014/1423
f 1438/2030/1438 1440/2036/1440 1437/2029/1437
f 1441/2037/1441 1442/2038/1442 1443/2039/1443
f 1444/2040/1444 1443/2039/1443 1442/2038/1442
f 1444/2040/1444 1442/2038/1442 1445/2041/1445
f 1446/2042/1446 1444/2040/1444 1445/2041/1445
f 1447/2043/1447 1446/2042/1446 1445/2041/1445
f 1446/2042/1446 1447/2043/1447 1448/2044/1448
f 1440/2036/1440 1448/2044/1448 1447/2043/1447
f 1438/2030/1438 1448/2044/1448 1440/2036/1440
f 1449/2045/1449 1448/2044/1448 1438/2030/1438
f 1449/2045/1449 1438/2030/1438 989/2031/989
f 1449/2045/1449 989/2031/989 987/2046/987
f 1449/2045/1449 987/2046/987 1002/2047/1002
f 1449/2045/1449 1002/2047/1002 1450/2048/1450
f 1450/2048/1450 1002/2047/1002 1003/2049/1003
f 1253/2050/1253 1450/2048/1450 1003/2049/1003
f 1451/2051/1451 1450/2048/1450 1253/2050/1253
f 1252/2052/1252 1451/2051/1451 1253/2050/1253
f 1452/2053/1452 1451/2051/1451 1252/2052/1252
f 1452/2053/1452 1063/2054/1063 1451/2051/1451
f 1452/2053/1452 1066/2055/1066 1063/2054/1063
f 1074/2056/1074 1066/2055/1066 1452/2053/1452
f 1452/2053/1452 1252/2052/1252 1251/2057/1251
f 1063/2054/1063 1066/2055/1066 1064/2058/1064
f 1061/2059/1061 1058/2060/1058 1056/2061/1056
f 1051/2062/1051 1061/2059/1061 1056/2061/1056
f 1051/2062/1051 1063/2054/1063 1061/2059/1061
f 1051/2062/1051 1052/2063/1052 1063/2054/1063
f 1451/2051/1451 1063/2054/1063 1052/2063/1052
f 1052/2063/1052 1080/2064/1080 1451/2051/1451
f 1079/2065/1079 1451/2051/1451 1080/2064/1080
f 1450/2048/1450 1451/2051/1451 1079/2065/1079
f 1078/2066/1078 1450/2048/1450 1079/2065/1079
f 1449/2045/1449 1450/2048/1450 1078/2066/1078
f 1449/2045/1449 1078/2066/1078 1077/2067/1077
f 1449/2045/1449 1077/2067/1077 1448/2044/1448
f 1077/2067/1077 1075/2068/1075 1448/2044/1448
f 1075/2068/1075 1446/2042/1446 1448/2044/1448
f 1075/2068/1075 1074/2056/1074 1446/2042/1446
f 1074/2056/1074 1444/2040/1444 1446/2042/1446
f 1074/2056/1074 1452/2053/1452 1444/2040/1444
f 1444/2040/1444 1452/2053/1452 1453/2069/1453
f 1051/2062/1051 1056/2061/1056 1055/2070/1055
f 1055/2070/1055 1049/2071/1049 1051/2062/1051
f 934/2072/934 935/2073/935 938/2074/938
f 938/2074/938 925/2075/925 934/2072/934
f 934/2072/934 925/2075/925 954/2076/954
f 925/2075/925 942/2077/942 954/2076/954
f 1454/2078/1454 954/2076/954 942/2077/942
f 1454/2078/1454 942/2077/942 944/2079/944
f 944/2079/944 1453/2069/1453 1454/2078/1454
f 944/2079/944 945/2080/945 1453/2069/1453
f 945/2080/945 1444/2040/1444 1453/2069/1453
f 945/2080/945 946/2018/946 1444/2040/1444
f 1444/2040/1444 946/2018/946 1443/2039/1443
f 946/2018/946 1426/2017/1426 1443/2039/1443
f 1441/2037/1441 1443/2039/1443 1426/2017/1426
f 1455/2081/1455 1441/2037/1441 1426/2017/1426
f 1455/2081/1455 1426/2017/1426 1425/2016/1425
f 1456/2082/1456 1455/2081/1455 1425/2016/1425
f 1456/2082/1456 1425/2016/1425 1424/2015/1424
f 1424/2015/1424 1434/2026/1434 1456/2082/1456
f 944/2079/944 942/2077/942 943/2083/943
f 938/2074/938 940/2084/940 925/2075/925
f 940/2084/940 923/2085/923 925/2075/925
f 954/2076/954 952/2086/952 953/2087/953
f 952/2086/952 954/2076/954 1422/2011/1422
f 1422/2011/1422 951/2012/951 952/2086/952
f 1452/2053/1452 1251/2057/1251 1453/2069/1453
f 1453/2069/1453 1251/2057/1251 1250/2088/1250
f 1250/2088/1250 1454/2078/1454 1453/2069/1453
f 1250/2088/1250 1247/2089/1247 1454/2078/1454
f 954/2076/954 1454/2078/1454 1247/2089/1247
f 1247/2089/1247 1237/2090/1237 954/2076/954
f 1237/2090/1237 1422/2011/1422 954/2076/954
f 1422/2011/1422 1237/2090/1237 1235/2091/1235
f 1235/2091/1235 1233/2092/1233 1422/2011/1422
f 1422/2011/1422 1233/2092/1233 1416/2005/1416
f 1233/2092/1233 1232/2093/1232 1416/2005/1416
f 1232/2093/1232 1417/2006/1417 1416/2005/1416
f 1232/2093/1232 1280/2094/1280 1417/2006/1417
f 1280/2094/1280 1421/2010/1421 1417/2006/1417
f 1280/2094/1280 1210/2095/1210 1421/2010/1421
f 1421/2010/1421 1210/2095/1210 1419/2008/1419
f 1419/2008/1419 1210/2095/1210 1220/1995/1220
f 1220/1995/1220 1409/1994/1409 1419/2008/1419
f 1280/2094/1280 1212/2096/1212 1210/2095/1210
f 1457/2097/1457 1458/2098/1458 1459/2099/1459
f 1458/2098/1458 1457/2097/1457 1460/2100/1460
f 1461/2101/1461 1287/2102/1287 1289/2103/1289
f 1462/2104/1462 1461/2101/1461 1289/2103/1289
f 1462/2104/1462 1463/2105/1463 1461/2101/1461
f 1461/2101/1461 1463/2105/1463 1464/2106/1464
f 1463/2105/1463 1465/2107/1465 1464/2106/1464
f 1463/2105/1463 1466/2108/1466 1465/2107/1465
f 1466/2108/1466 1467/2109/1467 1465/2107/1465
f 1466/2108/1466 1468/2110/1468 1467/2109/1467
f 1468/2110/1468 1469/2111/1469 1467/2109/1467
f 1467/2109/1467 1469/2111/1469 1470/2112/1470
f 1469/2111/1469 1471/2113/1471 1470/2112/1470
f 1469/2111/1469 1472/2114/1472 1471/2113/1471
f 1472/2114/1472 1302/2115/1302 1471/2113/1471
f 1472/2114/1472 1301/2116/1301 1302/2115/1302
f 1473/2114/1473 1400/2115/1400 1474/2116/1474
f 1473/2114/1473 1399/2113/1399 1400/2115/1400
f 1473/2114/1473 1475/2111/1475 1399/2113/1399
f 1475/2111/1475 1398/2112/1398 1399/2113/1399
f 1475/2111/1475 1395/2109/1395 1398/2112/1398
f 1475/2111/1475 1476/2110/1476 1395/2109/1395
f 1395/2109/1395 1476/2110/1476 1477/2108/1477
f 1477/2108/1477 1394/2107/1394 1395/2109/1395
f 1477/2108/1477 1478/2105/1478 1394/2107/1394
f 1478/2105/1478 1393/2106/1393 1394/2107/1394
f 1478/2105/1478 1392/2101/1392 1393/2106/1393
f 1478/2105/1478 1479/2104/1479 1392/2101/1392
f 1392/2101/1392 1479/2104/1479 1480/2103/1480
f 1392/2101/1392 1480/2103/1480 1397/2102/1397
f 1481/2117/1481 1482/2118/1482 1483/2119/1483
f 1483/2119/1483 1482/2118/1482 1484/2120/1484
f 1484/2120/1484 1482/2118/1482 1485/2121/1485
f 1485/2121/1485 1486/2122/1486 1484/2120/1484
f 1484/2120/1484 1486/2122/1486 1487/2123/1487
f 1487/2123/1487 1488/2124/1488 1484/2120/1484
f 1484/2120/1484 1488/2124/1488 1489/2125/1489
f 1483/2119/1483 1484/2120/1484 1489/2125/1489
f 1483/2119/1483 1489/2125/1489 1490/2126/1490
f 1483/2119/1483 1490/2126/1490 1491/2127/1491
f 1481/2117/1481 1483/2119/1483 1491/2127/1491
f 1481/2117/1481 1491/2127/1491 1492/2128/1492
f 1493/1963/1493 1494/1965/1494 1471/1981/1471
f 1493/1963/1493 1471/1981/1471 1302/1982/1302
f 1493/1963/1493 1302/1982/1302 1495/1962/1495
f 1495/1962/1495 1302/1982/1302 1300/1983/1300
f 1496/1973/1496 1497/1971/1497 1498/1972/1498
f 1497/1971/1497 1499/1970/1499 1498/1972/1498
f 1500/1969/1500 1499/1970/1499 1497/1971/1497
f 1499/1970/1499 1500/1969/1500 1501/1968/1501
f 1500/1969/1500 1502/1967/1502 1501/1968/1501
f 1503/1966/1503 1501/1968/1501 1502/1967/1502
f 1503/1966/1503 1502/1967/1502 1494/1965/1494
f 1503/1966/1503 1494/1965/1494 1504/1964/1504
f 1493/1963/1493 1504/1964/1504 1494/1965/1494
f 1493/1963/1493 1505/1960/1505 1504/1964/1504
f 1505/1960/1505 1493/1963/1493 1495/1962/1495
f 1505/1960/1505 1495/1962/1495 1506/1961/1506
f 1300/1983/1300 1506/1961/1506 1495/1962/1495
f 1506/1961/1506 1300/1983/1300 1298/1984/1298
f 1505/1960/1505 1506/1961/1506 1298/1984/1298
f 1505/1960/1505 1298/1984/1298 1296/1985/1296
f 1504/1964/1504 1505/1960/1505 1296/1985/1296
f 1296/1985/1296 1294/1986/1294 1504/1964/1504
f 1294/1986/1294 1503/1966/1503 1504/1964/1504
f 1503/1966/1503 1294/1986/1294 1292/1987/1292
f 1503/1966/1503 1292/1987/1292 1501/1968/1501
f 1501/1968/1501 1292/1987/1292 1290/1978/1290
f 1290/1978/1290 1499/1970/1499 1501/1968/1501
f 1499/1970/1499 1290/1978/1290 1287/1979/1287
f 1499/1970/1499 1287/1979/1287 1498/1972/1498
f 1498/1972/1498 1287/1979/1287 1461/1974/1461
f 1461/1974/1461 1496/1973/1496 1498/1972/1498
f 1496/1973/1496 1461/1974/1461 1464/1975/1464
f 1496/1973/1496 1464/1975/1464 1497/1971/1497
f 1497/1971/1497 1464/1975/1464 1465/1976/1465
f 1500/1969/1500 1497/1971/1497 1465/1976/1465
f 1500/1969/1500 1465/1976/1465 1467/1977/1467
f 1500/1969/1500 1467/1977/1467 1502/1967/1502
f 1502/1967/1502 1467/1977/1467 1470/1980/1470
f 1502/1967/1502 1470/1980/1470 1494/1965/1494
f 1494/1965/1494 1470/1980/1470 1471/1981/1471
f 1507/2129/1507 1508/2130/1508 1509/2131/1509
f 1510/2129/1510 1509/2131/1509 1508/2130/1508
f 1511/2132/1511 1510/2129/1510 1508/2130/1508
f 1512/2133/1512 1510/2129/1510 1511/2132/1511
f 1513/2134/1513 1512/2133/1512 1511/2132/1511
f 1512/2133/1512 1513/2134/1513 1514/2132/1514
f 1512/2133/1512 1514/2132/1514 1507/2129/1507
f 1507/2129/1507 1514/2132/1514 1508/2130/1508
f 1515/1650/1515 1016/1652/1016 1014/1651/1014
f 1012/1649/1012 1515/1650/1515 1014/1651/1014
f 1516/1646/1516 1515/1650/1515 1012/1649/1012
f 1516/1646/1516 1012/1649/1012 1010/1648/1010
f 1516/1646/1516 1010/1648/1010 1007/1647/1007
f 1516/1646/1516 1007/1647/1007 1034/1645/1034
f 1517/1644/1517 1516/1646/1516 1034/1645/1034
f 1032/1642/1032 1517/1644/1517 1034/1645/1034
f 1518/1643/1518 1517/1644/1517 1032/1642/1032
f 1519/1641/1519 1518/1643/1518 1032/1642/1032
f 1519/1641/1519 1032/1642/1032 1030/1640/1030
f 1520/1638/1520 1519/1641/1519 1030/1640/1030
f 1520/1638/1520 1030/1640/1030 1028/1639/1028
f 1028/1639/1028 1026/1637/1026 1520/1638/1520
f 1520/1638/1520 1026/1637/1026 1521/1636/1521
f 1026/1637/1026 1024/1635/1024 1521/1636/1521
f 1024/1635/1024 1022/1631/1022 1521/1636/1521
f 1521/1636/1521 1022/1631/1022 1522/1634/1522
f 1522/1634/1522 1022/1631/1022 1018/1632/1018
f 1022/1631/1022 1020/1633/1020 1018/1632/1018
f 1522/2135/1522 1018/2136/1018 1017/2137/1017
f 1522/2135/1522 1017/2137/1017 1041/2138/1041
f 1041/2138/1041 1521/2139/1521 1522/2135/1522
f 1042/2140/1042 1521/2139/1521 1041/2138/1041
f 1520/2141/1520 1521/2139/1521 1042/2140/1042
f 1043/2142/1043 1520/2141/1520 1042/2140/1042
f 1519/2143/1519 1520/2141/1520 1043/2142/1043
f 1044/2144/1044 1519/2143/1519 1043/2142/1043
f 1518/2145/1518 1519/2143/1519 1044/2144/1044
f 1045/2146/1045 1518/2145/1518 1044/2144/1044
f 1517/2147/1517 1518/2145/1518 1045/2146/1045
f 1046/2148/1046 1517/2147/1517 1045/2146/1045
f 1516/2149/1516 1517/2147/1517 1046/2148/1046
f 1047/2150/1047 1516/2149/1516 1046/2148/1046
f 1047/2150/1047 1515/2151/1515 1516/2149/1516
f 1047/2150/1047 1048/2152/1048 1515/2151/1515
f 1048/2152/1048 1016/2153/1016 1515/2151/1515
f 1048/2152/1048 1015/2154/1015 1016/2153/1016
f 891/1412/891 1523/1411/1523 1524/1413/1524
f 891/1412/891 892/1414/892 1523/1411/1523
f 1523/1411/1523 892/1414/892 1525/1415/1525
f 1525/1415/1525 892/1414/892 1526/1416/1526
f 1523/1411/1523 1525/1415/1525 1526/1416/1526
f 1523/1411/1523 1526/1416/1526 1527/1417/1527
f 1527/1417/1527 1524/1413/1524 1523/1411/1523
f 1528/1418/1528 1524/1413/1524 1527/1417/1527
f 1528/1418/1528 891/1412/891 1524/1413/1524
f 889/1419/889 891/1412/891 1528/1418/1528
f 889/1419/889 1528/1418/1528 1527/1417/1527
f 1527/1417/1527 890/1420/890 889/1419/889
f 1526/1416/1526 890/1420/890 1527/1417/1527
f 1526/1416/1526 892/1414/892 890/1420/890
f 1529/2099/1529 1530/2098/1530 1531/2097/1531
f 1530/2098/1530 1532/2100/1532 1531/2097/1531
f 1533/1405/1533 1534/1407/1534 1535/1406/1535
f 1534/1407/1534 1536/1408/1536 1535/1406/1535
f 1536/1408/1536 1534/1407/1534 1537/1409/1537
f 1534/1407/1534 1538/1410/1538 1537/1409/1537
f 1539/2155/1539 1540/2156/1540 1541/2157/1541
f 1539/2155/1539 1542/2158/1542 1540/2156/1540
f 1539/2155/1539 1543/2159/1543 1542/2158/1542
f 1542/2158/1542 1543/2159/1543 1544/2160/1544
f 1545/1509/1545 1546/1508/1546 1135/1507/1135
f 1546/1508/1546 1136/1510/1136 1135/1507/1135
f 1546/1508/1546 1547/1511/1547 1136/1510/1136
f 1547/1511/1547 1137/1512/1137 1136/1510/1136
f 1547/1511/1547 1548/1513/1548 1137/1512/1137
f 1548/1513/1548 1139/1514/1139 1137/1512/1137
f 1549/1515/1549 1139/1514/1139 1548/1513/1548
f 1140/1516/1140 1139/1514/1139 1549/1515/1549
f 1550/1519/1550 1120/1518/1120 1551/1517/1551
f 1121/1520/1121 1120/1518/1120 1550/1519/1550
f 1552/1521/1552 1121/1520/1121 1550/1519/1550
f 1552/1521/1552 1119/1522/1119 1121/1520/1121
f 1552/1521/1552 1553/1523/1553 1119/1522/1119
f 1123/1524/1123 1119/1522/1119 1553/1523/1553
f 1553/1523/1553 1554/1525/1554 1123/1524/1123
f 1123/1524/1123 1554/1525/1554 1125/1526/1125
f 1554/1525/1554 1555/1527/1555 1125/1526/1125
f 1555/1527/1555 1127/1528/1127 1125/1526/1125
f 1555/1527/1555 1556/1529/1556 1127/1528/1127
f 1127/1528/1127 1556/1529/1556 1128/1530/1128
f 1128/1530/1128 1556/1529/1556 1557/1531/1557
f 1128/1530/1128 1557/1531/1557 1130/1532/1130
f 1557/1531/1557 1558/1533/1558 1130/1532/1130
f 1558/1533/1558 1133/1534/1133 1130/1532/1130
f 1558/1533/1558 1545/1509/1545 1133/1534/1133
f 1545/1509/1545 1135/1507/1135 1133/1534/1133
f 1559/2161/1559 1560/2162/1560 1561/2163/1561
f 1560/2162/1560 1562/2164/1562 1561/2163/1561
f 1560/2162/1560 1563/2165/1563 1562/2164/1562
f 1560/2162/1560 1564/2166/1564 1563/2165/1563
f 1565/2162/1565 1566/2165/1566 1567/2166/1567
f 1565/2162/1565 1568/2164/1568 1566/2165/1566
f 1565/2162/1565 1569/2163/1569 1568/2164/1568
f 1565/2162/1565 1570/2161/1570 1569/2163/1569
f 1571/2117/1571 1572/2119/1572 1573/2118/1573
f 1574/2120/1574 1573/2118/1573 1572/2119/1572
f 1574/2120/1574 1575/2121/1575 1573/2118/1573
f 1574/2120/1574 1576/2122/1576 1575/2121/1575
f 1574/2120/1574 1577/2123/1577 1576/2122/1576
f 1574/2120/1574 1578/2124/1578 1577/2123/1577
f 1574/2120/1574 1579/2125/1579 1578/2124/1578
f 1579/2125/1579 1574/2120/1574 1572/2119/1572
f 1580/2126/1580 1579/2125/1579 1572/2119/1572
f 1581/2127/1581 1580/2126/1580 1572/2119/1572
f 1581/2127/1581 1572/2119/1572 1571/2117/1571
f 1571/2117/1571 1582/2128/1582 1581/2127/1581
f 1583/2129/1583 1584/2130/1584 1585/2131/1585
f 1586/2129/1586 1585/2131/1585 1584/2130/1584
f 1587/2132/1587 1586/2129/1586 1584/2130/1584
f 1588/2133/1588 1586/2129/1586 1587/2132/1587
f 1589/2134/1589 1588/2133/1588 1587/2132/1587
f 1588/2133/1588 1589/2134/1589 1590/2132/1590
f 1588/2133/1588 1590/2132/1590 1583/2129/1583
f 1583/2129/1583 1590/2132/1590 1584/2130/1584
f 1591/2158/1591 1592/2160/1592 1593/2159/1593
f 1591/2158/1591 1593/2159/1593 1594/2155/1594
f 1594/2155/1594 1595/2156/1595 1591/2158/1591
f 1594/2155/1594 1596/2157/1596 1595/2156/1595
f 1597/2167/1597 1478/2168/1478 1477/2169/1477
f 1597/2167/1597 1479/2170/1479 1478/2168/1478
f 1597/2167/1597 1480/2171/1480 1479/2170/1479
f 1597/2167/1597 1598/2172/1598 1480/2171/1480
f 1597/2167/1597 1599/2173/1599 1598/2172/1598
f 1597/2167/1597 1600/2174/1600 1599/2173/1599
f 1597/2167/1597 1601/2175/1601 1600/2174/1600
f 1601/2175/1601 1597/2167/1597 1602/2176/1602
f 1603/2177/1603 1602/2176/1602 1597/2167/1597
f 1474/2178/1474 1603/2177/1603 1597/2167/1597
f 1473/2179/1473 1474/2178/1474 1597/2167/1597
f 1475/2180/1475 1473/2179/1473 1597/2167/1597
f 1476/2181/1476 1475/2180/1475 1597/2167/1597
f 1477/2169/1477 1476/2181/1476 1597/2167/1597
f 1552/1541/1552 1550/1543/1550 1551/1542/1551
f 1604/1544/1604 1552/1541/1552 1551/1542/1551
f 1553/1545/1553 1552/1541/1552 1604/1544/1604
f 1553/1545/1553 1604/1544/1604 1605/1546/1605
f 1553/1545/1553 1605/1546/1605 1606/1547/1606
f 1554/1548/1554 1553/1545/1553 1606/1547/1606
f 1606/1547/1606 1555/1549/1555 1554/1548/1554
f 1556/1550/1556 1555/1549/1555 1606/1547/1606
f 1556/1550/1556 1606/1547/1606 1607/1551/1607
f 1608/1552/1608 1556/1550/1556 1607/1551/1607
f 1557/1553/1557 1556/1550/1556 1608/1552/1608
f 1558/1554/1558 1557/1553/1557 1608/1552/1608
f 1558/1554/1558 1608/1552/1608 1609/1555/1609
f 1609/1555/1609 1545/1556/1545 1558/1554/1558
f 1545/1556/1545 1609/1555/1609 1610/1557/1610
f 1610/1557/1610 1546/1558/1546 1545/1556/1545
f 1610/1557/1610 1611/1559/1611 1546/1558/1546
f 1546/1558/1546 1611/1559/1611 1547/1560/1547
f 1611/1559/1611 1548/1561/1548 1547/1560/1547
f 1611/1559/1611 1549/1562/1549 1548/1561/1548
f 1611/2152/1611 1140/2153/1140 1549/2154/1549
f 1138/2151/1138 1140/2153/1140 1611/2152/1611
f 1610/2150/1610 1138/2151/1138 1611/2152/1611
f 1134/2149/1134 1138/2151/1138 1610/2150/1610
f 1134/2149/1134 1610/2150/1610 1609/2148/1609
f 1609/2148/1609 1132/2147/1132 1134/2149/1134
f 1132/2147/1132 1609/2148/1609 1608/2146/1608
f 1608/2146/1608 1131/2145/1131 1132/2147/1132
f 1608/2146/1608 1607/2144/1607 1131/2145/1131
f 1131/2145/1131 1607/2144/1607 1129/2143/1129
f 1129/2143/1129 1607/2144/1607 1606/2142/1606
f 1606/2142/1606 1126/2141/1126 1129/2143/1129
f 1606/2142/1606 1605/2140/1605 1126/2141/1126
f 1126/2141/1126 1605/2140/1605 1124/2139/1124
f 1605/2140/1605 1604/2138/1604 1124/2139/1124
f 1604/2138/1604 1122/2135/1122 1124/2139/1124
f 1604/2138/1604 1551/2137/1551 1122/2135/1122
f 1551/2137/1551 1120/2136/1120 1122/2135/1122
f 1480/1832/1480 1598/1831/1598 1397/1830/1397
f 1396/1833/1396 1397/1830/1397 1598/1831/1598
f 1396/1833/1396 1598/1831/1598 1599/1834/1599
f 1599/1834/1599 1405/1835/1405 1396/1833/1396
f 1600/1836/1600 1405/1835/1405 1599/1834/1599
f 1404/1837/1404 1405/1835/1405 1600/1836/1600
f 1404/1837/1404 1600/1836/1600 1601/1838/1601
f 1403/1839/1403 1404/1837/1404 1601/1838/1601
f 1403/1839/1403 1601/1838/1601 1602/1840/1602
f 1402/1841/1402 1403/1839/1403 1602/1840/1602
f 1603/1842/1603 1402/1841/1402 1602/1840/1602
f 1401/1843/1401 1402/1841/1402 1603/1842/1603
f 1401/1843/1401 1603/1842/1603 1474/1844/1474
f 1401/1843/1401 1474/1844/1474 1400/1845/1400
f 1301/2178/1301 1612/2167/1612 1299/2177/1299
f 1297/2176/1297 1299/2177/1299 1612/2167/1612
f 1295/2175/1295 1297/2176/1297 1612/2167/1612
f 1293/2174/1293 1295/2175/1295 1612/2167/1612
f 1291/2173/1291 1293/2174/1293 1612/2167/1612
f 1288/2172/1288 1291/2173/1291 1612/2167/1612
f 1289/2171/1289 1288/2172/1288 1612/2167/1612
f 1462/2170/1462 1289/2171/1289 1612/2167/1612
f 1612/2167/1612 1463/2168/1463 1462/2170/1462
f 1463/2168/1463 1612/2167/1612 1466/2169/1466
f 1612/2167/1612 1468/2181/1468 1466/2169/1466
f 1612/2167/1612 1469/2180/1469 1468/2181/1468
f 1612/2167/1612 1472/2179/1472 1469/2180/1469
f 1612/2167/1612 1301/2178/1301 1472/2179/1472
o helmet_light
v -1.710873 1.267380 -2.614985
v -1.711301 2.130783 -2.813699
v -1.652600 2.132614 -2.644602
v -1.769576 1.265537 -2.784086
v -1.976169 1.338783 2.813290
v -2.086930 1.999630 3.373837
v -1.722701 1.371147 3.437772
v -2.343305 1.972157 2.723027
v -2.323955 1.321541 1.803185
v -2.538142 1.948978 1.784888
v -2.519252 1.311287 0.965891
v -2.630146 1.947090 0.936022
v -2.640924 1.299232 0.104937
v -2.647022 1.924473 0.046406
v -2.598280 1.320953 -1.093555
v -2.593080 1.948479 -1.118792
v -2.443548 1.352169 -1.710871
v -2.455257 1.978745 -1.704251
v -2.285490 1.389359 -2.018273
v -2.284293 1.989464 -2.032088
v -0.994247 2.046982 4.191835
v -0.504661 2.042503 4.478017
v -0.465256 2.047432 4.400344
v -1.052846 2.036316 4.250723
v -1.567979 2.024719 3.874855
v -1.621104 2.031021 3.937693
v -1.878757 2.012650 3.662575
v -1.953262 2.020515 3.709291
v -2.170490 1.995705 3.406477
v -2.420939 1.963608 2.755353
v -2.634424 1.949478 1.804993
v -2.718386 1.936798 0.954597
v -2.752056 1.927788 0.054512
v -2.693064 1.939198 -1.127917
v -2.549482 1.962929 -1.699585
v 2.249772 1.876369 3.666534
v 2.279939 1.881023 3.557751
v 2.210527 1.894684 3.559486
v 2.322668 1.875690 3.687431
v 2.296077 1.876190 3.782416
v 2.234001 1.876766 3.756772
v 2.144142 1.900986 3.948482
v 2.090318 1.909622 3.909152
v 1.843389 1.944736 4.032161
v 1.781634 1.952442 3.985783
v 1.170454 2.003372 4.264328
v 1.130339 2.000877 4.203092
v 0.528077 2.034477 4.499595
v 0.502036 2.029610 4.424832
v 0.048316 2.047806 4.487991
v 0.055508 2.043205 4.568705
v -0.238092 2.044052 4.537547
v -0.214163 2.050385 4.466145
v 2.841833 2.585342 2.891817
v 2.800480 2.456749 2.907323
v 2.732260 2.406250 2.872535
v 2.802955 2.684494 2.851663
v 2.603569 2.372536 2.845976
v 2.526089 2.433556 2.790514
v 2.537000 2.571030 2.755994
v 2.714747 2.763718 2.787711
v 2.608097 3.281960 2.663564
v 2.768112 3.237869 2.719651
v 3.032187 5.049164 2.379346
v 2.803265 5.051186 2.346576
v 2.857375 5.455032 2.291625
v 3.066114 5.450745 2.323563
v 2.923532 5.645905 2.265260
v 3.293427 5.615112 2.351769
v 3.036555 5.906624 2.271404
v 3.278108 5.823135 2.337442
v 3.173990 5.933495 2.286552
v -0.934102 1.401798 4.248286
v -0.489371 1.429802 4.618724
v -0.980068 1.417362 4.326856
v -0.463926 1.411858 4.537979
v -0.207427 1.425240 4.678934
v -0.199896 1.424213 4.591353
v 0.075182 1.418671 4.610653
v 0.073119 1.426445 4.699809
v 0.541957 1.409851 4.633840
v 0.505085 1.400150 4.550348
v 1.089852 1.361656 4.265114
v 1.151138 1.369995 4.336159
v 1.678708 1.315559 4.055200
v 1.624380 1.305767 3.992431
v 1.896204 1.266098 3.761628
v 1.972848 1.278542 3.791914
v 2.035394 1.259029 3.570462
v 2.104897 1.255257 3.592338
v 2.121035 1.267319 3.465719
v 2.047681 1.261967 3.466684
v 2.000367 1.292534 3.358711
v 2.074088 1.282497 3.355681
v 3.052326 5.917526 2.985160
v 2.963693 6.002632 2.938446
v 3.082624 5.684364 3.009633
v 2.859483 5.514084 2.973666
v 2.809557 5.136589 3.010787
v 2.547683 3.329407 3.265128
v 2.486065 2.876984 3.350356
v 2.557631 2.788261 3.408855
v 2.609483 2.658249 3.465958
v 2.557494 2.525452 3.478585
v 2.483085 2.480286 3.463008
v 2.358291 2.451706 3.425321
v 2.280993 2.505013 3.376389
v 2.831289 5.956543 2.914164
v 2.724741 5.709496 2.911433
v 2.660097 5.534523 2.907280
v 2.604624 5.131981 2.973350
v 2.362921 3.353302 3.227665
v 2.285074 2.628738 3.341614
v 1.638839 2.345329 -2.880048
v 2.123894 2.397865 -2.401001
v 2.211232 2.435646 -2.483215
v 1.716411 2.377892 -2.990177
v 2.282248 2.671425 -2.585187
v 1.792975 2.611595 -3.076253
v 1.906834 2.933777 -3.208532
v 2.386572 2.982727 -2.716228
v -2.683690 1.322926 -1.097656
v -2.540729 1.355675 -1.679623
v -2.713453 1.293686 0.111513
v -2.614878 1.312752 0.984258
v -2.425310 1.326054 1.813632
v -2.074520 1.338146 2.813397
v -1.812518 1.368649 3.469869
v -1.606719 1.386223 3.788018
v -1.523060 1.385952 3.745443
v -1.374317 1.402569 4.030856
v -1.298757 1.396194 3.969451
v 1.966125 2.998169 -3.285419
v 1.841985 2.565048 -3.123912
v 1.754441 2.299362 -2.992142
v 1.627836 2.251587 -2.870957
v 2.120594 2.310043 -2.371916
v 2.235759 2.362190 -2.509731
v 2.334421 2.633919 -2.630991
v 2.461038 3.032372 -2.768672
v -2.632335 1.981007 -1.787723
v -2.676402 1.411316 -1.800789
v -2.386752 1.413269 -2.306457
v -2.349328 1.988926 -2.335065
v -2.348430 1.442337 -2.558863
v -2.316542 2.004646 -2.556484
v -2.256820 1.438545 -2.690489
v -2.232365 2.002914 -2.707201
v -2.059611 1.439556 -2.725064
v -2.027220 2.012756 -2.735996
v -1.989207 1.448570 -2.609837
v -1.954423 2.007423 -2.626477
v -2.007556 1.440022 -2.466826
v -1.972384 2.021103 -2.483934
v -1.650994 2.609001 -3.225177
v -1.633207 2.587463 -3.128016
v -1.668255 2.570244 -3.160284
v -1.733290 2.425880 -2.893541
v -1.730113 2.424507 -2.754503
v -1.788972 2.395714 -2.809309
v -1.670635 2.456528 -2.835206
v -1.691961 2.474869 -2.976353
v -1.623693 2.508255 -2.912795
v -1.600107 2.571213 -2.971196
v -1.674852 2.534660 -3.040789
v -1.558414 2.620750 -3.041998
v -1.523326 2.671440 -3.106311
v -1.561257 2.920403 -3.196341
v -1.700860 2.761879 -3.311603
v -1.742066 2.922218 -3.379398
v -1.775793 3.097443 -3.429693
v -1.632942 3.273239 -3.304678
v -1.809552 3.292793 -3.477098
v -1.831125 3.455414 -3.490360
v -1.697235 3.520882 -3.365702
v -1.889784 3.553078 -3.419003
v -1.790151 3.622406 -3.319229
v -1.552091 2.345329 -2.880049
v -2.125791 2.435646 -2.483215
v -2.039759 2.397865 -2.401002
v -1.629663 2.377892 -2.990177
v -2.195528 2.671425 -2.585187
v -1.706227 2.611595 -3.076254
v -1.820086 2.933777 -3.208532
v -2.299824 2.982727 -2.716229
v -2.247733 2.652664 -2.502888
v -2.342349 2.682388 -2.521637
v -2.282205 2.635414 -2.535519
v -1.953769 2.413216 -2.641500
v -1.894935 2.442001 -2.586698
v -1.970773 2.488373 -2.529933
v -2.033194 2.457726 -2.588267
v -2.041838 2.552582 -2.487754
v -2.109702 2.519203 -2.551311
v -2.092916 2.623474 -2.470219
v -2.167197 2.586914 -2.539812
v -2.157573 2.684258 -2.433112
v -2.215713 2.744827 -2.402771
v -2.278905 2.996613 -2.465654
v -2.413172 2.837532 -2.586287
v -2.464920 2.998993 -2.643345
v -2.497545 3.174103 -2.694758
v -2.351652 3.349579 -2.572844
v -2.525216 3.368805 -2.748364
v -2.388158 3.594269 -2.662164
v -2.522048 3.528793 -2.786823
v -2.442381 3.611771 -2.856316
v -2.333605 3.680122 -2.765851
v -1.755236 2.565048 -3.123913
v -1.888604 3.008530 -3.293007
v -1.667693 2.299362 -2.992143
v -1.541087 2.251587 -2.870958
v -2.150187 2.362190 -2.509732
v -2.037427 2.310043 -2.371916
v -2.247674 2.633919 -2.630992
v -2.383517 3.042740 -2.776261
v 1.719956 2.587463 -3.128015
v 1.737743 2.609001 -3.225176
v 1.755003 2.570244 -3.160284
v 1.820038 2.425880 -2.893540
v 1.875720 2.395714 -2.809308
v 1.816861 2.424507 -2.754503
v 1.757383 2.456528 -2.835206
v 1.778709 2.474869 -2.976353
v 1.710441 2.508255 -2.912794
v 1.686855 2.571213 -2.971195
v 1.761600 2.534660 -3.040788
v 1.645163 2.620750 -3.041997
v 1.610074 2.671440 -3.106311
v 1.648005 2.920403 -3.196340
v 1.787608 2.761879 -3.311602
v 1.828814 2.922218 -3.379397
v 1.862541 3.097443 -3.429693
v 1.719691 3.273239 -3.304677
v 1.896301 3.292793 -3.477097
v 1.917873 3.455414 -3.490359
v 1.783984 3.520882 -3.365701
v 1.976532 3.553078 -3.419003
v 1.876899 3.622406 -3.319229
v 2.178849 2.623474 -2.470218
v 2.127861 2.552582 -2.487753
v 2.196128 2.519203 -2.551310
v 2.119837 2.457726 -2.588266
v 2.057182 2.488373 -2.529933
v 2.040517 2.413216 -2.641500
v 1.981657 2.442001 -2.586698
v 2.420353 3.680122 -2.765851
v 2.529129 3.611771 -2.856316
v 2.474906 3.594269 -2.662163
v 2.608796 3.528793 -2.786823
v 2.611964 3.368805 -2.748363
v 2.438400 3.349579 -2.572844
v 2.584293 3.174110 -2.694757
v 2.365587 2.996613 -2.465653
v 2.551668 2.998993 -2.643344
v 2.499919 2.837532 -2.586287
v 2.428666 2.682388 -2.521637
v 2.300997 2.744827 -2.402770
v 2.368567 2.635414 -2.535518
v 2.333873 2.652664 -2.502887
v 2.243129 2.684258 -2.433111
v 2.253596 2.586914 -2.539811
v 2.996287 5.122795 2.164753
v 3.043471 5.076065 2.240973
v 2.994678 5.077187 2.227416
v 2.838656 6.201538 2.925872
v 2.991397 6.214149 2.960473
v 3.200281 6.128250 2.216237
v 3.051049 6.114182 2.169113
v 3.223244 6.017426 2.125200
v 3.036372 6.022247 2.072195
v 3.002257 5.861534 2.062666
v 3.214449 5.754631 2.132283
v 2.980775 5.659233 2.075434
v 3.193974 5.381142 2.170484
v 2.967589 5.475067 2.092164
v 2.973151 5.298759 2.121958
v 3.174479 5.118202 2.215297
v 3.153418 5.066658 2.284848
v 3.129888 5.016647 2.363259
v 3.025562 5.019341 2.333668
v 3.016435 4.954155 2.394393
v 3.111712 4.951698 2.421422
v 2.998335 4.901871 2.483305
v 3.085783 4.899620 2.508110
v 2.975434 4.870918 2.581403
v 3.057583 4.868797 2.604705
v 2.994246 4.894844 2.830387
v 2.912091 4.896965 2.807087
v 2.883102 4.949257 2.893867
v 2.970552 4.947014 2.918670
v 2.855993 5.020142 2.966034
v 2.951271 5.017677 2.993060
v 2.940784 5.094406 3.037024
v 2.836461 5.097099 3.007437
v 2.923585 5.161194 3.103739
v 2.807509 5.173103 3.081708
v 2.908916 5.227409 3.161488
v 2.730721 5.232010 3.110946
v 2.918162 5.494568 3.153186
v 2.699368 5.411354 3.097439
v 2.758852 5.174156 3.067669
v 2.689754 5.589325 3.082086
v 2.703360 5.773300 3.063849
v 2.938208 5.868225 3.116530
v 2.727184 5.974640 3.042743
v 2.770810 6.131454 3.018385
v 2.957681 6.126633 3.071390
v -1.656220 8.913765 0.390427
v -1.447703 8.994080 0.864462
v -1.496999 8.894371 0.973937
v -2.782316 7.397293 1.194078
v -2.430498 7.615463 1.668153
v -2.552915 7.505638 1.685705
v -2.660405 7.490623 1.122149
v -1.922520 8.311401 1.290385
v -2.144552 8.193504 0.751347
v -1.712436 8.782295 0.440735
v -1.945740 8.761826 -0.085543
v -1.891657 8.836243 -0.077885
v -2.410727 8.140289 0.242901
v -2.965818 7.398300 0.634992
v -2.983521 7.326218 0.748886
v 2.685534 8.863846 1.944394
v 2.517245 7.615463 1.668153
v 3.020374 8.080452 2.234204
v 2.009267 8.311401 1.290385
v 2.060987 9.500099 1.451161
v 1.583746 8.894371 0.973938
v 1.934622 9.669502 1.347039
v 1.534449 8.994080 0.864463
v 1.903437 9.750763 1.125192
v 2.039628 9.741135 0.859775
v 1.742967 8.913765 0.390427
v 2.452967 9.685867 0.186750
v 1.978404 8.836243 -0.077884
v 2.631071 9.632927 -0.059115
v 2.032487 8.761826 -0.085542
v 2.778865 9.527969 -0.133464
v 2.965688 9.385384 -0.096834
v 3.362771 8.709999 0.227826
v 2.497473 8.140289 0.242902
v 3.770942 7.859749 0.616192
v 3.052565 7.398300 0.634992
v 3.830846 7.630051 0.722917
v 3.070268 7.326218 0.748887
v 3.829967 7.516533 0.941105
v 3.732194 7.535423 1.192182
v 2.869063 7.397293 1.194079
v 3.377518 7.643196 1.904805
v 2.639662 7.505638 1.685705
v 3.216776 7.707169 2.135042
v 3.088564 7.868713 2.238574
v 2.747152 7.490623 1.122150
v 2.231299 8.193504 0.751348
v 1.799183 8.782295 0.440736
v -1.852793 8.182320 -3.524488
v -1.750304 8.386353 -3.466404
v -1.376242 7.790001 -2.860113
v -1.345300 7.921295 -2.781632
v -1.746374 8.530327 -3.276542
v -1.905535 8.583084 -3.029621
v -1.590171 7.958923 -2.319825
v -2.374205 8.680565 -2.398977
v -1.861447 7.994835 -1.866091
v -2.569764 8.682198 -2.160799
v -1.910027 7.920601 -1.840578
v -2.715189 8.588371 -2.068960
v -2.943773 8.452705 -2.088376
v -2.748859 6.311607 -2.196161
v -3.499708 6.683556 -2.361187
v -3.531276 6.428093 -2.399670
v -2.750185 6.208588 -2.284855
v -3.501204 6.257683 -2.574458
v -3.382234 6.213936 -2.812972
v -2.514540 6.169647 -2.716924
v -2.972203 6.149208 -3.500668
v -2.249490 6.155846 -3.202332
v -2.796195 6.160782 -3.728326
v -2.138199 6.277977 -3.209629
v -2.644918 6.304573 -3.847922
v -2.594184 6.514526 -3.901255
v -2.407527 6.291542 -2.667557
v -1.631010 7.813538 -2.333028
v 2.730671 6.056267 2.866467
v 2.978105 5.860100 2.270793
v 2.784816 5.941887 2.894913
v 2.926298 6.027077 2.253235
v 2.830387 6.271431 2.805876
v 3.023791 6.218056 2.223919
v 3.104251 6.387520 2.208831
v 2.825986 6.476021 2.772253
v 2.764369 6.868317 2.712200
v 3.070875 6.855659 2.151415
v 2.861380 6.921967 2.749359
v 3.144481 6.916153 2.187887
v 2.818742 7.454956 2.696102
v 3.090405 7.459587 2.154910
v 3.618024 6.428093 -2.399668
v 2.836933 6.208588 -2.284853
v 3.587951 6.257683 -2.574457
v 2.835607 6.311607 -2.196160
v 3.586455 6.683556 -2.361185
v 3.030520 8.452705 -2.088375
v 1.996775 7.920601 -1.840577
v 2.801937 8.588371 -2.068959
v 2.656512 8.682198 -2.160798
v 1.948194 7.994835 -1.866090
v 2.460953 8.680565 -2.398976
v 1.676919 7.958923 -2.319825
v 1.992283 8.583084 -3.029620
v 1.432048 7.921295 -2.781630
v 1.833123 8.530327 -3.276541
v 1.837053 8.386353 -3.466403
v 1.462989 7.790001 -2.860113
v 1.939541 8.182320 -3.524487
v 2.680932 6.514526 -3.901253
v 2.224947 6.277977 -3.209628
v 2.731667 6.304573 -3.847922
v 2.882944 6.160782 -3.728325
v 2.336239 6.155846 -3.202332
v 3.058951 6.149208 -3.500667
v 2.601288 6.169647 -2.716922
v 3.468982 6.213936 -2.812971
v 3.048573 5.922920 2.265319
v 3.113764 5.982040 2.913784
v 3.008971 5.976082 2.917940
v 3.152931 5.928764 2.279754
v 3.233516 5.978432 2.277400
v 3.144344 6.054062 2.918795
v 3.269275 6.101395 2.272508
v 3.132057 6.149437 2.902722
v 3.242180 6.269211 2.260540
v 3.045912 6.300934 2.877846
v 2.944201 6.924095 2.797939
v 3.217790 6.911873 2.236797
v 2.409294 4.076202 2.974570
v 2.390294 4.104485 3.129745
v 2.511457 4.079018 3.213733
v 2.674814 4.036232 3.229928
v 2.769641 4.004654 3.114067
v 2.862554 3.985260 3.048746
v 2.575514 3.996567 2.588033
v 2.718160 3.950249 2.444502
v 2.964692 3.908707 2.690037
v 2.949579 3.894279 2.547276
v 2.842435 3.909004 2.469939
v 2.494275 6.291542 -2.667556
v 1.717759 7.813538 -2.333027
v 2.306468 3.666367 3.209352
v 2.436971 3.643433 3.293167
v 2.331946 3.640823 3.044727
v 2.498300 3.554588 2.652941
v 2.620970 3.509293 2.519923
v 2.762145 3.478516 2.542207
v 2.866416 3.457146 2.620103
v 2.882241 3.479462 2.762040
v 2.781518 3.551453 3.119603
v 2.691356 3.575760 3.183115
v 2.607888 3.600426 3.292956
v -2.731996 7.454956 2.696102
v -3.058814 6.916153 2.187886
v -3.003659 7.459587 2.154909
v -2.776115 6.921967 2.749355
v -2.985956 6.855659 2.151414
v -2.679890 6.868317 2.712198
v -3.028580 6.387520 2.208830
v -2.749156 6.476021 2.772253
v -2.759034 6.271431 2.805876
v -2.953356 6.218056 2.223919
v -2.812637 6.042358 2.252015
v -2.735297 6.071548 2.865244
v -2.832134 5.880272 2.269182
v -2.787340 5.923546 2.896373
v -2.804915 7.455254 2.729881
v -2.858769 6.924095 2.797939
v -2.972452 6.300934 2.877842
v -3.063015 6.118996 2.905151
v -3.078547 6.023628 2.921225
v -2.948908 5.945641 2.920366
v -3.052032 5.951599 2.916213
v 2.891661 7.455254 2.729881
v -2.722674 2.978836 2.782492
v -2.672452 2.970764 2.647965
v -2.552408 3.002831 2.601437
v -2.407615 3.040085 2.618701
v -2.319469 3.076302 2.782015
v -2.690539 3.019348 3.158695
v -2.234160 3.129784 3.208947
v -2.620793 3.040306 3.244983
v -2.555481 3.056961 3.374200
v -2.384243 3.105171 3.421574
v -2.237277 3.140144 3.375710
v -2.522428 3.482925 2.558567
v -2.416633 3.519768 2.737203
v -2.328435 3.567207 3.158709
v -2.336224 3.581047 3.315403
v -2.473401 3.543785 3.363125
v -2.639679 3.494446 3.333308
v -2.715817 3.471123 3.194801
v -2.788664 3.455139 3.106481
v -2.822511 3.410156 2.728429
v -2.773567 3.409973 2.593594
v -2.650262 3.435478 2.547775
v 3.462359 6.668594 2.929410
v 3.167099 6.263779 3.485935
v 3.564880 6.167328 2.981383
v 3.070484 6.772141 3.416777
v 2.692203 6.378777 3.983240
v 2.631420 6.858467 3.877653
v 2.329430 6.440231 4.283027
v 2.223366 6.945114 4.212263
v 1.778842 6.527168 4.638269
v 1.730138 7.004532 4.524033
v 1.293483 6.580307 4.832849
v 1.244622 7.033234 4.735569
v 1.667220 7.419281 4.426451
v 1.177673 7.466492 4.614865
v 2.133627 7.358040 4.158709
v 2.542757 7.290337 3.837345
v 2.953996 7.245041 3.404048
v 3.302780 7.196114 2.933443
v 3.737018 6.648491 2.464076
v 3.743198 6.132210 2.671877
v 3.854710 6.201706 2.418568
v 4.008293 6.414917 1.987206
v 3.921254 6.892250 1.985408
v 4.126693 6.556107 1.478575
v 3.567674 7.239967 2.457335
v 3.116865 7.805641 2.932190
v 2.796794 7.778633 3.391482
v 2.417696 7.776855 3.792916
v 2.031145 7.824791 4.078301
v 1.594478 7.890015 4.306018
v 1.125273 7.928993 4.475956
v 1.540158 8.338303 4.136173
v 1.084362 8.419220 4.267813
v 1.548738 8.751091 3.882156
v 1.071473 8.886734 3.970238
v 1.102430 9.300377 3.580483
v 1.615262 9.132301 3.510367
v 1.176564 9.623100 3.139368
v 1.703445 9.451340 3.069709
v 1.250635 9.878082 2.652119
v 2.574775 8.300072 3.375489
v 2.356736 9.014549 3.006588
v 2.161840 8.809364 3.415515
v 1.964816 8.545372 3.780571
v 1.929600 8.247223 3.967993
v 2.240104 8.227066 3.751495
v 2.859248 8.414261 2.920493
v 3.388252 7.847313 2.444497
v 2.094141 10.060013 -0.239326
v 2.864604 9.563736 0.673269
v 2.905551 9.534866 -0.157764
v 2.063060 10.080269 0.654659
v 2.781831 9.494423 1.392551
v 1.999916 10.000671 1.436640
v 2.673878 9.362839 2.012583
v 1.914296 9.856400 2.088754
v 2.535338 9.207870 2.521062
v 1.820423 9.670708 2.618021
v 3.349735 8.801155 1.370034
v 3.458655 8.851242 0.705865
v 3.511308 8.827522 -0.039444
v 3.529510 8.689789 -0.834329
v 3.883734 7.691566 -1.330090
v 3.908552 7.914406 -0.619761
v 3.883606 8.039307 0.096939
v 3.823988 8.064774 0.774745
v 3.721940 8.032059 1.383224
v 3.220155 8.689331 1.946552
v 3.064150 8.555382 2.462856
v 3.563187 7.978775 1.935298
v 3.913555 7.469376 1.412829
v 4.012113 7.470818 0.834484
v 4.080355 7.405846 0.202897
v 4.114232 7.263618 -0.447303
v 4.090510 7.108429 -1.076112
v 4.039732 6.839127 -1.663957
v 3.815797 7.361794 -2.007218
v 3.506164 8.410820 -1.644868
v 2.914323 9.373894 -1.048127
v 4.184764 6.456009 -1.445011
v 3.959848 6.476448 -2.185880
v 4.241135 6.650620 -0.892734
v 4.240642 6.784836 -0.374746
v 4.211160 6.907074 0.297073
v 4.149588 6.988983 0.894202
v 4.053651 7.032959 1.449505
v 3.761541 7.386131 1.957633
v 4.123324 6.117523 -1.886204
v 4.267864 6.025635 -1.244644
v 4.306356 6.220604 -0.750349
v 4.305868 6.308105 -0.301722
v 4.281253 6.423836 0.349645
v 4.208031 6.508240 0.953150
v 4.041415 5.704529 -2.212202
v 3.872054 5.981842 -2.586666
v 4.230371 5.756332 -1.585393
v 4.191983 5.367363 -1.854615
v 3.963123 5.178879 -2.432793
v 4.151526 4.974159 -2.032451
v 3.868745 4.517647 -2.652187
v 4.074586 4.333267 -2.249054
v 3.811324 4.081955 -2.817442
v 3.987013 3.800133 -2.482852
v 3.893018 3.524246 -2.708327
v 3.685175 3.815453 -3.116673
v 3.751535 3.326210 -3.057493
v 3.482818 3.199890 -3.565135
v 3.466668 3.635460 -3.608669
v 3.226437 3.180092 -3.946638
v 3.044131 3.668549 -4.153985
v 2.867346 3.184433 -4.306532
v 2.412758 3.199944 -4.627452
v 3.637740 4.233894 -3.168267
v 3.403891 4.315048 -3.617944
v 3.680189 4.794525 -3.084972
v 3.445175 4.984978 -3.541516
v 3.776061 5.405106 -2.861331
v 3.531368 5.671021 -3.353293
v 3.041082 5.172104 -4.099635
v 3.002545 4.412529 -4.150691
v 2.409328 4.462593 -4.630787
v 2.404004 3.662048 -4.643156
v 1.761910 3.676025 -4.923336
v 1.754477 4.478561 -4.944448
v 2.448988 5.324409 -4.615429
v 3.131405 5.953751 -3.925839
v 3.643421 6.309441 -3.036803
v 1.774973 3.190369 -4.898952
v 1.182547 3.207733 -5.077141
v 1.198922 3.677353 -5.073647
v 1.198215 4.494324 -5.100440
v 1.730071 5.406822 -4.978471
v 2.545831 6.214058 -4.463451
v 3.223418 6.732048 -3.633338
v 3.731899 6.895424 -2.599515
v 2.620935 7.120285 -4.153800
v 1.797650 6.402740 -4.875353
v 1.868410 7.404816 -4.557289
v 1.305713 7.532578 -4.731492
v 1.365064 8.478783 -4.133162
v 1.236746 6.500687 -5.054932
v 1.198147 5.464424 -5.131248
v 1.958451 8.314720 -3.969986
v 1.398162 9.255112 -3.286475
v 2.728186 7.932655 -3.593857
v 3.338678 7.430405 -3.110942
v 3.419128 8.016701 -2.433320
v 2.822715 8.591484 -2.834753
v 2.047195 9.039619 -3.147146
v 2.081213 9.574455 -2.192665
v 1.417500 9.801346 -2.310448
v 1.429848 10.142647 -1.288877
v 2.103705 9.905067 -1.198530
v 1.423127 10.301033 -0.301945
v 2.889835 9.078568 -1.949542
v 1.307968 10.079399 2.086933
v 1.356528 10.232208 1.410141
v 1.400126 10.316879 0.607200
v -2.992736 5.892487 2.267748
v -3.095271 5.898331 2.282183
v -3.139562 5.947998 2.279828
v -3.169358 6.070961 2.274936
v -3.168944 6.269211 2.260539
v -3.132072 6.911873 2.236796
v -3.080796 7.486015 2.187478
v -2.036827 9.693314 -0.132816
v -1.161070 9.990990 0.772942
v -2.499460 9.303833 1.019608
v -2.622786 9.243729 -0.088918
v -2.625578 9.057991 -1.374307
v -2.104747 9.398376 -1.507006
v -2.466252 8.075966 -3.032788
v -3.265649 8.424156 0.022257
v -3.084837 8.561188 1.019395
v -3.281000 8.223473 -1.089666
v -3.136671 7.475052 -2.559801
v -2.304915 6.536026 -4.120489
v 1.310763 9.605858 2.095588
v 0.043373 10.117981 1.001664
v 1.247816 9.990997 0.772943
v 0.043373 9.934731 1.792717
v -1.224016 9.605858 2.095588
v -2.263432 9.110382 2.202500
v -2.744355 8.437843 2.180710
v -3.527993 7.719673 1.051075
v -3.675276 7.601257 0.146599
v -3.690182 7.414314 -0.821220
v -3.572982 6.721581 -1.971251
v -2.953073 6.131477 -3.501332
v -2.125025 4.883438 -4.369773
v -1.301671 8.968422 3.232528
v -2.815358 4.646416 -3.793617
v -3.465381 5.612579 -2.632288
v -3.299242 4.286896 -3.064269
v -1.212137 8.253525 3.900214
v -2.170312 8.201599 3.272707
v -3.157781 7.587769 2.195271
v -3.643032 5.016998 -1.959688
v -3.578197 4.359467 -2.167227
v -3.699592 5.432228 -1.776227
v -3.724704 5.801079 -1.525868
v -3.749789 6.065407 -1.199116
v -3.786671 6.210732 -0.722032
v -3.786889 6.295494 -0.296127
v -3.753509 6.409691 0.320486
v -3.680441 6.512627 0.915020
v -3.602112 6.556686 1.422223
v -3.488342 6.412926 1.870376
v -3.378117 6.197060 2.262672
v -3.256106 6.111443 2.578222
v -2.462980 7.339836 3.353074
v -1.278842 7.610580 4.163563
v 0.043373 8.025307 4.229945
v 0.043373 7.686218 4.367397
v -3.089201 6.146416 2.850535
v -2.691671 6.245010 3.339303
v -2.310519 6.330841 3.716523
v -1.724607 6.438194 4.162082
v -1.122961 6.502045 4.405427
v -0.647359 6.532425 4.522728
v 0.043373 6.551071 4.598041
v 1.365587 7.610580 4.163563
v 1.298883 8.253525 3.900214
v 2.257058 8.201599 3.272710
v 1.388417 8.968422 3.232528
v 2.350178 9.110382 2.202501
v 3.367747 8.223473 -1.089665
v 3.659729 6.721581 -1.971250
v 3.776928 7.414314 -0.821219
v 3.352396 8.424156 0.022258
v 3.762022 7.601257 0.146600
v 3.171583 8.561188 1.019396
v 3.614740 7.719673 1.051077
v 2.831101 8.437843 2.180712
v 3.244527 7.587769 2.195272
v 2.549727 7.339836 3.353078
v 1.811339 6.438194 4.162082
v 1.209707 6.502045 4.405427
v 0.734105 6.532425 4.522728
v 2.391986 6.330841 3.716527
v 2.766687 6.245010 3.339307
v 3.158909 6.146416 2.850535
v 3.324947 6.111443 2.578223
v 3.450730 6.197060 2.262673
v 3.568934 6.412926 1.870378
v 3.687761 6.556686 1.422225
v 3.767186 6.512627 0.915021
v 3.840254 6.409691 0.320487
v 3.873635 6.295494 -0.296126
v 3.873417 6.210732 -0.722031
v 3.836536 6.065407 -1.199115
v 3.811451 5.801079 -1.525867
v 3.552129 5.612579 -2.632286
v 3.039820 6.131477 -3.501331
v 3.223418 7.475052 -2.559800
v 2.391664 6.536026 -4.120487
v 2.553000 8.075966 -3.032787
v 1.368394 6.818733 -4.574385
v 1.853721 8.484665 -3.354247
v 1.140665 8.205452 -3.935495
v 1.328420 5.476860 -4.714943
v 2.211773 4.883438 -4.369772
v 2.902106 4.646416 -3.793615
v 3.385990 4.286896 -3.064268
v 3.786340 5.432228 -1.776226
v 3.729779 5.016998 -1.959687
v 3.664943 4.359467 -2.167225
v 3.594485 3.817413 -2.370977
v 3.516670 3.538605 -2.567057
v 3.388875 3.330360 -2.867325
v 3.153845 3.216011 -3.323247
v 2.943447 3.201241 -3.635325
v 2.652372 3.203972 -3.948865
v 2.185519 3.218689 -4.266517
v 1.639722 3.221771 -4.517245
v 0.763705 5.104553 -4.844063
v 1.138653 3.230629 -4.651147
v 0.671920 3.237228 -4.731621
v 0.043374 5.105988 -4.902493
v 0.043374 3.236229 -4.776353
v -0.585171 3.237228 -4.731621
v -0.676956 5.104553 -4.844063
v -1.051904 3.230629 -4.651147
v -1.552973 3.221771 -4.517245
v -1.241672 5.476860 -4.714943
v -2.098770 3.218689 -4.266518
v -2.565624 3.203972 -3.948866
v -2.856699 3.201241 -3.635326
v -3.067097 3.216011 -3.323248
v -3.302128 3.330360 -2.867326
v -3.429922 3.538605 -2.567058
v -3.507738 3.817413 -2.370978
v -1.281645 6.818733 -4.574385
v -1.766972 8.484665 -3.354247
v -1.156688 9.152794 -2.929453
v -1.053916 8.205452 -3.935495
v 0.043374 9.200821 -3.189069
v 0.043374 8.410713 -3.985919
v 1.243436 9.152794 -2.929452
v 2.191495 9.398376 -1.507006
v 2.712326 9.057991 -1.374306
v 2.123574 9.693314 -0.132816
v 2.586207 9.303833 1.019608
v 2.709533 9.243729 -0.088917
v 0.738398 7.075127 4.846828
v 0.818844 6.607712 4.953781
v 0.043373 6.612961 5.045053
v -0.535916 7.972046 4.573356
v -1.090927 7.466492 4.614865
v -0.576249 7.515900 4.721036
v -1.157877 7.033234 4.735569
v -0.651653 7.075127 4.846828
v -1.206737 6.580307 4.832849
v -0.732099 6.607712 4.953781
v 0.043373 7.063995 4.921886
v 0.662994 7.515900 4.721036
v 0.622662 7.972046 4.573356
v 0.593567 8.451225 4.360509
v 0.582238 8.962418 4.025390
v 0.596948 9.394676 3.619317
v 0.043373 7.533607 4.765196
v 0.043373 8.005531 4.603906
v 0.043373 8.458649 4.397341
v 0.043373 9.020630 4.020954
v -0.495492 8.962418 4.025390
v 0.043374 9.451965 3.607753
v -0.512056 9.399712 3.610993
v 0.043374 9.765617 3.188673
v -0.559438 9.727470 3.172306
v 0.043135 10.020576 2.718052
v -0.584695 9.988800 2.685168
v 0.044067 10.227455 2.154386
v -0.613326 10.195633 2.107817
v 0.626862 9.725990 3.178694
v -0.506821 8.451225 4.360509
v -0.703111 10.428619 -0.319694
v -1.316698 10.316086 0.604087
v -0.682740 10.441078 0.605664
v -1.280075 10.230225 1.404989
v -0.655160 10.349586 1.428704
v -1.231859 10.078522 2.079604
v -1.166393 9.877182 2.652371
v -1.084381 9.626320 3.137352
v -1.004672 9.306290 3.578428
v -0.984727 8.886734 3.970238
v -0.997616 8.419220 4.267813
v -1.038528 7.928993 4.475956
v 0.042749 10.387077 1.491654
v 0.043374 10.487961 0.662931
v 0.043374 10.483414 -0.287782
v -0.725129 10.272980 -1.318285
v 0.043374 10.338081 -1.292741
v -0.695413 9.929688 -2.378634
v 0.043397 10.014572 -2.399776
v -0.686476 9.369720 -3.369756
v 0.043375 9.486465 -3.414473
v -0.651960 8.571884 -4.242774
v 0.046841 8.626358 -4.288503
v -0.631170 7.626320 -4.864996
v 0.043375 7.683029 -4.903714
v 0.705690 7.614281 -4.817245
v 0.043375 6.564835 -5.206044
v 0.680414 6.550903 -5.151986
v -0.593826 6.550926 -5.152014
v 0.637440 5.480713 -5.227136
v 0.042721 5.477989 -5.264426
v -0.550673 5.481125 -5.227138
v -1.149977 6.500687 -5.054943
v -1.210662 7.536575 -4.749595
v -1.272967 8.484291 -4.146941
v -1.315628 9.236900 -3.286960
v -1.353706 9.788498 -2.312991
v -1.336810 10.141846 -1.282086
v -1.337999 10.300499 -0.302490
v -1.100169 5.459442 -5.133909
v 0.757302 9.387474 -3.376517
v 0.737631 8.578018 -4.223751
v 0.779651 9.935692 -2.376657
v 0.774705 10.277145 -1.333439
v 0.791007 10.428940 -0.314739
v 0.757190 10.442642 0.604413
v 0.729870 10.351631 1.425440
v 0.706085 10.192062 2.117536
v 0.665405 9.989975 2.684294
v 1.892460 3.400284 -3.247420
v 1.855233 3.437729 -3.201243
v 1.854499 3.594398 -3.219657
v 1.889618 3.653450 -3.259163
v 1.968657 3.390976 -3.325922
v 2.058424 3.696167 -3.433802
v 2.421443 3.781235 -3.792488
v 2.601155 4.045555 -4.003338
v 2.665592 4.007088 -4.039361
v 2.424279 3.870285 -3.796412
v 2.346065 3.902962 -3.716877
v 2.537107 3.742767 -2.955385
v 2.877196 3.897957 -3.328165
v 2.792701 3.949196 -3.265566
v 3.046416 4.070381 -3.513110
v 2.876318 3.822594 -3.305689
v 3.099322 4.042419 -3.562642
v 2.476452 3.447891 -2.867553
v 2.359085 3.700546 -2.778532
v 2.390903 3.446709 -2.776577
v 2.323508 3.641029 -2.740851
v 2.336483 3.468796 -2.730784
v 2.306062 2.173592 -2.613852
v 2.253772 2.168312 -2.659835
v 2.309674 2.176460 -2.541822
v 2.262192 2.174965 -2.487481
v 2.192624 2.170227 -2.483696
v 1.798048 2.130783 -2.813699
v 1.739346 2.132614 -2.644601
v 1.180074 1.887791 -2.779104
v 1.473877 1.909935 -2.587515
v 1.444504 2.586975 -2.731165
v 1.695837 2.606339 -2.528323
v 1.741281 1.934906 -2.343355
v 1.712662 3.169724 -2.730181
v 1.491388 3.130783 -2.925360
v 1.154619 3.015884 -3.102138
v 1.145397 2.518845 -2.911750
v 0.808215 2.474937 -3.020028
v 0.835989 1.863995 -2.893854
v 0.441180 2.440872 -3.065821
v 0.821305 2.915314 -3.185560
v 0.457271 2.872833 -3.274668
v 0.043373 2.858757 -3.291325
v -1.387130 1.909935 -2.587516
v -1.194811 1.163120 -2.753158
v -1.093328 1.887791 -2.779105
v -1.357757 2.586975 -2.731166
v -1.058650 2.518845 -2.911751
v -1.067872 3.015884 -3.102139
v -0.721468 2.474937 -3.020028
v -0.734558 2.915314 -3.185560
v -0.354434 2.440872 -3.065821
v -0.370524 2.872833 -3.274668
v 0.043373 2.410378 -3.113798
v 0.475587 1.823967 -2.936299
v 0.884005 1.256973 -2.890292
v 1.281558 1.163120 -2.753157
v 1.566928 1.126076 -2.568538
v -0.749242 1.863995 -2.893854
v -0.388840 1.823967 -2.936299
v 0.043373 1.776966 -2.972890
v 0.043373 1.326839 -2.966307
v 0.546736 1.286236 -2.953999
v -0.797259 1.256973 -2.890292
v -0.459989 1.286236 -2.953999
v 1.917036 1.129257 -2.250528
v 1.951441 1.965424 -2.093740
v 1.914149 2.664024 -2.332897
v 1.915190 3.200684 -2.527275
v 2.060916 3.191841 -2.369077
v 2.065747 2.807297 -2.140635
v 2.136831 3.094299 -2.193533
v 2.212675 2.925308 -2.061166
v 2.121412 2.022476 -1.855280
v 2.332144 2.042976 -1.642471
v 2.353952 1.800568 -1.592618
v 2.319073 1.472252 -1.647967
v 2.253552 1.278870 -1.813948
v 2.167509 1.208717 -1.948963
v -2.337532 3.870285 -3.796412
v -2.259318 3.902962 -3.716878
v -1.971678 3.696167 -3.433803
v -1.767752 3.594398 -3.219658
v -1.768486 3.469322 -3.203765
v -1.805713 3.408844 -3.248104
v -1.802871 3.653450 -3.259164
v -1.881910 3.360634 -3.323501
v -2.334696 3.781235 -3.792488
v -2.514408 4.045555 -4.003338
v -2.578845 4.007088 -4.039361
v 3.107116 4.709000 -3.600459
v 3.053945 4.708763 -3.553941
v 2.681065 4.709282 -4.078754
v 2.630588 4.713173 -4.028814
v 2.251079 1.302296 -2.453988
v 1.797620 1.267380 -2.614985
v 1.856323 1.265537 -2.784085
v 2.312228 1.300385 -2.630126
v 2.320672 1.306667 -2.457761
v 2.368174 1.307850 -2.512090
v 2.364543 1.305298 -2.584134
v -1.692289 3.065727 -3.115581
v -2.074924 3.050888 -2.483660
v -2.192199 3.105850 -2.615536
v -1.589960 3.008987 -2.982788
v -2.099773 3.137383 -2.501785
v -2.221082 3.169571 -2.648189
v -1.587072 3.084167 -3.002532
v -1.723281 3.117844 -3.150003
v 2.235137 1.847012 -2.272093
v 2.318989 2.677078 -2.322178
v 2.397884 1.946877 -2.047371
v 2.161175 2.535301 -2.493987
v 1.860418 3.139244 -2.885569
v 2.080515 3.168320 -2.671218
v 2.214914 3.149986 -2.503180
v 2.326676 3.069786 -2.332199
v 2.390191 2.874695 -2.177985
v 2.496444 2.065407 -1.744692
v 2.536858 1.822140 -1.696466
v 2.504112 1.467106 -1.735507
v 2.422839 1.283302 -1.911619
v 2.336049 1.211159 -2.066341
v 2.003845 1.782528 -2.545550
v 1.932625 2.492752 -2.737965
v 1.621921 2.479721 -2.996550
v 1.664504 1.784725 -2.844699
v 1.324467 1.787670 -3.049015
v 1.369929 1.147224 -2.974901
v 1.684160 1.090084 -2.771526
v 2.112220 1.108906 -2.366629
v 1.303468 2.437538 -3.178518
v 0.939969 1.789013 -3.183444
v 0.922855 2.376663 -3.305699
v 0.969853 1.212791 -3.122404
v 0.533484 1.788738 -3.249781
v 0.561052 2.368759 -3.381175
v 0.043373 2.332474 -3.409461
v 0.043373 1.736893 -3.264644
v -0.446738 1.788738 -3.249781
v 0.043373 1.301052 -3.199773
v 0.583909 1.259724 -3.182869
v -1.216722 2.437538 -3.178518
v -1.185792 2.947350 -3.282482
v -0.790651 2.852646 -3.404516
v -0.836108 2.376663 -3.305699
v -0.853222 1.789013 -3.183444
v -0.474306 2.368759 -3.381175
v 0.043373 2.734337 -3.538745
v 0.505937 2.774605 -3.482943
v 0.877398 2.852646 -3.404516
v 1.272539 2.947350 -3.282481
v 1.556084 3.043198 -3.123712
v -0.419190 2.774605 -3.482943
v -0.497162 1.259724 -3.182869
v -0.883106 1.212791 -3.122404
v -1.237720 1.787670 -3.049015
v -1.535174 2.479721 -2.996550
v -1.469337 3.043198 -3.123712
v -1.845878 2.492752 -2.737966
v -1.773672 3.139244 -2.885571
v -2.075199 2.535301 -2.493987
v -1.993768 3.168320 -2.671219
v -2.128168 3.149986 -2.503181
v -2.235702 2.677078 -2.322179
v -2.240651 3.069786 -2.332200
v -2.308877 2.874695 -2.177986
v -2.445110 2.065407 -1.744693
v -2.329559 1.946877 -2.047372
v -2.156377 1.847012 -2.272094
v -2.488795 1.822140 -1.696467
v -2.450202 1.467106 -1.735508
v -2.358607 1.283302 -1.911620
v -2.263722 1.211159 -2.066342
v -1.917705 1.782528 -2.545551
v -1.577757 1.784725 -2.844700
v -1.283183 1.147221 -2.974901
v -1.597413 1.090084 -2.771527
v -2.028358 1.108906 -2.366631
v -1.984684 2.807297 -2.140635
v -1.876943 1.965424 -2.093740
v -1.829108 2.664024 -2.332897
v -2.060382 2.022476 -1.855281
v -2.099330 1.208717 -1.948964
v -1.834852 1.129257 -2.250529
v -2.193368 1.278870 -1.813948
v -2.269132 1.472252 -1.647968
v -2.311230 1.800568 -1.592618
v -2.286085 2.042976 -1.642472
v -2.133334 2.925308 -2.061167
v -2.052077 3.094299 -2.193534
v -1.974170 3.191841 -2.369077
v -1.828444 3.200684 -2.527276
v -1.625916 3.169724 -2.730181
v -1.609090 2.606339 -2.528324
v -1.657085 1.934906 -2.343356
v -1.480181 1.126076 -2.568539
v -1.404642 3.130783 -2.925361
v 1.740726 1.246964 3.447800
v 2.292150 1.989101 3.798489
v 2.023940 2.100861 3.721747
v 2.008936 1.135223 3.524703
v 2.640379 2.186180 2.819528
v 2.084121 1.442745 2.452593
v 2.372169 2.298264 2.746885
v 2.352333 1.330658 2.525234
v 2.583255 2.195122 2.820613
v 2.543253 2.333397 2.390397
v 2.410477 2.267326 2.773819
v 2.716031 2.261192 2.437194
v 2.719022 2.223831 2.368513
v 2.546242 2.296036 2.321717
v 2.702530 2.158585 2.328731
v 2.529752 2.230789 2.281934
v 2.328067 1.622849 2.088570
v 2.500848 1.550644 2.135363
v 2.471670 1.478230 2.131360
v 2.298891 1.550434 2.084566
v 2.264014 1.491669 2.122673
v 2.436792 1.419464 2.169470
v 2.304326 1.342819 2.547722
v 2.131546 1.415024 2.500927
v -2.450361 3.742767 -2.955385
v -2.705955 3.949196 -3.265567
v -2.790449 3.897957 -3.328166
v -2.236762 3.641029 -2.740852
v -2.304156 3.455269 -2.777261
v -2.249736 3.500389 -2.733306
v -2.272339 3.700546 -2.778532
v -2.389706 3.417542 -2.865131
v -2.789571 3.822594 -3.305691
v -2.959669 4.070381 -3.513111
v -3.012576 4.042419 -3.562644
v 2.322973 1.394176 2.550702
v 2.345807 1.463009 2.572594
v 2.547490 2.070953 2.765961
v 2.570325 2.139786 2.787852
v -1.787031 9.093849 -0.686572
v -0.836877 9.088371 -0.449349
v -1.571169 9.271294 0.027582
v -0.283616 9.201294 0.041479
v -1.027399 9.377258 0.549839
v -0.332783 9.431816 0.821079
v 0.489798 9.191269 -0.000780
v 0.447700 9.427391 0.810734
v 1.105219 9.364899 0.533818
v 1.575679 9.220848 -0.024809
v 1.018886 9.051788 -0.601647
v 1.783422 9.053474 -0.724371
v 0.923882 8.861526 -1.414343
v 1.753386 8.904922 -1.444262
v 1.393140 8.761047 -2.121883
v 0.313313 8.747360 -1.895632
v 0.728511 8.648842 -2.537503
v 0.059499 9.005547 -0.904499
v 2.005583 9.647545 0.089428
v 1.378448 9.852943 0.743955
v 2.278473 9.397667 -0.766400
v 2.177403 9.195824 -1.648350
v 1.719925 9.061310 -2.478750
v 0.957573 9.001205 -3.068214
v 0.054446 8.998802 -3.303378
v 0.025219 8.618530 -2.673432
v -0.489846 8.782730 -1.750710
v -0.911196 8.918282 -1.177382
v -0.703113 8.668198 -2.607117
v -1.298558 8.758255 -2.058415
v -1.670468 8.903381 -1.465545
v -0.886606 9.005142 -3.077027
v -1.682068 9.073669 -2.512832
v -2.141924 9.213600 -1.682019
v -2.211294 9.410522 -0.759280
v -1.946405 9.646927 0.066443
v -1.287648 9.859360 0.752980
v -0.451807 9.971222 1.094077
v 0.523589 9.986954 1.110374
v 2.397546 2.211990 2.741059
v 2.374711 2.143158 2.719165
v 2.173028 1.535213 2.525799
v 2.150194 1.466381 2.503905
v -0.545510 0.675941 3.909319
v -0.325762 0.457764 3.325131
v -0.561039 0.500019 3.288701
v -0.321894 0.625542 3.949783
v 0.036159 0.446178 3.380487
v 0.001301 0.595917 3.995770
v 0.408120 0.469162 3.426718
v 0.403326 0.617805 4.048785
v 0.656699 0.518250 3.449373
v 0.662246 0.666630 4.066225
v 0.968042 0.614159 3.449853
v 0.974186 0.789032 4.072382
v 1.343250 0.826218 3.452588
v 1.251488 0.966702 4.081016
v 1.551531 1.028080 3.439374
v 1.625710 1.348839 4.037095
v 1.652068 1.174095 3.401241
v 1.756739 1.641487 3.941999
v 1.752888 1.222061 3.315899
v 1.855263 1.891823 3.778320
v 1.931254 1.973351 3.621961
v 1.795376 1.304272 3.313283
v 1.880685 1.339386 3.274951
v 1.993192 2.001938 3.561736
v 2.085412 2.005707 3.522519
v 1.958097 1.349140 3.254245
v -2.727307 5.490074 2.326173
v -2.792276 5.731384 2.295231
v -2.759213 5.768188 2.934529
v -2.684565 5.532745 2.954149
v -2.641676 4.415894 2.497266
v -2.554693 4.471764 3.121151
v -2.505315 3.220032 2.666113
v -2.331009 3.317795 3.310020
v -2.263399 2.150558 2.841683
v -2.039821 2.247803 3.478341
v -1.952806 1.561935 2.933743
v -1.741172 1.715706 3.565527
v -1.501478 1.003544 3.064374
v -1.388483 1.209049 3.691091
v -1.158238 0.738647 3.159852
v -1.106438 0.917427 3.783447
v -0.817646 0.578201 3.243673
v -0.855065 0.774117 3.854384
v 1.615074 1.054993 2.974984
v 1.446221 1.210995 3.842253
v 1.359617 1.245155 3.814431
v 1.688566 1.009945 3.015071
v 1.841876 0.999065 1.986696
v 1.756098 1.026352 1.962100
v 2.243216 1.655167 2.009049
v 2.332571 1.623363 2.058177
v 2.623696 2.334335 2.040573
v 2.527556 2.378212 1.992183
v 2.617828 3.389870 2.581869
v 2.506501 3.442245 2.512058
v 2.523109 3.538757 2.888575
v 2.395736 3.560013 2.862686
v 2.383461 3.538437 3.185894
v 2.285257 3.585709 3.124769
v 1.784247 2.739555 3.711787
v 1.874198 2.708336 3.786784
v 1.575004 1.942364 3.799454
v 1.679614 1.909798 3.851865
v 2.371632 2.483482 2.972660
v 2.129654 1.762981 3.071622
v -2.585018 3.163094 2.671302
v -2.723653 3.190453 2.661483
v -2.873703 4.359718 2.478110
v -2.892024 5.025452 2.389746
v -2.909032 5.419098 2.339564
v -2.954848 5.449112 2.326590
v -3.104039 5.556137 2.305631
v -2.884235 5.879471 2.294818
v -3.040955 5.899017 2.293442
v -3.128280 5.815826 2.284628
v 0.426183 0.529877 4.048317
v -0.012957 0.509792 4.009271
v -0.314160 0.537411 3.962913
v -0.560278 0.586926 3.919464
v -0.873662 0.696949 3.861937
v -1.149620 0.854858 3.788904
v -1.455205 1.162682 3.689193
v -1.818781 1.682068 3.572726
v -2.130911 2.237808 3.479677
v -2.413083 3.247673 3.324263
v 2.121860 1.958172 3.572402
v 2.045079 1.954639 3.599601
v 1.977295 1.953991 3.666352
v 1.919127 1.841293 3.803007
v 1.818036 1.574905 3.952847
v 1.679809 1.287643 4.025368
v 1.288647 0.890179 4.078555
v 0.991493 0.699429 4.081164
v 0.682419 0.593506 4.075501
v 2.484842 1.481213 1.777573
v 2.513390 1.432449 1.171277
v 2.641393 1.410740 1.107873
v 2.651296 1.442703 1.798804
v 2.433983 1.513000 1.944278
v 2.309831 1.548805 2.182006
v 2.561437 1.466713 2.133068
v 2.448379 1.505455 2.444448
v 2.217496 1.556767 2.415448
v 2.344124 1.514832 2.533108
v 2.257841 1.546982 2.532566
v 2.729968 1.398174 1.179796
v 2.010042 2.013680 -2.498587
v 2.230105 2.007133 -2.743089
v 2.071293 2.008575 -2.710089
v 2.407668 1.992744 -2.591477
v 2.443062 1.987865 -2.303360
v 2.305156 1.996559 -2.129927
v 2.619020 1.971588 -1.669461
v 2.533219 1.979687 -1.650940
v 2.696134 1.976925 -1.791594
v 0.395936 0.378708 3.432927
v 0.681697 0.425453 3.456221
v 1.010279 0.539814 3.461121
v 1.380248 0.751869 3.462643
v 1.612415 0.968006 3.445047
v 1.718595 1.129585 3.401934
v 1.793187 1.219868 3.362157
v 1.850404 1.257282 3.331923
v 1.922910 1.271080 3.311177
v 1.995874 1.270737 3.291884
v -2.345876 2.149971 2.845889
v -2.017020 1.532806 2.964065
v -1.554971 0.961334 3.082515
v -1.217363 0.681343 3.164492
v -0.865971 0.503445 3.247445
v -0.587534 0.419914 3.300377
v -0.337911 0.377449 3.342268
v 0.047423 0.355030 3.405975
v 2.194481 2.553970 2.928883
v 1.962865 1.781693 2.937256
v 2.727217 2.007919 1.088462
v 2.621404 1.988514 1.172659
v 2.621220 2.040642 1.717461
v 2.820928 2.026505 1.156543
v 2.793603 2.030380 1.806708
v 2.596738 2.058640 1.925658
v 2.738679 2.040497 2.204346
v 2.509080 2.081619 2.227464
v 2.654505 2.036713 2.592593
v 2.429765 2.103821 2.556376
v 2.534479 2.055283 2.703057
v 2.458649 2.092796 2.675227
v 2.466306 1.411747 -2.318595
v 2.739138 1.409199 -1.800772
v 2.624797 1.387104 -1.666171
v 2.334635 1.397022 -2.072085
v 2.430408 1.436890 -2.578687
v 2.048644 1.446762 -2.457308
v 2.114778 1.437916 -2.699544
v 2.289040 1.433880 -2.715504
v 2.535580 1.351452 -1.682982
v 2.703469 1.368881 0.551166
v 2.737303 2.010788 0.535498
v 2.711263 1.351074 -0.255157
v 2.721166 1.995152 -0.309281
v 2.670093 1.337902 -1.009131
v 2.666288 1.980450 -1.002913
v 2.816893 2.013832 0.526379
v 2.791770 1.994160 -0.304396
v 2.743906 1.978355 -1.026845
v -3.060785 5.959053 2.102250
v -3.037408 6.149979 2.970252
v -3.070795 6.067871 2.197429
v -3.016989 6.063438 3.084779
v -3.032739 5.700287 2.107907
v -2.982275 5.808868 3.129952
v -3.005335 5.332420 2.145139
v -2.947771 5.440842 3.165583
v -2.991394 5.073380 2.189944
v -2.930961 5.177765 3.172473
v -2.987549 5.022392 2.261783
v -2.933918 5.112755 3.112122
v -2.937896 5.047218 3.042467
v -2.983178 4.972893 2.342825
v -2.978495 4.908752 2.402760
v -2.939101 4.971817 2.996355
v -2.972635 4.857185 2.492374
v -2.943717 4.902489 2.918705
v -2.966070 4.826523 2.592412
v -2.949935 4.851425 2.826759
v 2.792228 1.389965 0.552542
v 2.800664 1.368378 -0.252681
v 2.755826 1.366940 -1.009483
v -0.660264 5.064812 -4.845804
v 0.043374 5.072983 -4.920457
v 0.043373 5.175987 -3.961290
v 0.747011 5.064812 -4.845804
v 1.071872 5.215752 -3.944030
v 1.331447 5.081718 -4.734692
v 1.503102 5.251869 -4.686196
v 1.150701 5.298042 -3.930720
v 1.515614 5.802055 -4.631222
v 1.151478 5.900520 -3.758130
v 1.508014 6.381874 -4.617514
v 1.140989 6.933975 -3.461030
v 1.510568 6.967125 -4.439390
v 1.519368 7.658745 -4.162086
v 1.124546 7.723259 -3.229013
v 1.524710 8.153931 -3.818469
v 1.352199 8.313560 -3.767959
v 1.051219 7.800987 -3.202683
v 0.043373 7.851700 -3.202166
v 0.774996 8.412369 -3.926469
v 0.043373 8.443031 -3.994101
v -0.688250 8.412369 -3.926469
v -1.265452 8.313560 -3.767959
v -0.964473 7.800987 -3.202683
v -1.037799 7.723259 -3.229014
v -1.437963 8.153931 -3.818469
v -1.432621 7.658745 -4.162087
v -1.054242 6.933975 -3.461030
v -1.423821 6.967125 -4.439390
v -1.421267 6.381874 -4.617515
v -1.064731 5.900520 -3.758131
v -1.428867 5.802055 -4.631223
v -1.063954 5.298042 -3.930721
v -1.416355 5.251869 -4.686196
v -0.985124 5.215752 -3.944030
v -1.244700 5.081718 -4.734692
v -2.821930 5.058456 2.240335
v -2.817822 5.142403 3.115981
v -2.871902 5.049652 2.242955
v -2.767875 5.151138 3.112857
v 0.043373 5.881363 -3.717634
v 0.043373 6.921738 -3.421760
v -0.660265 7.555222 4.305385
v 0.043372 7.142830 3.428538
v 0.043372 7.626526 4.405849
v 0.747009 7.555222 4.305385
v 1.071870 7.166969 3.392540
v 1.296761 7.546265 4.217634
v 1.468271 7.673073 4.125661
v 1.150700 7.229042 3.336892
v 1.486085 8.159935 3.845016
v 1.151477 7.642876 2.866247
v 1.508012 8.585701 3.517713
v 1.140988 8.352180 2.058043
v 1.510566 9.048920 3.074360
v 1.519367 9.383263 2.424534
v 1.124545 8.891129 1.436495
v 1.524709 9.695511 1.914509
v 1.352198 9.802567 1.785782
v 1.051219 8.942329 1.372352
v 0.043373 8.984734 1.344529
v 0.774995 9.990494 1.839363
v 0.043372 10.064713 1.837469
v -0.688250 9.990494 1.839363
v -1.265453 9.802567 1.785782
v -0.964474 8.942329 1.372352
v -1.037800 8.891129 1.436495
v -1.437964 9.695511 1.914508
v -1.432622 9.383263 2.424534
v -1.054244 8.352180 2.058043
v -1.423822 9.048920 3.074360
v -1.421268 8.585701 3.517713
v -1.064732 7.642876 2.866247
v -1.399341 8.159935 3.845016
v -1.063955 7.229042 3.336892
v -1.381527 7.673073 4.125661
v -0.985126 7.166969 3.392540
v -1.210017 7.546265 4.217634
v 0.043372 7.604881 2.842514
v 0.043372 8.320663 2.031604
v 2.364612 2.738487 3.466388
v 1.994414 2.445305 3.363255
v 2.088115 2.304611 3.422559
v 2.462214 2.591919 3.527768
v 2.428276 2.756676 3.488764
v 2.484177 2.720406 3.516544
v 2.498304 2.651512 3.532758
v 2.678000 2.611855 2.664523
v 2.306830 2.319351 2.567382
v 2.741796 2.629982 2.686390
v 2.797812 2.593674 2.713833
v 2.811824 2.524811 2.730350
v 2.775604 2.465279 2.725799
v 2.400533 2.178627 2.626204
v -0.533214 4.539566 -5.193914
v -1.110540 4.500458 -5.100978
v 0.041366 4.558357 -5.227635
v -0.510124 3.705658 -5.160608
v 0.043375 3.689209 -5.195827
v -0.530033 3.203827 -5.167415
v 0.043374 3.197037 -5.196886
v 0.616782 3.203827 -5.167415
v 0.591482 3.687126 -5.165798
v 0.615733 4.542023 -5.194490
v -1.112173 3.677353 -5.073647
v -1.095799 3.207733 -5.077141
v -1.710902 6.402740 -4.875353
v -2.534187 7.120285 -4.153801
v -1.781661 7.404816 -4.557290
v -2.641438 7.932655 -3.593857
v -1.994466 9.574455 -2.192666
v -1.960448 9.039619 -3.147147
v -2.735967 8.591484 -2.834754
v -1.871703 8.314720 -3.969986
v -1.643323 5.406822 -4.978476
v -2.459082 6.214058 -4.463452
v -3.136670 6.732048 -3.633339
v -3.251930 7.430405 -3.110943
v -3.332380 8.016701 -2.433321
v -2.803087 9.078568 -1.949543
v -2.016958 9.905067 -1.198531
v -3.645153 6.895424 -2.599517
v -1.528516 9.132301 3.510367
v -1.616699 9.451340 3.069709
v -1.733677 9.670708 2.618021
v -1.827550 9.856400 2.088754
v -1.913170 10.000671 1.436639
v -1.976314 10.080269 0.654658
v -2.007394 10.060013 -0.239327
v -2.827576 9.373894 -1.048128
v -3.419417 8.410820 -1.644869
v -3.729049 7.361794 -2.007220
v -3.796988 7.691566 -1.330091
v -3.952986 6.839127 -1.663958
v -3.442763 8.689789 -0.834330
v -2.818804 9.534866 -0.157765
v -2.777858 9.563736 0.673268
v -2.695085 9.494423 1.392550
v -2.587132 9.362839 2.012582
v -2.448592 9.207870 2.521061
v -2.269990 9.014549 3.006588
v -2.075094 8.809364 3.415515
v -3.424562 8.827522 -0.039445
v -3.371909 8.851242 0.705863
v -3.262989 8.801155 1.370032
v -3.133409 8.689331 1.946551
v -2.977404 8.555382 2.462854
v -2.772502 8.414261 2.920489
v -2.488029 8.300072 3.375489
v -1.878070 8.545372 3.780571
v -2.153358 8.227066 3.751495
v -1.842854 8.247223 3.967993
v -1.461992 8.751091 3.882156
v -1.453413 8.338303 4.136173
v -1.507733 7.890015 4.306018
v -1.944399 7.824791 4.078301
v -2.330950 7.776855 3.792913
v -2.710048 7.778633 3.391482
v -3.030119 7.805634 2.932186
v -3.301506 7.847313 2.444495
v -3.476440 7.978775 1.935297
v -3.635193 8.032059 1.383223
v -3.216034 7.196114 2.933443
v -2.867250 7.245041 3.404048
v -2.456011 7.290337 3.837345
v -2.046881 7.358040 4.158709
v -1.580474 7.419281 4.426451
v -2.984846 6.772141 3.416774
v -2.544674 6.858467 3.877650
v -2.136620 6.945114 4.212263
v -1.643392 7.004532 4.524033
v -1.692096 6.527168 4.638269
v -2.242769 6.440231 4.283024
v -2.607749 6.378777 3.983240
v -3.088522 6.263779 3.485932
v -3.378528 6.668594 2.929410
v -3.652907 6.648491 2.464074
v -3.480928 7.239967 2.457334
v -3.834512 6.892250 1.985407
v -3.924980 6.414917 1.987205
v -4.040071 6.556107 1.478574
v -3.778078 6.201706 2.418566
v -3.669363 6.132210 2.671876
v -3.490541 6.167328 2.981383
v -4.003760 7.108429 -1.076113
v -4.098014 6.456009 -1.445013
v -4.154384 6.650620 -0.892735
v -4.181118 6.025635 -1.244646
v -4.219610 6.220604 -0.750350
v -4.153896 6.784836 -0.374748
v -4.219122 6.308105 -0.301724
v -4.194507 6.423836 0.349644
v -4.124413 6.907074 0.297072
v -4.121285 6.508240 0.953149
v -4.062842 6.988983 0.894201
v -3.966905 7.032959 1.449503
v -3.674795 7.386131 1.957632
v -3.737240 8.064774 0.774743
v -3.796860 8.039307 0.096937
v -3.821806 7.914406 -0.619762
v -4.027485 7.263618 -0.447305
v -3.993608 7.405846 0.202896
v -3.925367 7.470818 0.834482
v -3.826808 7.469376 1.412828
v -2.954334 5.172104 -4.099636
v -3.358427 4.984978 -3.541517
v -3.444620 5.671021 -3.353295
v -2.915797 4.412529 -4.150692
v -3.317143 4.315048 -3.617945
v -2.322580 4.462593 -4.630787
v -1.675162 3.676025 -4.923336
v -2.317255 3.662048 -4.643156
v -1.667728 4.478561 -4.944448
v -2.362239 5.324409 -4.615430
v -3.044657 5.953751 -3.925840
v -3.556673 6.309441 -3.036804
v -3.785307 5.981842 -2.586668
v -3.689311 5.405106 -2.861332
v -3.593441 4.794525 -3.084973
v -3.550992 4.233894 -3.168268
v -3.873102 6.476448 -2.185882
v -4.036578 6.117523 -1.886206
v -3.954669 5.704529 -2.212203
v -3.876377 5.178879 -2.432794
v -3.781999 4.517647 -2.652188
v -3.724576 4.081955 -2.817443
v -3.598427 3.815453 -3.116674
v -3.379920 3.635460 -3.608670
v -2.957383 3.668549 -4.153985
v -4.143620 5.756332 -1.585394
v -4.105233 5.367363 -1.854617
v -4.064780 4.974159 -2.032453
v -3.987836 4.333267 -2.249055
v -3.900267 3.800133 -2.482853
v -3.806268 3.524246 -2.708328
v -3.664788 3.326210 -3.057494
v -3.396070 3.199890 -3.565136
v -3.139689 3.180092 -3.946639
v -2.780597 3.184433 -4.306533
v -2.326010 3.199944 -4.627452
v -1.688225 3.190369 -4.898952
v -2.543841 4.713173 -4.028815
v -2.967199 4.708763 -3.553942
v -2.594318 4.709282 -4.078755
v -3.020370 4.709000 -3.600460
v -2.107775 2.170227 -2.483697
v -2.166103 1.302296 -2.453988
v -2.177457 2.174965 -2.487482
v -2.235782 1.306667 -2.457761
v -2.282497 1.307850 -2.512091
v -2.224139 2.176460 -2.541823
v -2.219700 2.173592 -2.613852
v -2.278097 1.305298 -2.584134
v -2.167098 2.168312 -2.659836
v -2.225521 1.300385 -2.630126
v 1.779036 3.043694 -3.113822
v 2.161670 3.050888 -2.483659
v 1.676707 3.008987 -2.982787
v 2.278946 3.083817 -2.613777
v 2.186519 3.137383 -2.501784
v 2.307829 3.147545 -2.646430
v 1.673818 3.084167 -3.002532
v 1.810028 3.095810 -3.148244
v -2.737327 4.388824 3.134210
v -2.551910 3.277695 3.304483
v -2.823400 5.091011 3.024172
v -2.858045 5.449974 2.956708
v -2.886898 5.484940 2.956584
v -3.047391 5.582726 2.946572
v -3.100171 5.843575 2.927593
v -3.005835 5.937225 2.921132
v -2.883357 5.938118 2.912688
v -2.876301 4.992050 2.336637
v -2.831840 5.066383 3.036277
v -2.842240 4.989319 2.990697
v -2.880919 4.926247 2.397105
v -2.854685 4.918541 2.913517
v -2.883140 4.873253 2.487187
v -2.366221 9.685867 0.186749
v -2.544324 9.632927 -0.059116
v -1.952881 9.741135 0.859774
v -1.816691 9.750763 1.125191
v -1.847875 9.669502 1.347038
v -1.974240 9.500099 1.451160
v -2.598788 8.863846 1.944393
v -2.933627 8.080452 2.234202
v -3.001818 7.868713 2.238572
v -3.130030 7.707169 2.135041
v -3.290772 7.643196 1.904803
v -3.645448 7.535423 1.192180
v -3.743222 7.516533 0.941103
v -3.744100 7.630051 0.722916
v -3.684196 7.859749 0.616190
v -3.276024 8.709999 0.227824
v -2.858490 9.371712 -0.096587
v -2.692118 9.527969 -0.133465
v 3.167542 7.486015 2.187479
v -2.881330 6.161270 2.969501
v -2.915451 6.077774 2.183682
v -2.869999 5.993362 2.091165
v -2.820758 5.839912 2.087337
v -2.789886 5.642517 2.102028
v -2.772855 5.461670 2.119002
v -2.779918 5.285286 2.144750
v -2.808704 5.106094 2.179374
v -2.882040 4.841606 2.587538
v -2.866125 4.866508 2.821889
v -2.749029 5.210487 3.161904
v -2.721645 5.392906 3.157694
v -2.717010 5.570892 3.146937
v -2.737516 5.751564 3.128403
v -2.772544 5.948036 3.105051
v -2.826234 6.097755 3.073691
vn 0.9423 -0.0746 -0.3263
vn 0.8538 0.4168 -0.3119
vn 0.8037 0.4128 -0.4285
vn 0.7912 0.4012 -0.4616
vn 0.8632 0.4087 -0.2964
vn 0.9232 0.3194 -0.2136
vn 0.9270 0.3116 -0.2088
vn 0.9780 0.1670 -0.1247
vn 0.9793 0.1617 -0.1218
vn 0.9986 0.0476 -0.0235
vn 0.9990 0.0427 -0.0163
vn 0.9909 0.0059 0.1348
vn 0.9895 0.0062 0.1442
vn 0.9380 0.0096 0.3464
vn 0.9356 0.0095 0.3528
vn 0.8875 0.0102 0.4606
vn -0.0360 0.9978 0.0549
vn -0.0334 0.9966 0.0759
vn -0.0316 0.9968 0.0739
vn -0.0336 0.9987 0.0387
vn -0.0024 0.9993 -0.0379
vn 0.0031 0.9989 -0.0476
vn 0.0145 0.9967 -0.0794
vn 0.0093 0.9972 -0.0743
vn -0.0473 0.9983 -0.0347
vn -0.0410 0.9984 -0.0386
vn -0.0668 0.9977 -0.0114
vn -0.0647 0.9978 -0.0112
vn -0.0512 0.9987 -0.0062
vn -0.0514 0.9987 -0.0060
vn -0.0466 0.9989 -0.0092
vn -0.0453 0.9989 -0.0104
vn -0.0335 0.9994 -0.0006
vn -0.0340 0.9994 -0.0023
vn -0.0769 0.9969 0.0143
vn -0.0804 0.9967 0.0144
vn -0.1112 0.9938 0.0052
vn -0.0547 0.9981 0.0275
vn 0.0588 0.9975 0.0397
vn 0.0910 0.9935 0.0677
vn 0.0909 0.9936 0.0677
vn 0.0411 0.9989 0.0243
vn 0.0596 0.9977 -0.0334
vn 0.0663 0.9971 -0.0376
vn 0.1258 0.9910 -0.0460
vn 0.1319 0.9909 -0.0274
vn 0.1202 0.9927 -0.0069
vn 0.0928 0.9956 -0.0153
vn 0.0522 0.9978 -0.0400
vn 0.0445 0.9979 -0.0468
vn 0.0256 0.9989 -0.0383
vn 0.0258 0.9991 -0.0350
vn 0.0131 0.9994 0.0335
vn 0.0143 0.9994 0.0301
vn -0.0138 0.9976 0.0679
vn -0.0114 0.9976 0.0686
vn 0.4940 -0.2115 -0.8433
vn 0.4941 -0.2115 -0.8433
vn 0.3103 -0.1557 -0.9378
vn 0.4173 -0.2259 -0.8802
vn 0.3610 -0.2142 -0.9076
vn 0.4215 -0.2516 -0.8712
vn 0.3966 -0.2280 -0.8892
vn 0.3570 -0.1952 -0.9135
vn 0.2474 -0.1835 -0.9514
vn 0.2619 -0.1784 -0.9485
vn 0.1677 -0.1745 -0.9703
vn 0.1706 -0.1773 -0.9693
vn 0.1433 -0.1652 -0.9758
vn 0.1736 -0.1369 -0.9752
vn 0.1960 -0.1244 -0.9727
vn 0.2209 -0.1021 -0.9699
vn 0.2220 -0.1048 -0.9694
vn 0.2252 -0.1137 -0.9676
vn 0.2253 -0.1138 -0.9676
vn -0.0671 -0.9882 0.1378
vn -0.0428 -0.9893 0.1392
vn -0.0682 -0.9877 0.1407
vn -0.0461 -0.9888 0.1419
vn -0.0101 -0.9969 0.0786
vn -0.0100 -0.9967 0.0806
vn -0.0179 -0.9968 0.0783
vn -0.0174 -0.9969 0.0762
vn -0.0146 -0.9934 0.1134
vn -0.0158 -0.9935 0.1123
vn -0.0133 -0.9908 0.1343
vn -0.0158 -0.9901 0.1392
vn 0.0065 -0.9850 0.1725
vn 0.0029 -0.9854 0.1702
vn 0.0295 -0.9879 0.1521
vn 0.0280 -0.9909 0.1319
vn 0.0229 -0.9996 0.0192
vn 0.0227 -0.9997 0.0132
vn -0.0057 -0.9926 -0.1210
vn -0.0100 -0.9914 -0.1307
vn -0.0365 -0.9811 -0.1901
vn 0.8579 0.4598 0.2295
vn 0.6715 0.7288 0.1336
vn 0.6715 0.7289 0.1336
vn 0.8652 0.4435 0.2339
vn 0.8673 -0.3797 0.3220
vn 0.8633 -0.3891 0.3215
vn 0.8117 -0.4904 0.3171
vn 0.8296 -0.4574 0.3203
vn 0.9372 -0.0691 0.3419
vn 0.9368 -0.0694 0.3429
vn 0.9260 -0.0637 0.3720
vn 0.9258 -0.0630 0.3727
vn 0.8825 0.3682 0.2926
vn 0.8738 0.3946 0.2843
vn 0.7638 0.6092 0.2132
vn 0.7708 0.5983 0.2189
vn 0.9235 0.1247 0.3628
vn 0.9259 0.0708 0.3711
vn 0.7142 -0.5932 0.3715
vn 0.6973 -0.6155 0.3674
vn 0.3268 -0.9103 0.2541
vn 0.3169 -0.9147 0.2507
vn -0.1924 -0.9802 0.0468
vn -0.1875 -0.9810 0.0491
vn -0.8025 -0.5314 -0.2712
vn -0.8378 -0.4589 -0.2957
vn -0.8716 0.3822 -0.3069
vn -0.8715 0.3824 -0.3070
vn -0.8855 0.3444 -0.3118
vn -0.8862 0.3424 -0.3120
vn -0.9276 0.1985 -0.3164
vn -0.9291 0.1918 -0.3163
vn -0.9403 0.0703 -0.3329
vn -0.9398 0.0693 -0.3346
vn -0.9250 0.0480 -0.3768
vn -0.9243 0.0472 -0.3788
vn -0.9192 -0.0026 -0.3937
vn -0.9197 -0.0095 -0.3926
vn -0.2474 0.9590 0.1386
vn -0.2474 0.9589 0.1386
vn -0.4986 0.7661 0.4055
vn -0.5056 0.7573 0.4133
vn -0.6580 0.4600 0.5961
vn -0.6582 0.4596 0.5963
vn -0.6538 0.4712 0.5921
vn -0.6580 0.4601 0.5961
vn -0.6537 0.4713 0.5921
vn -0.0153 -0.9958 -0.0906
vn -0.0068 -0.9992 -0.0405
vn -0.0870 -0.9916 -0.0956
vn -0.0102 -0.9990 -0.0429
vn 0.0244 -0.9997 -0.0034
vn 0.0245 -0.9997 -0.0024
vn -0.0009 -0.9998 0.0175
vn -0.0004 -0.9998 0.0175
vn -0.0224 -0.9995 0.0207
vn -0.0233 -0.9995 0.0207
vn -0.0022 -0.9996 0.0281
vn 0.0072 -0.9994 0.0324
vn 0.0256 -0.9990 0.0365
vn 0.0253 -0.9990 0.0370
vn 0.0144 -0.9989 0.0450
vn 0.0104 -0.9988 0.0484
vn -0.0261 -0.9964 0.0812
vn -0.0316 -0.9958 0.0862
vn -0.7532 -0.0185 -0.6576
vn -0.7531 -0.0185 -0.6576
vn -0.6880 -0.0789 -0.7214
vn -0.6979 -0.0702 -0.7127
vn -0.6648 -0.1347 -0.7348
vn -0.6847 -0.1371 -0.7158
vn -0.7175 -0.1408 -0.6822
vn -0.7175 -0.1407 -0.6822
vn 0.7102 0.1045 0.6962
vn 0.7176 0.0852 0.6913
vn 0.7202 0.0781 0.6894
vn 0.6688 0.0802 0.7391
vn 0.6674 0.0807 0.7403
vn 0.6035 0.1030 0.7907
vn 0.6687 0.0802 0.7392
vn -0.9900 0.0516 0.1312
vn -0.9798 -0.0037 0.1998
vn -0.9463 0.0025 0.3232
vn -0.9759 0.0494 0.2127
vn -0.9427 0.0572 -0.3286
vn -0.9512 0.0573 -0.3032
vn -0.9408 0.0477 -0.3357
vn -0.9361 0.0470 -0.3487
vn -0.5611 0.0114 -0.8276
vn -0.5360 0.0095 -0.8442
vn 0.3831 -0.0461 -0.9226
vn 0.4266 -0.0481 -0.9031
vn 0.9746 -0.0637 -0.2146
vn 0.9747 -0.0638 -0.2143
vn 0.9903 -0.0570 0.1270
vn -0.3392 0.2402 0.9095
vn -0.3584 0.2396 0.9023
vn -0.3674 0.2595 0.8931
vn -0.3603 0.2573 0.8966
vn -0.3770 0.2679 0.8866
vn -0.3472 0.2543 0.9027
vn -0.2790 0.2179 0.9353
vn -0.2008 0.1753 0.9638
vn -0.2016 0.1758 0.9636
vn -0.2067 0.1611 0.9650
vn -0.2118 0.1608 0.9640
vn -0.2706 0.1277 0.9542
vn -0.2601 0.1267 0.9573
vn -0.2718 0.1055 0.9565
vn -0.2651 0.1107 0.9579
vn -0.2711 0.1093 0.9563
vn -0.2872 0.1054 0.9521
vn -0.2871 0.1057 0.9520
vn 0.6697 -0.4214 -0.6115
vn 0.6694 -0.4218 -0.6115
vn 0.6591 -0.4585 -0.5962
vn 0.6589 -0.4597 -0.5954
vn 0.4837 -0.7876 -0.3817
vn 0.4845 -0.7867 -0.3826
vn 0.2534 -0.9582 -0.1331
vn 0.7234 -0.4302 -0.5400
vn 0.6067 -0.7555 -0.2472
vn 0.6179 -0.7397 -0.2664
vn 0.5167 -0.8493 -0.1087
vn 0.4537 -0.8910 -0.0192
vn 0.5143 -0.8512 -0.1052
vn 0.6314 -0.7138 -0.3032
vn 0.6283 -0.7190 -0.2971
vn 0.6335 -0.7116 -0.3038
vn 0.6306 -0.7167 -0.2978
vn 0.5985 -0.7664 -0.2333
vn 0.7172 -0.4747 -0.5102
vn 0.7112 -0.1079 -0.6947
vn 0.7122 -0.1307 -0.6897
vn 0.7071 -0.0863 -0.7018
vn 0.7028 -0.0642 -0.7085
vn 0.6982 -0.0353 -0.7150
vn 0.6923 -0.0136 -0.7215
vn 0.5661 0.3003 -0.7677
vn 0.5343 0.3546 -0.7674
vn 0.0565 0.8069 -0.5880
vn 0.0042 0.8306 -0.5568
vn 0.2477 0.9587 0.1399
vn 0.4982 0.7661 0.4061
vn 0.5056 0.7567 0.4144
vn 0.4982 0.7661 0.4062
vn 0.6581 0.4595 0.5964
vn 0.6582 0.4589 0.5968
vn 0.6537 0.4712 0.5921
vn 0.6537 0.4713 0.5921
vn -0.3104 -0.6593 0.6848
vn -0.5662 -0.2939 0.7701
vn -0.3278 -0.6406 0.6944
vn -0.1008 -0.8322 0.5452
vn -0.1007 -0.8322 0.5453
vn -0.1806 -0.7778 0.6020
vn -0.1841 -0.7753 0.6041
vn -0.3559 -0.6154 0.7033
vn -0.3612 -0.6094 0.7058
vn -0.3613 -0.6067 0.7081
vn -0.3565 -0.6128 0.7053
vn -0.2978 -0.6724 0.6776
vn -0.5420 -0.3404 0.7684
vn -0.6861 0.0410 0.7263
vn -0.6839 0.0183 0.7293
vn -0.6903 0.0621 0.7209
vn -0.6946 0.0842 0.7144
vn -0.6983 0.1129 0.7069
vn -0.7027 0.1347 0.6986
vn -0.7137 0.4870 0.5034
vn -0.7188 0.4367 0.5409
vn -0.4998 0.8659 -0.0216
vn -0.4673 0.8808 -0.0766
vn 0.7447 -0.0221 -0.6671
vn 0.6839 -0.0803 -0.7251
vn 0.6929 -0.0722 -0.7174
vn 0.6647 -0.1348 -0.7348
vn 0.6847 -0.1371 -0.7158
vn 0.7174 -0.1408 -0.6822
vn 0.6648 -0.1347 -0.7348
vn 0.7175 -0.1408 -0.6822
vn 0.7175 -0.1407 -0.6822
vn -0.7151 0.1088 0.6905
vn -0.7213 0.0885 0.6869
vn -0.7151 0.1089 0.6905
vn -0.7235 0.0810 0.6855
vn -0.6683 0.0821 0.7394
vn -0.6670 0.0822 0.7405
vn -0.6005 0.1040 0.7928
vn -0.6067 -0.7555 -0.2471
vn -0.7234 -0.4303 -0.5399
vn -0.6179 -0.7398 -0.2664
vn -0.5167 -0.8493 -0.1087
vn -0.4537 -0.8910 -0.0192
vn -0.5143 -0.8512 -0.1052
vn -0.6313 -0.7138 -0.3032
vn -0.6283 -0.7190 -0.2971
vn -0.6335 -0.7116 -0.3039
vn -0.6306 -0.7167 -0.2978
vn -0.5984 -0.7665 -0.2332
vn -0.7169 -0.4749 -0.5104
vn -0.7112 -0.1079 -0.6947
vn -0.7122 -0.1308 -0.6897
vn -0.7070 -0.0865 -0.7019
vn -0.7028 -0.0642 -0.7085
vn -0.6983 -0.0352 -0.7149
vn -0.6923 -0.0136 -0.7215
vn -0.5661 0.3003 -0.7677
vn -0.5343 0.3546 -0.7674
vn -0.0564 0.8069 -0.5880
vn -0.0042 0.8306 -0.5568
vn -0.6659 -0.4341 -0.6068
vn -0.6571 -0.4642 -0.5940
vn -0.6657 -0.4343 -0.6068
vn -0.6569 -0.4652 -0.5933
vn -0.6571 -0.4641 -0.5940
vn -0.4833 -0.7875 -0.3824
vn -0.4846 -0.7860 -0.3838
vn -0.2539 -0.9578 -0.1349
vn -0.4845 -0.7861 -0.3838
vn 0.6891 0.3370 0.6416
vn 0.6891 0.3369 0.6416
vn 0.6894 0.3353 0.6421
vn 0.6892 0.3357 0.6421
vn 0.6889 0.3359 0.6423
vn 0.6887 0.3365 0.6422
vn 0.6880 0.3389 0.6417
vn 0.6882 0.3381 0.6419
vn 0.6880 0.3391 0.6416
vn 0.6880 0.3394 0.6415
vn 0.6880 0.3390 0.6416
vn 0.1950 -0.9371 0.2894
vn 0.1945 -0.9374 0.2889
vn 0.1947 -0.9373 0.2891
vn 0.1952 -0.9370 0.2897
vn -0.6547 -0.4664 -0.5948
vn -0.6552 -0.4646 -0.5956
vn -0.6547 -0.4665 -0.5948
vn -0.6556 -0.4638 -0.5959
vn -0.6577 -0.4571 -0.5987
vn -0.6577 -0.4572 -0.5987
vn -0.6575 -0.4579 -0.5983
vn -0.6575 -0.4581 -0.5982
vn 0.3611 -0.6063 0.7085
vn 0.3553 -0.6146 0.7044
vn 0.3607 -0.6084 0.7069
vn 0.1841 -0.7748 0.6048
vn 0.1808 -0.7773 0.6026
vn 0.1807 -0.7773 0.6026
vn 0.1009 -0.8321 0.5454
vn 0.1841 -0.7749 0.6047
vn 0.4674 0.8807 -0.0766
vn 0.4996 0.8660 -0.0216
vn 0.7137 0.4871 0.5035
vn 0.7189 0.4367 0.5409
vn 0.7025 0.1344 0.6989
vn 0.6982 0.1129 0.7069
vn 0.6946 0.0842 0.7145
vn 0.6858 0.0399 0.7267
vn 0.6902 0.0622 0.7210
vn 0.6826 0.0174 0.7306
vn 0.5646 -0.2934 0.7714
vn 0.5396 -0.3410 0.7698
vn 0.3272 -0.6394 0.6958
vn 0.3100 -0.6581 0.6862
vn 0.2974 -0.6713 0.6789
vn 0.3557 -0.6120 0.7064
vn -0.6222 -0.5535 -0.5536
vn -0.5964 -0.6093 -0.5225
vn -0.5964 -0.6092 -0.5226
vn -0.6224 -0.5531 -0.5537
vn -0.6516 -0.4764 -0.5903
vn -0.6514 -0.4769 -0.5901
vn -0.6809 -0.3740 -0.6297
vn -0.6961 -0.2999 -0.6523
vn -0.7075 -0.2187 -0.6720
vn -0.7154 -0.0773 -0.6945
vn -0.7059 0.0893 -0.7026
vn -0.7059 0.0894 -0.7026
vn -0.6891 0.3370 0.6416
vn -0.6891 0.3371 0.6415
vn 0.2334 -0.4874 -0.8414
vn 0.1402 -0.8225 -0.5512
vn 0.1470 -0.8068 -0.5722
vn -0.1216 0.9547 0.2717
vn -0.1116 0.9715 0.2092
vn 0.0696 0.8969 -0.4366
vn 0.0923 0.8667 -0.4902
vn 0.2596 0.3486 -0.9006
vn 0.2670 0.2889 -0.9194
vn 0.2805 -0.0499 -0.9586
vn 0.2805 -0.0733 -0.9571
vn 0.2768 -0.1030 -0.9554
vn 0.2740 -0.1492 -0.9501
vn 0.2752 -0.1263 -0.9531
vn 0.2688 -0.1719 -0.9477
vn 0.2246 -0.5338 -0.8152
vn 0.1349 -0.8335 -0.5358
vn 0.1551 -0.7766 -0.6106
vn 0.1530 -0.7820 -0.6042
vn 0.1527 -0.7782 -0.6092
vn 0.1508 -0.7836 -0.6027
vn 0.0881 -0.9150 -0.3936
vn 0.0869 -0.9169 -0.3896
vn 0.0026 -0.9950 -0.0996
vn 0.0016 -0.9953 -0.0964
vn -0.1071 -0.9506 0.2914
vn -0.1080 -0.9495 0.2944
vn -0.1812 -0.8042 0.5660
vn -0.1802 -0.8070 0.5624
vn -0.2286 -0.6214 0.7494
vn -0.2273 -0.6281 0.7441
vn -0.2273 -0.6195 0.7514
vn -0.2259 -0.6261 0.7463
vn -0.2092 -0.6919 0.6910
vn -0.2121 -0.6777 0.7041
vn -0.2585 -0.3352 0.9060
vn -0.2616 -0.2840 0.9224
vn -0.2628 0.0715 0.9622
vn -0.2672 0.0485 0.9624
vn -0.2161 -0.6575 0.7218
vn -0.2617 0.0947 0.9605
vn -0.2607 0.1176 0.9582
vn -0.2560 0.1476 0.9553
vn -0.2556 0.1705 0.9516
vn -0.2270 0.4921 0.8404
vn -0.2201 0.5459 0.8084
vn 0.8073 -0.5170 -0.2846
vn 0.8103 -0.5351 -0.2389
vn 0.7773 -0.5969 -0.1988
vn 0.6195 -0.7702 -0.1515
vn 0.6941 -0.7066 -0.1378
vn 0.6152 -0.7824 -0.0965
vn 0.6731 -0.7136 -0.1941
vn 0.7500 -0.6394 -0.1692
vn 0.7210 -0.6533 -0.2309
vn 0.7655 -0.5901 -0.2565
vn 0.7456 -0.5913 -0.3074
vn 0.8023 -0.4980 -0.3291
vn 0.6887 -0.6640 -0.2914
vn 0.6619 -0.7028 -0.2608
vn 0.6218 -0.7557 -0.2055
vn -0.1946 -0.9374 0.2889
vn -0.1945 -0.9374 0.2888
vn 0.6580 -0.4568 -0.5986
vn 0.6581 -0.4568 -0.5986
vn 0.6559 -0.4634 -0.5958
vn 0.6551 -0.4659 -0.5948
vn -0.6766 -0.0692 0.7331
vn -0.6006 -0.2829 0.7478
vn -0.6729 -0.1227 0.7295
vn -0.6730 -0.0700 0.7363
vn -0.6668 -0.0617 0.7427
vn -0.7948 0.0830 0.6012
vn -0.8162 0.1186 0.5655
vn -0.9036 0.4273 -0.0306
vn -0.9073 0.4205 -0.0086
vn -0.7363 0.5148 -0.4392
vn -0.7163 0.5235 -0.4613
vn -0.6921 0.5318 -0.4880
vn -0.4824 0.3820 -0.7883
vn -0.4663 0.3696 -0.8037
vn 0.0044 -0.0919 -0.9958
vn -0.0586 0.0060 -0.9983
vn 0.1510 -0.2466 -0.9573
vn 0.2009 -0.3306 -0.9221
vn 0.2008 -0.3306 -0.9221
vn 0.2031 -0.3475 -0.9154
vn 0.2636 -0.5829 -0.7686
vn 0.2757 -0.6247 -0.7306
vn 0.2600 -0.9532 -0.1545
vn 0.2588 -0.9545 -0.1484
vn 0.1655 -0.9641 0.2075
vn 0.1418 -0.9622 0.2324
vn 0.1162 -0.9587 0.2595
vn -0.1748 -0.8213 0.5430
vn -0.1730 -0.8227 0.5415
vn -0.5451 -0.3887 0.7428
vn 0.7154 -0.0773 -0.6945
vn 0.7059 0.0893 -0.7026
vn 0.7075 -0.2187 -0.6720
vn 0.6961 -0.2999 -0.6523
vn 0.6809 -0.3740 -0.6297
vn 0.6515 -0.4768 -0.5901
vn 0.6222 -0.5538 -0.5533
vn 0.5967 -0.6090 -0.5225
vn 0.5967 -0.6091 -0.5225
vn -0.7773 -0.5969 -0.1988
vn -0.8103 -0.5350 -0.2389
vn -0.8073 -0.5170 -0.2846
vn -0.6941 -0.7065 -0.1379
vn -0.6195 -0.7702 -0.1516
vn -0.6152 -0.7824 -0.0965
vn -0.6731 -0.7136 -0.1941
vn -0.7500 -0.6394 -0.1692
vn -0.7211 -0.6532 -0.2309
vn -0.7655 -0.5901 -0.2565
vn -0.7456 -0.5913 -0.3074
vn -0.8023 -0.4980 -0.3291
vn -0.6885 -0.6642 -0.2914
vn -0.6619 -0.7028 -0.2608
vn -0.6220 -0.7556 -0.2055
vn 0.9618 -0.0248 0.2728
vn 0.9617 -0.0249 0.2728
vn 0.9618 -0.0249 0.2728
vn -0.0505 -0.9937 0.1005
vn -0.0507 -0.9936 0.1004
vn -0.0502 -0.9937 0.1005
vn -0.9605 -0.1053 -0.2574
vn -0.9605 -0.1053 -0.2575
vn -0.9605 -0.1052 -0.2575
vn -0.9600 -0.1126 -0.2564
vn -0.9598 -0.1154 -0.2560
vn 0.7484 -0.2024 -0.6315
vn 0.8535 0.0346 -0.5199
vn 0.8484 -0.0118 -0.5292
vn 0.8607 0.5079 -0.0360
vn 0.8669 0.4955 -0.0546
vn 0.6495 0.6910 0.3173
vn 0.6270 0.7036 0.3343
vn 0.6000 0.7166 0.3557
vn 0.3755 0.6383 0.6720
vn 0.3591 0.6293 0.6892
vn -0.0880 0.1955 0.9767
vn -0.0448 0.2855 0.9573
vn -0.2218 0.0140 0.9750
vn -0.2897 -0.3619 0.8861
vn -0.2621 -0.0890 0.9609
vn -0.2929 -0.4147 0.8615
vn -0.1980 -0.8907 0.4093
vn -0.1961 -0.8935 0.4040
vn -0.0696 -0.9949 0.0736
vn -0.0440 -0.9977 0.0508
vn -0.0162 -0.9995 0.0256
vn 0.2880 -0.9202 -0.2651
vn 0.2745 -0.9280 -0.2521
vn 0.6851 -0.4331 -0.5858
vn 0.6393 -0.5349 -0.5524
vn 0.7462 -0.2681 -0.6094
vn -0.9134 0.2861 -0.2894
vn -0.8498 0.4407 -0.2894
vn -0.8497 0.4407 -0.2894
vn -0.9478 0.1472 -0.2830
vn -0.9589 0.0638 -0.2765
vn -0.9631 -0.0147 -0.2686
vn -0.9587 -0.1277 -0.2543
vn -0.9463 -0.2160 -0.2406
vn -0.9463 -0.2160 -0.2407
vn -0.9318 -0.2817 -0.2290
vn -0.9318 -0.2818 -0.2290
vn 0.7996 -0.4328 0.4163
vn 0.8239 -0.3591 0.4385
vn 0.8152 -0.3291 0.4766
vn 0.7314 -0.5632 0.3845
vn 0.6610 -0.6276 0.4114
vn 0.6628 -0.6554 0.3622
vn 0.7065 -0.5561 0.4377
vn 0.7812 -0.4110 0.4699
vn 0.7558 -0.3994 0.5189
vn 0.8046 -0.2989 0.5131
vn 0.6892 -0.5281 0.4960
vn 0.6572 -0.5980 0.4587
vn -0.9535 -0.0605 -0.2954
vn -0.8929 -0.3766 -0.2469
vn -0.8929 -0.3766 -0.2468
vn -0.9532 0.0123 -0.3021
vn -0.9001 0.2598 -0.3497
vn -0.9033 0.2361 -0.3582
vn -0.9058 -0.0156 -0.4234
vn -0.9059 -0.0155 -0.4233
vn -0.8179 0.3869 -0.4258
vn -0.7999 0.4308 -0.4178
vn -0.7876 0.4590 -0.4111
vn -0.7982 0.4359 -0.4159
vn -0.8874 -0.1155 -0.4463
vn -0.8874 -0.1154 -0.4464
vn 0.2929 -0.4147 0.8615
vn 0.1980 -0.8907 0.4093
vn 0.1961 -0.8935 0.4040
vn 0.2897 -0.3619 0.8861
vn 0.2621 -0.0890 0.9609
vn 0.2214 0.0140 0.9751
vn 0.0880 0.1955 0.9767
vn 0.0448 0.2855 0.9573
vn -0.3591 0.6293 0.6893
vn -0.3755 0.6383 0.6720
vn -0.6000 0.7166 0.3557
vn -0.6270 0.7036 0.3343
vn -0.6495 0.6910 0.3173
vn -0.8607 0.5079 -0.0360
vn -0.8669 0.4955 -0.0546
vn -0.8535 0.0346 -0.5199
vn -0.8484 -0.0118 -0.5292
vn -0.7484 -0.2024 -0.6315
vn -0.7462 -0.2680 -0.6094
vn -0.6851 -0.4331 -0.5858
vn -0.6394 -0.5348 -0.5524
vn -0.2745 -0.9280 -0.2521
vn -0.2880 -0.9202 -0.2651
vn 0.0162 -0.9995 0.0256
vn 0.0440 -0.9977 0.0508
vn 0.0696 -0.9949 0.0736
vn 0.0518 -0.9950 0.0855
vn 0.4240 -0.8973 0.1224
vn 0.0520 -0.9950 0.0855
vn 0.4164 -0.9010 0.1218
vn 0.4240 -0.8973 0.1225
vn 0.9027 -0.3947 0.1711
vn 0.9045 -0.3904 0.1714
vn 0.9693 0.1327 0.2071
vn 0.9694 0.1316 0.2070
vn 0.9254 0.2393 0.2938
vn 0.9256 0.2361 0.2959
vn 0.9234 0.1212 0.3643
vn 0.9254 0.2392 0.2939
vn 0.9235 0.1218 0.3637
vn 0.2338 0.9668 -0.1030
vn 0.2738 0.9532 -0.1282
vn 0.2739 0.9532 -0.1282
vn 0.2397 0.9661 -0.0957
vn 0.2154 0.9725 -0.0885
vn 0.2232 0.9696 -0.1003
vn 0.2343 0.9663 -0.1070
vn 0.2621 0.9564 -0.1288
vn 0.2614 0.9567 -0.1282
vn 0.3008 0.9392 -0.1658
vn 0.3009 0.9391 -0.1659
vn -0.8152 -0.3291 0.4766
vn -0.8239 -0.3591 0.4385
vn -0.7996 -0.4328 0.4163
vn -0.6610 -0.6276 0.4114
vn -0.7314 -0.5632 0.3845
vn -0.6628 -0.6554 0.3622
vn -0.7065 -0.5561 0.4377
vn -0.7812 -0.4110 0.4699
vn -0.7558 -0.3994 0.5189
vn -0.8047 -0.2988 0.5130
vn -0.6892 -0.5281 0.4960
vn -0.6572 -0.5981 0.4588
vn -0.2840 0.2128 0.9349
vn -0.8737 0.2382 0.4242
vn -0.2505 0.2075 0.9456
vn -0.8981 0.2337 0.3726
vn -0.9500 0.1261 -0.2857
vn -0.9493 0.1255 -0.2884
vn -0.8241 0.0646 -0.5627
vn -0.8244 0.0647 -0.5623
vn -0.3467 -0.0859 -0.9340
vn -0.3329 -0.0896 -0.9387
vn 0.3305 -0.2181 -0.9183
vn 0.3564 -0.2209 -0.9078
vn 0.8327 -0.2416 -0.4983
vn 0.8475 -0.2404 -0.4733
vn 0.9799 -0.1689 0.1063
vn 0.9796 -0.1683 0.1098
vn 0.8123 -0.0577 0.5804
vn 0.8051 -0.0547 0.5907
vn 0.6834 -0.0043 0.7300
vn 0.6890 -0.0060 0.7247
vn 0.4161 0.0747 0.9063
vn 0.4413 0.0683 0.8947
vn 0.8873 -0.1176 -0.4460
vn 0.7990 0.4343 -0.4159
vn 0.8874 -0.1178 -0.4458
vn 0.8873 -0.1176 -0.4459
vn 0.7892 0.4559 -0.4115
vn 0.8051 0.4192 -0.4197
vn 0.8209 0.3796 -0.4266
vn 0.9060 -0.0360 -0.4218
vn 0.9058 -0.0377 -0.4221
vn 0.9211 0.2389 -0.3075
vn 0.9214 0.2143 -0.3242
vn 0.9827 0.0763 -0.1687
vn 0.9878 0.0203 -0.1542
vn 0.9683 -0.2360 -0.0816
vn 0.9878 0.0202 -0.1542
vn 0.9683 -0.2361 -0.0815
vn 0.4678 0.0575 0.8820
vn 0.4343 0.0588 0.8988
vn 0.4447 0.0547 0.8940
vn 0.4343 0.0588 0.8989
vn 0.2929 0.1427 0.9454
vn 0.3997 0.0760 0.9135
vn 0.2761 0.1592 0.9479
vn 0.1812 0.1651 0.9695
vn 0.1757 0.1633 0.9708
vn 0.1328 0.1497 0.9798
vn 0.1216 0.1462 0.9818
vn 0.1215 0.1462 0.9818
vn 0.0884 0.1360 0.9868
vn 0.3934 0.0709 0.9166
vn -0.3986 0.0847 0.9132
vn -0.4342 0.0641 0.8985
vn -0.3941 0.0783 0.9157
vn -0.1054 0.1497 0.9831
vn -0.0705 0.1114 0.9913
vn -0.0704 0.1113 0.9913
vn -0.1055 0.1497 0.9831
vn -0.1185 0.1640 0.9793
vn -0.0705 0.1115 0.9913
vn -0.1643 0.1969 0.9665
vn -0.1604 0.1943 0.9677
vn -0.2859 0.1759 0.9420
vn -0.2642 0.1940 0.9448
vn -0.4445 0.0597 0.8938
vn -0.4674 0.0588 0.8821
vn -0.4674 0.0587 0.8821
vn 0.2427 -0.9654 0.0957
vn 0.2639 -0.9569 0.1214
vn 0.2639 -0.9569 0.1213
vn 0.2422 -0.9656 0.0951
vn 0.2317 -0.9694 0.0807
vn 0.2295 -0.9703 0.0768
vn 0.2362 -0.9697 0.0622
vn 0.2269 -0.9726 0.0508
vn 0.2349 -0.9716 0.0287
vn 0.2524 -0.9653 0.0664
vn 0.2520 -0.9655 0.0661
vn 0.9148 0.1657 -0.3684
vn 0.5548 0.0283 -0.8315
vn 0.5500 0.0266 -0.8347
vn 0.9135 0.1652 -0.3717
vn 0.9739 0.2019 -0.1036
vn 0.9743 0.2026 -0.0984
vn 0.7821 0.2482 0.5716
vn 0.7484 0.2466 0.6158
vn 0.0267 0.1311 0.9910
vn 0.0041 0.1257 0.9921
vn -0.6018 -0.0348 0.7979
vn -0.6081 -0.0367 0.7930
vn -0.8211 -0.1127 0.5595
vn -0.8166 -0.1112 0.5664
vn -0.9037 -0.1566 0.3985
vn -0.9099 -0.1604 0.3826
vn -0.9655 -0.2355 -0.1112
vn -0.9647 -0.2361 -0.1167
vn -0.6811 -0.2426 -0.6908
vn -0.6691 -0.2412 -0.7030
vn -0.0981 -0.1464 -0.9844
vn -0.0813 -0.1429 -0.9864
vn 0.8171 0.2283 0.5294
vn 0.7599 0.2267 0.6092
vn 0.8215 0.2188 0.5265
vn 0.7585 0.2211 0.6131
vn 0.6894 0.2350 0.6852
vn 0.6865 0.2223 0.6923
vn 0.6030 0.2390 0.7611
vn 0.5893 0.2341 0.7733
vn 0.4756 0.2409 0.8460
vn 0.4637 0.2529 0.8491
vn 0.3221 0.2434 0.9149
vn 0.3115 0.2671 0.9119
vn 0.4401 0.2745 0.8549
vn 0.2943 0.2978 0.9081
vn 0.5666 0.2447 0.7868
vn 0.6733 0.2245 0.7044
vn 0.7559 0.2258 0.6145
vn 0.8136 0.2420 0.5286
vn 0.8636 0.2203 0.4534
vn 0.8606 0.2044 0.4665
vn 0.8842 0.1828 0.4299
vn 0.9164 0.1739 0.3605
vn 0.9028 0.2345 0.3604
vn 0.9635 0.1589 0.2154
vn 0.8503 0.2656 0.4543
vn 0.8003 0.2974 0.5207
vn 0.7399 0.2834 0.6101
vn 0.6495 0.2779 0.7077
vn 0.5352 0.2938 0.7920
vn 0.4091 0.3241 0.8530
vn 0.2756 0.3476 0.8962
vn 0.3786 0.4253 0.8220
vn 0.2549 0.4603 0.8504
vn 0.3745 0.5530 0.7443
vn 0.2442 0.5925 0.7677
vn 0.2497 0.7108 0.6576
vn 0.3949 0.6606 0.6385
vn 0.2573 0.8015 0.5398
vn 0.4145 0.7390 0.5312
vn 0.2617 0.8719 0.4140
vn 0.6893 0.4013 0.6032
vn 0.6039 0.6025 0.5218
vn 0.5626 0.5562 0.6116
vn 0.5072 0.4878 0.7105
vn 0.4959 0.3807 0.7805
vn 0.6105 0.3740 0.6982
vn 0.7437 0.4276 0.5140
vn 0.8428 0.3192 0.4333
vn 0.4483 0.8909 -0.0732
vn 0.6584 0.7484 0.0796
vn 0.6606 0.7487 -0.0549
vn 0.4403 0.8957 0.0625
vn 0.6561 0.7260 0.2063
vn 0.4374 0.8792 0.1892
vn 0.6505 0.6894 0.3187
vn 0.4362 0.8457 0.3074
vn 0.6322 0.6486 0.4239
vn 0.4323 0.7966 0.4224
vn 0.8216 0.5251 0.2220
vn 0.8350 0.5405 0.1029
vn 0.8386 0.5444 -0.0186
vn 0.8384 0.5278 -0.1359
vn 0.9259 0.3268 -0.1898
vn 0.9316 0.3532 -0.0856
vn 0.9299 0.3674 0.0156
vn 0.9202 0.3736 0.1171
vn 0.8994 0.3721 0.2292
vn 0.8053 0.4962 0.3243
vn 0.7798 0.4614 0.4232
vn 0.8721 0.3560 0.3356
vn 0.9219 0.3131 0.2282
vn 0.9469 0.3007 0.1137
vn 0.9585 0.2834 0.0294
vn 0.9606 0.2727 -0.0535
vn 0.9537 0.2609 -0.1497
vn 0.9430 0.2274 -0.2431
vn 0.9146 0.2848 -0.2869
vn 0.8366 0.4842 -0.2561
vn 0.6649 0.7233 -0.1865
vn 0.9638 0.1714 -0.2040
vn 0.9314 0.1653 -0.3244
vn 0.9755 0.1914 -0.1086
vn 0.9795 0.1998 -0.0270
vn 0.9781 0.2038 0.0434
vn 0.9693 0.2174 0.1145
vn 0.9454 0.2402 0.2204
vn 0.8850 0.2980 0.3577
vn 0.9503 0.1235 -0.2859
vn 0.9791 0.1109 -0.1706
vn 0.9887 0.1265 -0.0803
vn 0.9904 0.1384 -0.0080
vn 0.9885 0.1419 0.0517
vn 0.9822 0.1449 0.1193
vn 0.9328 0.0658 -0.3544
vn 0.9190 0.0830 -0.3854
vn 0.9637 0.0889 -0.2518
vn 0.9376 0.0585 -0.3427
vn 0.9164 0.0252 -0.3996
vn 0.9130 0.0352 -0.4064
vn 0.9070 0.0218 -0.4207
vn 0.9005 0.0353 -0.4333
vn 0.9036 0.0386 -0.4267
vn 0.9005 0.0467 -0.4323
vn 0.9051 0.0580 -0.4213
vn 0.9004 0.0528 -0.4320
vn 0.9013 0.0493 -0.4303
vn 0.8531 0.0215 -0.5212
vn 0.8518 0.0390 -0.5224
vn 0.7753 -0.0039 -0.6315
vn 0.7110 0.0188 -0.7030
vn 0.6374 -0.0062 -0.7705
vn 0.5009 -0.0089 -0.8654
vn 0.8999 0.0317 -0.4349
vn 0.8472 0.0319 -0.5303
vn 0.9025 0.0065 -0.4307
vn 0.8533 0.0166 -0.5211
vn 0.9095 0.0245 -0.4149
vn 0.8669 0.0553 -0.4954
vn 0.7389 0.0297 -0.6732
vn 0.7184 0.0206 -0.6953
vn 0.5329 0.0008 -0.8462
vn 0.5082 -0.0008 -0.8612
vn 0.3377 -0.0207 -0.9410
vn 0.3499 -0.0186 -0.9366
vn 0.5608 0.0339 -0.8273
vn 0.7658 0.0987 -0.6354
vn 0.8851 0.1268 -0.4478
vn 0.3370 -0.0261 -0.9411
vn 0.2129 -0.0074 -0.9770
vn 0.2120 -0.0194 -0.9771
vn 0.2125 -0.0316 -0.9766
vn 0.3704 0.0254 -0.9285
vn 0.5994 0.1400 -0.7881
vn 0.7890 0.2074 -0.5784
vn 0.9013 0.2166 -0.3751
vn 0.6297 0.2936 -0.7192
vn 0.4098 0.1615 -0.8978
vn 0.4427 0.3547 -0.8235
vn 0.2690 0.3911 -0.8802
vn 0.2867 0.6029 -0.7445
vn 0.2485 0.1736 -0.9530
vn 0.2263 0.0183 -0.9739
vn 0.4628 0.5511 -0.6944
vn 0.2979 0.7686 -0.5661
vn 0.6562 0.4521 -0.6042
vn 0.8130 0.3261 -0.4824
vn 0.8259 0.4224 -0.3735
vn 0.6682 0.5798 -0.4661
vn 0.4704 0.7040 -0.5321
vn 0.4642 0.8052 -0.3692
vn 0.2936 0.8730 -0.3894
vn 0.2820 0.9318 -0.2284
vn 0.4572 0.8630 -0.2149
vn 0.2720 0.9589 -0.0806
vn 0.6683 0.6700 -0.3234
vn 0.2607 0.9207 0.2905
vn 0.2594 0.9500 0.1738
vn 0.2637 0.9632 0.0527
vn -0.2356 -0.9626 0.1335
vn -0.2630 -0.9534 0.1477
vn -0.2629 -0.9535 0.1477
vn -0.2357 -0.9626 0.1336
vn -0.2209 -0.9674 0.1242
vn -0.2167 -0.9688 0.1201
vn -0.2215 -0.9690 0.1089
vn -0.2086 -0.9731 0.0976
vn -0.2154 -0.9731 0.0811
vn -0.2421 -0.9637 0.1125
vn -0.2414 -0.9639 0.1122
vn -0.0419 0.1055 -0.9935
vn -0.0418 0.1055 -0.9935
vn -0.0572 -0.0355 -0.9977
vn -0.0418 0.1056 -0.9935
vn -0.0601 -0.0626 -0.9962
vn -0.0839 -0.1072 -0.9907
vn -0.0971 -0.1239 -0.9875
vn -0.1470 -0.1633 -0.9756
vn -0.2057 -0.1260 -0.9705
vn -0.3085 -0.0770 -0.9481
vn -0.4868 -0.0394 -0.8726
vn -0.5216 -0.0635 -0.8508
vn -0.5040 -0.0451 -0.8625
vn -0.4784 -0.0191 -0.8779
vn 0.5368 -0.8437 -0.0058
vn 0.3381 -0.9182 -0.2064
vn 0.6272 -0.7602 -0.1696
vn 0.6796 -0.7333 0.0197
vn 0.6932 -0.6707 0.2638
vn 0.5821 -0.7466 0.3220
vn 0.6578 -0.5091 0.5550
vn 0.8468 -0.5319 0.0037
vn 0.8269 -0.5330 -0.1793
vn 0.8499 -0.4861 0.2033
vn 0.8302 -0.3575 0.4277
vn 0.5934 -0.2395 0.7684
vn -0.3242 -0.8972 -0.3000
vn -0.0000 -0.9669 -0.2550
vn -0.3380 -0.9182 -0.2064
vn -0.0000 -0.9670 -0.2550
vn 0.3240 -0.8972 -0.3001
vn 0.5716 -0.7236 -0.3869
vn 0.7671 -0.4927 -0.4108
vn 0.9307 -0.3037 -0.2040
vn 0.9606 -0.2747 -0.0419
vn 0.9602 -0.2524 0.1195
vn 0.9427 -0.1783 0.2819
vn 0.7951 -0.1556 0.5862
vn 0.5164 -0.0080 0.8563
vn 0.4955 -0.6552 -0.5703
vn 0.7475 -0.0050 0.6642
vn 0.9243 -0.0627 0.3766
vn 0.8995 0.0202 0.4365
vn 0.4152 -0.4149 -0.8096
vn 0.6343 -0.4432 -0.6335
vn 0.8615 -0.2893 -0.4173
vn 0.9605 0.0176 0.2776
vn 0.9571 0.0172 0.2891
vn 0.9679 -0.0298 0.2494
vn 0.9766 -0.0716 0.2026
vn 0.9864 -0.0850 0.1407
vn 0.9934 -0.0803 0.0819
vn 0.9968 -0.0794 -0.0020
vn 0.9935 -0.0884 -0.0716
vn 0.9855 -0.1016 -0.1356
vn 0.9578 -0.1454 -0.2481
vn 0.9287 -0.1655 -0.3319
vn 0.9118 -0.1627 -0.3771
vn 0.8725 -0.1763 -0.4556
vn 0.7093 -0.2554 -0.6570
vn 0.3747 -0.2772 -0.8847
vn -0.0000 -0.3876 -0.9218
vn -0.0000 -0.3047 -0.9525
vn 0.8265 -0.1895 -0.5302
vn 0.7733 -0.1713 -0.6105
vn 0.6490 -0.1790 -0.7394
vn 0.5228 -0.1870 -0.8317
vn 0.3110 -0.1607 -0.9367
vn 0.1788 -0.2021 -0.9629
vn -0.0000 -0.2185 -0.9758
vn -0.3749 -0.2770 -0.8847
vn -0.4152 -0.4149 -0.8096
vn -0.6343 -0.4431 -0.6335
vn -0.4955 -0.6552 -0.5703
vn -0.5715 -0.7236 -0.3869
vn -0.8500 -0.4861 0.2032
vn -0.9427 -0.1783 0.2819
vn -0.9602 -0.2524 0.1195
vn -0.8468 -0.5319 0.0037
vn -0.9606 -0.2746 -0.0418
vn -0.8269 -0.5331 -0.1793
vn -0.9307 -0.3031 -0.2046
vn -0.7671 -0.4927 -0.4108
vn -0.8620 -0.2859 -0.4186
vn -0.7113 -0.2522 -0.6561
vn -0.5236 -0.1861 -0.8314
vn -0.3110 -0.1607 -0.9367
vn -0.1788 -0.2021 -0.9629
vn -0.6524 -0.1756 -0.7373
vn -0.7772 -0.1630 -0.6078
vn -0.8291 -0.1792 -0.5295
vn -0.8728 -0.1665 -0.4587
vn -0.9094 -0.1536 -0.3866
vn -0.9270 -0.1593 -0.3396
vn -0.9574 -0.1435 -0.2504
vn -0.9854 -0.1015 -0.1365
vn -0.9935 -0.0885 -0.0717
vn -0.9968 -0.0794 -0.0020
vn -0.9934 -0.0805 0.0819
vn -0.9864 -0.0850 0.1407
vn -0.9766 -0.0717 0.2026
vn -0.9242 -0.0627 0.3766
vn -0.7951 -0.1556 0.5862
vn -0.8303 -0.3572 0.4277
vn -0.5935 -0.2395 0.7684
vn -0.6579 -0.5093 0.5548
vn -0.4714 -0.2854 0.8345
vn -0.4698 -0.6114 0.6368
vn -0.3301 -0.5874 0.7389
vn -0.3637 -0.0210 0.9313
vn -0.5164 -0.0080 0.8563
vn -0.7475 -0.0050 0.6642
vn -0.8995 0.0202 0.4365
vn -0.9679 -0.0299 0.2494
vn -0.9604 0.0169 0.2780
vn -0.9571 0.0172 0.2892
vn -0.9517 0.0288 0.3057
vn -0.9408 0.0577 0.3341
vn -0.9124 0.0799 0.4014
vn -0.8519 0.0569 0.5206
vn -0.7832 0.0465 0.6201
vn -0.6635 0.0464 0.7467
vn -0.4939 0.0428 0.8685
vn -0.3185 0.0466 0.9468
vn -0.1763 0.0571 0.9827
vn -0.2183 0.0569 0.9742
vn -0.1214 0.0663 0.9904
vn -0.0000 0.0656 0.9978
vn 0.1216 0.0665 0.9904
vn 0.1761 0.0572 0.9827
vn 0.2183 0.0569 0.9742
vn 0.3185 0.0466 0.9468
vn 0.3637 -0.0210 0.9313
vn 0.4939 0.0428 0.8685
vn 0.6635 0.0464 0.7467
vn 0.7833 0.0465 0.6200
vn 0.8519 0.0570 0.5207
vn 0.9124 0.0799 0.4014
vn 0.9408 0.0577 0.3341
vn 0.9517 0.0288 0.3057
vn 0.4714 -0.2854 0.8345
vn 0.4698 -0.6113 0.6368
vn 0.3408 -0.7291 0.5935
vn 0.3301 -0.5874 0.7389
vn -0.0000 -0.7151 0.6991
vn -0.0000 -0.7151 0.6990
vn -0.3408 -0.7291 0.5935
vn -0.5821 -0.7466 0.3220
vn -0.6932 -0.6707 0.2638
vn -0.5368 -0.8437 -0.0058
vn -0.6272 -0.7602 -0.1696
vn -0.6796 -0.7333 0.0197
vn 0.1651 0.2745 0.9473
vn 0.1805 0.2466 0.9522
vn -0.0000 0.2518 0.9678
vn -0.1387 0.3615 0.9220
vn -0.2943 0.2978 0.9081
vn -0.1482 0.3079 0.9398
vn -0.3115 0.2672 0.9119
vn -0.1651 0.2745 0.9473
vn -0.3220 0.2439 0.9148
vn -0.1805 0.2466 0.9522
vn -0.0000 0.2769 0.9609
vn 0.1482 0.3079 0.9398
vn 0.1387 0.3615 0.9220
vn 0.1272 0.4780 0.8691
vn 0.1211 0.6140 0.7800
vn 0.1251 0.7362 0.6651
vn -0.0000 0.3109 0.9504
vn -0.0000 0.3669 0.9303
vn -0.0000 0.4831 0.8756
vn -0.0006 0.6269 0.7791
vn -0.1207 0.6144 0.7797
vn -0.0011 0.7488 0.6627
vn -0.1246 0.7373 0.6640
vn -0.0006 0.8419 0.5397
vn -0.1313 0.8321 0.5388
vn -0.0003 0.9113 0.4118
vn -0.1312 0.9032 0.4087
vn -0.0000 0.9575 0.2883
vn -0.1302 0.9497 0.2847
vn 0.1292 0.8318 0.5398
vn -0.1275 0.4779 0.8691
vn -0.1361 0.9874 -0.0811
vn -0.2649 0.9629 0.0518
vn -0.1317 0.9900 0.0511
vn -0.2612 0.9496 0.1731
vn -0.1311 0.9766 0.1705
vn -0.2616 0.9205 0.2901
vn -0.2624 0.8721 0.4130
vn -0.2577 0.8018 0.5392
vn -0.2473 0.7113 0.6579
vn -0.2438 0.5931 0.7674
vn -0.2548 0.4603 0.8504
vn -0.2755 0.3476 0.8962
vn -0.0002 0.9842 0.1769
vn -0.0004 0.9984 0.0573
vn -0.0006 0.9971 -0.0764
vn -0.1507 0.9619 -0.2282
vn -0.0030 0.9758 -0.2187
vn -0.1733 0.9031 -0.3928
vn -0.0051 0.9225 -0.3860
vn -0.1827 0.7943 -0.5795
vn -0.0046 0.8098 -0.5867
vn -0.1676 0.6324 -0.7563
vn 0.0102 0.6352 -0.7723
vn -0.1533 0.4008 -0.9033
vn 0.0206 0.4130 -0.9105
vn 0.1604 0.4058 -0.8998
vn 0.0098 0.1658 -0.9861
vn 0.1386 0.1750 -0.9748
vn -0.1353 0.1619 -0.9775
vn 0.1173 0.0131 -0.9930
vn -0.0001 0.0108 -0.9999
vn -0.1170 0.0123 -0.9931
vn -0.2579 0.1630 -0.9523
vn -0.2897 0.3829 -0.8772
vn -0.2970 0.6103 -0.7344
vn -0.2944 0.7713 -0.5643
vn -0.2921 0.8715 -0.3938
vn -0.2812 0.9319 -0.2293
vn -0.2726 0.9587 -0.0813
vn -0.2253 0.0178 -0.9741
vn 0.1788 0.7926 -0.5829
vn 0.1722 0.6214 -0.7643
vn 0.1679 0.9057 -0.3893
vn 0.1452 0.9629 -0.2276
vn 0.1353 0.9875 -0.0803
vn 0.1301 0.9902 0.0510
vn 0.1287 0.9768 0.1710
vn 0.1299 0.9493 0.2863
vn 0.1299 0.9028 0.4100
vn -0.5183 -0.8471 0.1173
vn -0.0527 -0.9949 0.0859
vn -0.0529 -0.9949 0.0859
vn -0.5077 -0.8536 0.1168
vn -0.9487 -0.2876 0.1315
vn -0.9521 -0.2759 0.1319
vn -0.9792 0.1001 0.1765
vn -0.9796 0.0977 0.1759
vn -0.9372 0.1954 0.2888
vn -0.9371 0.1947 0.2898
vn -0.9217 0.1394 0.3621
vn -0.9216 0.1392 0.3623
vn -0.2780 0.9566 -0.0876
vn -0.2781 0.9565 -0.0876
vn -0.2500 0.9664 -0.0596
vn -0.2537 0.9661 -0.0468
vn -0.2353 0.9710 -0.0416
vn -0.2409 0.9688 -0.0582
vn -0.2486 0.9663 -0.0663
vn -0.2684 0.9585 -0.0961
vn -0.2685 0.9584 -0.0965
vn -0.2949 0.9438 -0.1489
vn -0.2950 0.9438 -0.1489
vn -0.7316 -0.0445 -0.6802
vn -0.7561 -0.0546 -0.6522
vn -0.7273 -0.0428 -0.6850
vn -0.7113 -0.0384 -0.7018
vn -0.7033 -0.0362 -0.7100
vn -0.6882 -0.0683 -0.7223
vn -0.6355 -0.0776 -0.7682
vn -0.6345 -0.0758 -0.7692
vn -0.6822 -0.0831 -0.7264
vn -0.7087 0.0203 -0.7053
vn 0.7030 0.0958 0.7047
vn 0.6796 0.1503 0.7180
vn 0.6669 0.2363 0.7067
vn 0.6744 0.0960 0.7321
vn 0.6965 0.1064 0.7096
vn 0.6748 0.0845 0.7331
vn 0.7043 0.0820 0.7051
vn 0.6890 0.0824 0.7200
vn 0.6847 0.0834 0.7240
vn 0.6569 0.0902 0.7485
vn 0.6568 0.0901 0.7486
vn -0.0688 0.9970 -0.0362
vn -0.0701 0.9969 -0.0353
vn -0.0710 0.9969 -0.0352
vn -0.0703 0.9969 -0.0350
vn -0.0706 0.9969 -0.0351
vn -0.0702 0.9969 -0.0352
vn -0.4378 0.0675 0.8965
vn -0.6082 0.0471 0.7924
vn -0.5936 0.2312 0.7708
vn -0.6793 0.2111 0.7029
vn -0.7072 0.0396 0.7059
vn -0.6635 0.2745 0.6960
vn -0.5887 0.3051 0.7486
vn -0.4427 0.3315 0.8332
vn -0.4354 0.2492 0.8650
vn -0.2497 0.2799 0.9270
vn -0.2357 0.0853 0.9681
vn -0.1391 0.3004 0.9436
vn -0.2715 0.3660 0.8901
vn -0.1522 0.3972 0.9051
vn -0.0000 0.4034 0.9150
vn 0.6065 0.0469 0.7937
vn 0.4597 -0.0335 0.8874
vn 0.4378 0.0675 0.8965
vn 0.5932 0.2310 0.7712
vn 0.4355 0.2490 0.8651
vn 0.4427 0.3314 0.8332
vn 0.2497 0.2799 0.9270
vn 0.2713 0.3659 0.8902
vn 0.1391 0.3003 0.9436
vn 0.1522 0.3971 0.9051
vn -0.0000 0.3052 0.9523
vn -0.1150 0.0905 0.9892
vn -0.2496 -0.0208 0.9681
vn -0.4598 -0.0335 0.8874
vn -0.6163 -0.0544 0.7856
vn 0.2357 0.0853 0.9681
vn 0.1149 0.0905 0.9892
vn -0.0000 0.0900 0.9959
vn -0.0000 -0.0155 0.9999
vn -0.1077 -0.0223 0.9939
vn 0.2496 -0.0208 0.9681
vn 0.1077 -0.0223 0.9939
vn -0.7176 -0.0775 0.6921
vn -0.7856 0.0218 0.6184
vn -0.7614 0.1998 0.6167
vn -0.7332 0.2560 0.6300
vn -0.7892 0.2657 0.5536
vn -0.7415 0.2319 0.6296
vn -0.7645 0.2950 0.5732
vn -0.6447 0.2613 0.7184
vn -0.7702 0.0710 0.6338
vn -0.6955 0.1427 0.7042
vn -0.7475 0.0029 0.6642
vn -0.8407 -0.1016 0.5319
vn -0.8225 -0.1175 0.5566
vn -0.7788 -0.1020 0.6189
vn 0.6821 -0.0835 -0.7265
vn 0.7087 0.0203 -0.7052
vn 0.7029 -0.0375 -0.7103
vn 0.7564 -0.0548 -0.6518
vn 0.7565 -0.0548 -0.6517
vn 0.7266 -0.0437 -0.6857
vn 0.7265 -0.0437 -0.6858
vn 0.7096 -0.0395 -0.7035
vn 0.6881 -0.0690 -0.7223
vn 0.6355 -0.0776 -0.7682
vn 0.6345 -0.0757 -0.7692
vn 0.6760 0.0364 0.7360
vn -0.6354 -0.0776 -0.7683
vn -0.6032 -0.0180 -0.7974
vn -0.6345 -0.0757 -0.7692
vn -0.2517 -0.9074 0.3366
vn -0.5704 -0.5371 0.6214
vn -0.2516 -0.9074 0.3366
vn -0.5648 -0.5483 0.6167
vn -0.5705 -0.5372 0.6213
vn -0.6783 0.3673 0.6364
vn -0.6780 0.3684 0.6360
vn -0.3886 0.8724 0.2964
vn -0.3904 0.8712 0.2976
vn -0.2710 0.9463 0.1762
vn -0.2712 0.9463 0.1759
vn -0.0763 0.9970 -0.0114
vn -0.0804 0.9967 -0.0075
vn -0.1251 0.9911 0.0448
vn -0.1270 0.9908 0.0467
vn -0.6516 0.5017 0.5690
vn -0.6574 0.4874 0.5747
vn -0.4929 0.7469 0.4464
vn -0.5087 0.7274 0.4606
vn 0.0217 0.9997 -0.0144
vn -0.5088 0.7273 0.4606
vn 0.0218 0.9997 -0.0145
vn 0.4356 -0.8354 -0.3353
vn 0.4235 -0.8425 -0.3329
vn 0.4356 -0.8353 -0.3354
vn 0.4232 -0.8426 -0.3330
vn 0.4113 -0.8494 -0.3306
vn 0.4232 -0.8426 -0.3331
vn 0.4113 -0.8494 -0.3307
vn 0.0647 -0.9973 0.0333
vn 0.0649 -0.9973 0.0334
vn 0.0647 -0.9974 0.0331
vn 0.0639 -0.9974 0.0332
vn 0.0633 -0.9974 0.0331
vn 0.0655 -0.9973 0.0320
vn -0.1442 0.0242 0.9893
vn -0.3352 0.0097 0.9421
vn -0.1442 0.0241 0.9892
vn 0.4357 0.0601 0.8981
vn 0.9423 0.0746 0.3263
vn 0.8988 0.0456 -0.4359
vn 0.4999 0.0040 -0.8661
vn 0.3207 -0.0108 -0.9471
vn -0.9423 -0.0746 -0.3263
vn -0.2632 -0.9475 -0.1816
vn -0.2631 -0.9475 -0.1816
vn -0.7668 -0.0582 0.6392
vn -0.7668 -0.0583 0.6392
vn 0.1715 0.9827 0.0701
vn 0.1715 0.9827 0.0700
vn 0.1714 0.9827 0.0699
vn 0.1716 0.9827 0.0702
vn 0.7364 -0.1207 -0.6657
vn 0.7364 -0.1206 -0.6657
vn 0.8011 -0.0837 -0.5927
vn 0.8652 -0.0651 -0.4973
vn 0.8911 -0.0497 -0.4510
vn 0.7654 -0.1013 -0.6355
vn 0.6767 -0.0956 -0.7300
vn 0.7399 -0.0842 -0.6675
vn 0.7871 -0.0641 -0.6135
vn 0.8535 -0.0300 -0.5202
vn 0.9248 -0.0325 -0.3791
vn 0.9416 0.0254 -0.3358
vn 0.9303 0.0049 -0.3667
vn 0.9235 -0.0432 -0.3811
vn 0.8771 -0.0524 -0.4774
vn 0.8192 -0.0554 -0.5709
vn 0.7191 -0.0915 -0.6889
vn 0.6899 -0.1096 -0.7156
vn 0.5776 -0.1303 -0.8059
vn 0.5925 -0.1065 -0.7985
vn 0.4250 -0.1219 -0.8969
vn 0.4455 -0.0752 -0.8921
vn 0.6093 -0.0707 -0.7897
vn 0.7408 -0.0620 -0.6688
vn 0.4229 -0.1590 -0.8921
vn 0.2491 -0.1449 -0.9576
vn 0.2677 -0.1870 -0.9452
vn 0.2535 -0.0930 -0.9628
vn 0.1043 -0.1720 -0.9796
vn 0.1462 -0.2239 -0.9636
vn -0.0000 -0.2487 -0.9686
vn -0.0000 -0.1791 -0.9838
vn -0.1043 -0.1720 -0.9796
vn -0.0000 -0.1335 -0.9911
vn 0.0993 -0.1165 -0.9882
vn -0.4231 -0.1589 -0.8921
vn -0.4304 -0.1507 -0.8900
vn -0.2802 -0.1784 -0.9432
vn -0.2677 -0.1870 -0.9452
vn -0.2490 -0.1448 -0.9576
vn -0.1462 -0.2239 -0.9636
vn -0.0000 -0.2685 -0.9633
vn 0.1624 -0.2307 -0.9594
vn 0.2802 -0.1784 -0.9432
vn 0.4305 -0.1506 -0.8900
vn 0.5773 -0.1187 -0.8079
vn -0.1624 -0.2307 -0.9594
vn -0.0993 -0.1165 -0.9882
vn -0.2541 -0.0923 -0.9628
vn -0.4250 -0.1220 -0.8969
vn -0.5775 -0.1302 -0.8059
vn -0.5773 -0.1186 -0.8078
vn -0.6881 -0.1091 -0.7173
vn -0.6764 -0.0955 -0.7303
vn -0.7590 -0.0992 -0.6435
vn -0.7382 -0.0836 -0.6694
vn -0.7849 -0.0618 -0.6165
vn -0.8540 -0.0602 -0.5167
vn -0.8510 -0.0241 -0.5247
vn -0.9141 -0.0261 -0.4046
vn -0.9251 0.0298 -0.3784
vn -0.8740 -0.0483 -0.4836
vn -0.7883 -0.0832 -0.6097
vn -0.9107 0.0002 -0.4132
vn -0.9045 -0.0480 -0.4238
vn -0.8589 -0.0550 -0.5093
vn -0.8038 -0.0573 -0.5921
vn -0.7137 -0.0911 -0.6945
vn -0.5920 -0.1062 -0.7989
vn -0.4455 -0.0752 -0.8921
vn -0.6084 -0.0703 -0.7905
vn -0.7329 -0.0623 -0.6774
vn 0.7308 0.2244 0.6446
vn 0.7693 0.0213 0.6386
vn 0.7530 0.1961 0.6281
vn 0.7491 0.0677 0.6590
vn 0.7605 -0.0983 0.6418
vn 0.7075 -0.0758 0.7026
vn 0.8013 -0.1127 0.5875
vn 0.8163 -0.0950 0.5698
vn 0.7197 0.0082 0.6942
vn 0.6736 0.1362 0.7265
vn 0.6321 0.2516 0.7329
vn 0.7630 0.2860 0.5797
vn 0.7864 0.2610 0.5599
vn 0.7305 0.2543 0.6338
vn 0.6628 0.2743 0.6968
vn 0.6761 0.2100 0.7062
vn 0.6991 0.0393 0.7140
vn 0.6136 -0.0544 0.7878
vn 0.5887 0.3051 0.7486
vn -0.3405 -0.1828 0.9223
vn -0.3403 -0.1830 0.9223
vn -0.3402 -0.1831 0.9224
vn -0.3406 -0.1828 0.9223
vn 0.3344 0.2039 -0.9201
vn -0.8945 0.3782 -0.2385
vn -0.8947 0.3778 -0.2384
vn -0.8944 0.3782 -0.2385
vn 0.2986 0.9093 0.2900
vn 0.2985 0.9093 0.2899
vn 0.2986 0.9092 0.2900
vn 0.8947 -0.3783 0.2374
vn 0.8947 -0.3778 0.2382
vn 0.8947 -0.3780 0.2379
vn -0.3013 -0.9107 -0.2824
vn -0.3015 -0.9107 -0.2825
vn -0.3012 -0.9108 -0.2823
vn 0.3099 0.9132 0.2647
vn 0.4025 0.9120 -0.0789
vn 0.4026 0.9119 -0.0796
vn 0.4366 0.6257 -0.6465
vn 0.4366 0.6257 -0.6464
vn 0.3634 0.2973 -0.8829
vn 0.2883 0.0710 -0.9549
vn 0.1271 -0.3071 -0.9431
vn 0.1271 -0.3071 -0.9432
vn -0.1614 -0.7790 -0.6059
vn -0.1619 -0.7795 -0.6051
vn -0.3012 -0.9085 -0.2896
vn -0.7038 0.0935 0.7042
vn -0.6669 0.2362 0.7067
vn -0.6798 0.1495 0.7180
vn -0.6607 0.0937 0.7448
vn -0.6919 0.0825 0.7173
vn -0.6606 0.0937 0.7449
vn -0.6913 0.0827 0.7178
vn -0.7057 0.0809 0.7039
vn -0.6970 0.1041 0.7094
vn -0.6744 0.0960 0.7321
vn -0.6749 0.0845 0.7331
vn 0.9004 -0.3595 0.2450
vn 0.8967 -0.3699 0.2432
vn 0.8980 -0.3663 0.2438
vn 0.8952 -0.3741 0.2424
vn 0.8951 -0.3741 0.2424
vn 0.8958 -0.3719 0.2435
vn 0.8964 -0.3696 0.2445
vn 0.8975 -0.3657 0.2463
vn 0.8975 -0.3658 0.2463
vn -0.3883 -0.8845 0.2587
vn -0.0304 -0.9700 0.2412
vn -0.3685 -0.8185 0.4407
vn -0.0140 -0.9681 0.2503
vn -0.2542 -0.7761 0.5771
vn -0.0871 -0.7524 0.6529
vn 0.0083 -0.9685 0.2488
vn 0.0921 -0.7543 0.6500
vn 0.2517 -0.7830 0.5688
vn 0.3336 -0.8462 0.4155
vn 0.0172 -0.9725 0.2321
vn 0.3545 -0.9004 0.2521
vn 0.0242 -0.9775 0.2095
vn 0.3590 -0.9292 0.0881
vn 0.3025 -0.9496 -0.0820
vn 0.0055 -0.9804 0.1970
vn 0.1623 -0.9695 -0.1834
vn -0.0008 -0.9738 0.2276
vn 0.5432 -0.6730 0.5021
vn 0.3975 -0.5564 0.7296
vn 0.5865 -0.7697 0.2521
vn 0.5707 -0.8211 -0.0096
vn 0.4614 -0.8447 -0.2714
vn 0.2542 -0.8552 -0.4518
vn 0.0096 -0.8524 -0.5228
vn -0.0040 -0.9752 -0.2214
vn -0.0194 -0.9800 0.1978
vn -0.0285 -0.9737 0.2259
vn -0.1723 -0.9605 -0.2186
vn -0.2766 -0.9597 -0.0505
vn -0.3516 -0.9316 0.0921
vn -0.2547 -0.8543 -0.4530
vn -0.4519 -0.8550 -0.2547
vn -0.5594 -0.8288 -0.0100
vn -0.6103 -0.7541 0.2425
vn -0.5735 -0.6401 0.5113
vn -0.3996 -0.5316 0.7469
vn -0.1440 -0.4806 0.8650
vn 0.1410 -0.4832 0.8641
vn -0.8959 0.3716 -0.2436
vn -0.8975 0.3658 -0.2463
vn -0.8964 0.3697 -0.2445
vn -0.8951 0.3741 -0.2424
vn -0.8952 0.3741 -0.2424
vn -0.8967 0.3699 -0.2432
vn -0.8980 0.3663 -0.2438
vn -0.9004 0.3595 -0.2450
vn 0.2780 0.9233 -0.2650
vn 0.1696 0.9520 -0.2548
vn 0.2850 0.9211 -0.2654
vn 0.1588 0.9542 -0.2534
vn 0.0373 0.9699 -0.2406
vn 0.0313 0.9702 -0.2402
vn -0.0910 0.9682 -0.2332
vn -0.1019 0.9672 -0.2328
vn -0.2384 0.9427 -0.2336
vn -0.2492 0.9397 -0.2340
vn -0.4016 0.8835 -0.2411
vn -0.4169 0.8762 -0.2418
vn -0.6005 0.7579 -0.2551
vn -0.6002 0.7581 -0.2550
vn -0.7856 0.5779 -0.2210
vn -0.8232 0.5312 -0.2003
vn -0.8918 0.4065 -0.1986
vn -0.8912 0.4004 -0.2130
vn -0.8887 0.3701 -0.2705
vn -0.8886 0.3583 -0.2864
vn -0.7641 0.3883 -0.5152
vn -0.8198 0.3707 -0.4365
vn -0.5054 0.4207 -0.7533
vn -0.4774 0.4212 -0.7712
vn -0.3322 0.4165 -0.8463
vn -0.3321 0.4165 -0.8463
vn 0.9787 0.1839 -0.0913
vn 0.9591 0.2730 -0.0745
vn 0.9591 0.2729 -0.0745
vn 0.9802 0.1748 -0.0930
vn 0.9823 0.0988 -0.1594
vn 0.9812 0.1005 -0.1649
vn 0.9530 0.1480 -0.2645
vn 0.9516 0.1502 -0.2681
vn 0.8958 0.2831 -0.3427
vn 0.8886 0.3005 -0.3466
vn 0.8174 0.4502 -0.3594
vn 0.8129 0.4595 -0.3578
vn 0.7416 0.5869 -0.3251
vn 0.7361 0.5952 -0.3222
vn 0.6014 0.7481 -0.2805
vn 0.5861 0.7613 -0.2774
vn 0.4143 0.8711 -0.2638
vn 0.4120 0.8721 -0.2639
vn -0.4299 -0.9028 0.0081
vn -0.4654 -0.8825 0.0681
vn -0.4655 -0.8824 0.0681
vn -0.4378 -0.8988 0.0211
vn -0.3997 -0.9158 -0.0399
vn 0.3626 -0.1763 -0.9151
vn 0.3324 -0.1717 -0.9274
vn 0.3699 -0.1774 -0.9120
vn 0.5090 0.0800 -0.8571
vn 0.5221 0.1190 -0.8446
vn 0.5170 0.6760 -0.5251
vn 0.5146 0.6821 -0.5196
vn 0.3309 0.9375 -0.1078
vn 0.3174 0.9458 -0.0689
vn -0.0151 0.8821 0.4709
vn 0.0380 0.9141 0.4038
vn -0.3676 0.4679 0.8037
vn -0.3924 0.4222 0.8172
vn -0.4228 0.1624 0.8915
vn -0.4192 0.1601 0.8937
vn -0.3496 0.1160 0.9297
vn 0.9464 -0.1294 0.2960
vn 0.8966 -0.1894 0.4004
vn 0.9288 -0.2483 0.2750
vn 0.9023 -0.1214 0.4137
vn 0.8520 -0.1129 0.5112
vn 0.8375 -0.1528 0.5246
vn 0.8558 -0.3658 0.3657
vn 0.8237 -0.2906 0.4868
vn 0.8172 -0.4879 0.3069
vn 0.8093 -0.3957 0.4342
vn 0.8657 -0.4486 0.2222
vn 0.8065 -0.5625 0.1822
vn 0.0839 -0.1381 -0.9869
vn 0.0598 -0.1448 -0.9877
vn 0.0370 -0.1524 -0.9876
vn 0.0404 -0.1497 -0.9879
vn 0.0835 -0.1379 -0.9869
vn 0.0646 -0.1408 -0.9879
vn 0.0184 -0.1423 -0.9896
vn 0.0024 -0.1393 -0.9902
vn 0.0176 -0.1148 -0.9932
vn 0.0134 -0.0956 -0.9953
vn 0.0224 -0.0661 -0.9976
vn 0.0307 -0.0606 -0.9977
vn 0.0536 -0.0453 -0.9975
vn 0.0535 -0.0453 -0.9975
vn -0.1016 0.0478 0.9937
vn -0.1031 0.0508 0.9934
vn -0.1207 0.1086 0.9867
vn -0.1222 0.1152 0.9858
vn -0.1373 0.1462 0.9797
vn -0.1398 0.1430 0.9798
vn -0.1405 0.1333 0.9811
vn -0.1395 0.1330 0.9813
vn -0.1494 0.1462 0.9779
vn -0.1541 0.1506 0.9765
vn -0.1564 0.1698 0.9730
vn -0.1551 0.1701 0.9731
vn -0.1057 0.1793 0.9781
vn -0.1015 0.1799 0.9784
vn -0.0267 0.1753 0.9841
vn -0.0329 0.1768 0.9837
vn 0.0105 0.1633 0.9865
vn 0.0121 0.1617 0.9868
vn -0.0190 0.1535 0.9880
vn 0.0098 0.1622 0.9867
vn 0.2209 0.8281 0.5152
vn 0.2082 0.7618 0.6135
vn 0.2082 0.7617 0.6136
vn 0.2179 0.8119 0.5416
vn 0.1772 0.8332 0.5239
vn 0.1905 0.8440 0.5014
vn 0.1576 0.6771 0.7188
vn 0.1677 0.6017 0.7809
vn 0.1929 0.3612 0.9123
vn 0.2004 0.2837 0.9377
vn 0.1778 0.0973 0.9793
vn 0.1684 0.0717 0.9831
vn 0.0657 0.0061 0.9978
vn 0.0414 0.0118 0.9991
vn -0.0397 0.0574 0.9976
vn -0.0441 0.0693 0.9966
vn -0.0737 0.0638 0.9952
vn -0.0739 0.0635 0.9952
vn -0.2216 -0.9716 0.0826
vn -0.1313 -0.9886 0.0733
vn -0.0716 -0.9961 0.0523
vn -0.2442 -0.9686 0.0465
vn -0.3008 -0.9537 0.0075
vn -0.2820 -0.9592 -0.0183
vn -0.2998 -0.9538 -0.0188
vn -0.2609 -0.9647 -0.0372
vn -0.2579 -0.9651 -0.0458
vn -0.2468 -0.9659 -0.0786
vn -0.2469 -0.9659 -0.0786
vn -0.1364 -0.9895 0.0476
vn 0.0504 0.9987 0.0081
vn 0.0430 0.9990 0.0119
vn 0.0429 0.9990 0.0118
vn 0.0518 0.9986 0.0074
vn 0.0584 0.9983 0.0052
vn 0.0688 0.9976 0.0029
vn 0.0485 0.9988 0.0005
vn 0.0677 0.9977 -0.0071
vn -0.0198 0.9993 0.0312
vn 0.1049 -0.1264 -0.9864
vn 0.1028 -0.1096 -0.9886
vn 0.0682 -0.0780 -0.9946
vn 0.0675 -0.0783 -0.9946
vn 0.0517 -0.0991 -0.9937
vn 0.0534 -0.1000 -0.9936
vn 0.0478 -0.1033 -0.9935
vn 0.0431 -0.1024 -0.9938
vn -0.0367 -0.1410 -0.9893
vn -0.0438 -0.1457 -0.9884
vn -0.0424 -0.4617 -0.8860
vn -0.0541 -0.4145 -0.9084
vn 0.1817 -0.5837 -0.7914
vn 0.1548 -0.6026 -0.7829
vn 0.0894 -0.5173 -0.8511
vn 0.0351 -0.5218 -0.8524
vn -0.1729 -0.5234 -0.8344
vn -0.1681 -0.5239 -0.8351
vn -0.1886 -0.5217 -0.8320
vn -0.1886 -0.5218 -0.8320
vn -0.1026 -0.2212 -0.9698
vn -0.0651 -0.2014 -0.9773
vn -0.1723 -0.2979 -0.9389
vn -0.1723 -0.3023 -0.9375
vn -0.0626 -0.3043 -0.9505
vn -0.0714 -0.3075 -0.9489
vn 0.0853 -0.2292 -0.9696
vn 0.1002 -0.2175 -0.9709
vn 0.1374 -0.1695 -0.9759
vn 0.1393 -0.1720 -0.9752
vn 0.1261 -0.1815 -0.9753
vn 0.1258 -0.1830 -0.9750
vn 0.1311 -0.2215 -0.9663
vn 0.1318 -0.2218 -0.9661
vn 0.1249 -0.2023 -0.9713
vn 0.1278 -0.2086 -0.9696
vn -0.8522 0.4208 -0.3109
vn -0.8602 0.3257 -0.3923
vn -0.8623 0.2704 -0.4282
vn -0.9219 0.1578 -0.3538
vn -0.8888 0.2092 -0.4078
vn -0.8959 0.1619 -0.4136
vn -0.8690 0.1650 -0.4664
vn -0.8642 0.1941 -0.4642
vn -0.8690 0.3439 -0.3558
vn -0.8297 0.5125 -0.2211
vn -0.8670 0.4095 -0.2841
vn -0.9045 0.2478 -0.3471
vn -0.1160 0.9928 -0.0304
vn -0.2502 0.9638 -0.0923
vn 0.0155 0.9986 -0.0500
vn -0.0463 0.9986 -0.0236
vn 0.0734 0.9965 -0.0405
vn 0.1399 0.9897 -0.0313
vn 0.1868 0.9824 0.0025
vn 0.2024 0.9792 0.0114
vn 0.2594 0.9644 0.0508
vn 0.2660 0.9623 0.0561
vn 0.3098 0.9463 0.0920
vn -0.0068 -0.9958 -0.0908
vn 0.1147 -0.9913 -0.0653
vn 0.2292 -0.9690 -0.0917
vn 0.0574 -0.9933 -0.1005
vn -0.0377 -0.9987 -0.0353
vn -0.0375 -0.9987 -0.0335
vn -0.0165 -0.9993 0.0345
vn -0.0377 -0.9987 -0.0352
vn -0.0375 -0.9987 -0.0334
vn -0.0164 -0.9993 0.0345
vn 0.2032 -0.9738 -0.1025
vn -0.8811 0.0963 -0.4631
vn -0.9975 0.0638 -0.0313
vn -0.8573 0.0955 -0.5059
vn -0.9975 0.0638 -0.0314
vn -0.9992 0.0212 0.0340
vn -0.9991 0.0202 0.0365
vn -0.9912 -0.0017 0.1327
vn -0.9913 -0.0016 0.1316
vn -0.9468 -0.0124 0.3217
vn -0.9470 -0.0130 0.3209
vn -0.8968 -0.0141 0.4423
vn -0.8968 -0.0140 0.4422
vn -0.8968 -0.0140 0.4423
vn -0.9602 -0.0815 -0.2672
vn -0.6758 -0.0767 -0.7331
vn -0.6386 -0.0750 -0.7658
vn -0.9602 -0.0815 -0.2671
vn -0.0715 0.9973 -0.0144
vn -0.0644 0.9978 -0.0152
vn 0.0030 0.9998 -0.0219
vn 0.0006 0.9998 -0.0217
vn 0.0359 0.9991 -0.0204
vn 0.0401 0.9990 -0.0198
vn -0.0342 0.9994 0.0057
vn -0.0200 0.9997 0.0130
vn -0.0200 0.9997 0.0129
vn -0.0389 0.9992 0.0034
vn -0.0546 0.9985 0.0025
vn -0.0624 0.9980 0.0112
vn -0.0624 0.9980 0.0113
vn -0.0952 0.9955 0.0032
vn 0.1293 0.9883 0.0812
vn -0.9903 -0.1257 0.0590
vn -0.9872 -0.1479 0.0591
vn -0.9936 -0.0960 0.0599
vn -0.9936 -0.0962 0.0599
vn -0.9959 -0.0653 0.0625
vn -0.9959 -0.0654 0.0625
vn -0.9973 -0.0368 0.0637
vn -0.9973 -0.0369 0.0637
vn -0.9980 -0.0005 0.0625
vn -0.9979 -0.0028 0.0644
vn -0.9976 -0.0149 0.0672
vn -0.9976 -0.0150 0.0673
vn -0.9977 -0.0027 0.0673
vn -0.9977 -0.0028 0.0673
vn -0.9977 0.0024 0.0678
vn -0.8464 0.1611 -0.5076
vn -0.8366 0.1581 -0.5246
vn -0.9647 0.2269 -0.1338
vn -0.9651 0.2265 -0.1312
vn -0.9142 0.2724 -0.2999
vn -0.9142 0.2725 -0.2999
vn -0.8778 0.3441 -0.3332
vn -0.8778 0.3456 -0.3316
vn -0.9360 0.3501 -0.0365
vn -0.9414 0.3344 0.0441
vn -0.7115 0.0706 0.6992
vn -0.6534 0.0310 0.7564
vn 0.2505 -0.0166 -0.9680
vn 0.3211 -0.0107 -0.9470
vn 0.8939 0.0338 -0.4469
vn 0.8777 0.0329 -0.4780
vn 0.9544 0.0516 -0.2939
vn 0.9530 0.0519 -0.2984
vn 0.9951 0.0543 0.0820
vn 0.9932 0.0537 0.1034
vn 0.9736 0.0231 0.2270
vn 0.9796 0.0224 0.1997
vn 0.1183 -0.9923 0.0360
vn 0.1222 -0.9919 0.0356
vn 0.2338 -0.9722 0.0099
vn 0.2323 -0.9726 0.0109
vn 0.3086 -0.9497 -0.0529
vn 0.3015 -0.9523 -0.0464
vn 0.1848 -0.3388 0.9225
vn 0.1700 -0.3345 0.9269
vn 0.7507 -0.4088 0.5190
vn 0.7694 -0.4054 0.4936
vn 0.9173 -0.3205 0.2364
vn 0.9202 -0.3151 0.2322
vn 0.9623 -0.2303 0.1445
vn 0.9628 -0.2292 0.1430
vn 0.9882 -0.1375 0.0681
vn 0.9880 -0.1386 0.0684
vn 0.9984 -0.0523 0.0193
vn 0.9985 -0.0512 0.0185
vn 0.9994 -0.0003 -0.0352
vn 0.9993 0.0005 -0.0373
vn 0.9919 0.0122 -0.1262
vn 0.9916 0.0124 -0.1289
vn 0.0051 -0.9950 -0.0999
vn 0.0191 -0.9987 -0.0475
vn 0.0212 -0.9983 0.0536
vn 0.0197 -0.9995 -0.0234
vn 0.0210 -0.9955 -0.0924
vn -0.0025 -0.9950 -0.0996
vn -0.2568 -0.9546 -0.1508
vn -0.0073 -0.9900 0.1407
vn -0.0000 -0.9943 0.1068
vn -0.0000 -0.9907 0.1361
vn 0.0073 -0.9900 0.1407
vn 0.3202 -0.9131 0.2524
vn 0.3513 -0.8991 0.2614
vn 0.8138 -0.4292 0.3918
vn 0.8234 -0.4080 0.3943
vn 0.9161 -0.0487 0.3979
vn 0.9236 -0.0759 0.3758
vn 0.9315 -0.0577 0.3593
vn 0.9228 -0.1337 0.3613
vn 0.9317 -0.1181 0.3436
vn 0.9131 -0.1613 0.3745
vn 0.8123 0.1091 0.5730
vn 0.8116 0.1105 0.5737
vn 0.3317 0.6178 0.7130
vn 0.2973 0.6385 0.7099
vn -0.0000 0.7809 0.6247
vn -0.0021 0.7779 0.6284
vn -0.0000 0.8013 0.5983
vn 0.0021 0.7779 0.6284
vn -0.3317 0.6178 0.7130
vn -0.2973 0.6385 0.7099
vn -0.8123 0.1091 0.5730
vn -0.8116 0.1105 0.5737
vn -0.9131 -0.1614 0.3745
vn -0.9228 -0.1337 0.3613
vn -0.9317 -0.1181 0.3436
vn -0.9314 -0.0578 0.3593
vn -0.9236 -0.0759 0.3758
vn -0.9161 -0.0486 0.3979
vn -0.8234 -0.4081 0.3943
vn -0.8139 -0.4292 0.3917
vn -0.3202 -0.9131 0.2524
vn -0.3513 -0.8991 0.2614
vn 0.1784 -0.9796 0.0931
vn 0.1775 -0.9797 0.0931
vn 0.1784 -0.9795 0.0931
vn 0.1772 -0.9798 0.0931
vn -0.0381 -0.2778 0.9599
vn -0.0000 -0.2895 0.9572
vn -0.0000 -0.2644 0.9644
vn -0.0394 -0.2750 0.9606
vn -0.0562 -0.2468 0.9674
vn -0.0498 -0.2518 0.9665
vn -0.0000 -0.3265 0.9452
vn 0.0498 -0.2518 0.9665
vn 0.0562 -0.2468 0.9674
vn 0.0399 -0.2755 0.9605
vn 0.0381 -0.2778 0.9599
vn 0.0397 -0.2839 0.9580
vn 0.0237 -0.2672 0.9633
vn -0.0000 -0.2298 0.9732
vn -0.0237 -0.2672 0.9633
vn -0.0397 -0.2839 0.9580
vn -0.0166 -0.9084 0.4177
vn -0.0000 -0.9076 0.4197
vn -0.0000 -0.8962 0.4436
vn 0.0165 -0.9084 0.4177
vn 0.3515 -0.8849 0.3056
vn 0.3834 -0.8759 0.2929
vn 0.8671 -0.4953 -0.0523
vn 0.8684 -0.4929 -0.0542
vn 0.9509 -0.2137 -0.2240
vn 0.9523 -0.2137 -0.2177
vn 0.9543 -0.2134 -0.2090
vn 0.9444 -0.2593 -0.2019
vn 0.9522 -0.2463 -0.1805
vn 0.9373 -0.2934 -0.1882
vn 0.8496 -0.0902 -0.5197
vn 0.8582 -0.1034 -0.5028
vn 0.3803 0.2845 -0.8800
vn 0.3452 0.3012 -0.8889
vn -0.0000 0.4168 -0.9090
vn 0.0453 0.4159 -0.9083
vn -0.0000 0.4152 -0.9097
vn -0.0453 0.4159 -0.9083
vn -0.3803 0.2845 -0.8800
vn -0.3452 0.3012 -0.8889
vn -0.8496 -0.0902 -0.5197
vn -0.8582 -0.1034 -0.5028
vn -0.9373 -0.2933 -0.1882
vn -0.9444 -0.2593 -0.2020
vn -0.9523 -0.2463 -0.1805
vn -0.9544 -0.2130 -0.2091
vn -0.9523 -0.2137 -0.2177
vn -0.9509 -0.2137 -0.2240
vn -0.8684 -0.4929 -0.0542
vn -0.8671 -0.4953 -0.0523
vn -0.3515 -0.8849 0.3056
vn -0.3834 -0.8759 0.2928
vn -0.0381 -0.7522 -0.6578
vn -0.0000 -0.7606 -0.6492
vn -0.0394 -0.7503 -0.6599
vn -0.0562 -0.7302 -0.6809
vn -0.0498 -0.7339 -0.6774
vn -0.0000 -0.7853 -0.6191
vn 0.0498 -0.7339 -0.6774
vn 0.0562 -0.7302 -0.6809
vn 0.0395 -0.7503 -0.6599
vn 0.0381 -0.7522 -0.6578
vn -0.0000 -0.7430 -0.6693
vn 0.0397 -0.7563 -0.6530
vn 0.0237 -0.7452 -0.6664
vn -0.0000 -0.7190 -0.6950
vn -0.0237 -0.7452 -0.6664
vn -0.0397 -0.7563 -0.6530
vn -0.3659 0.1418 0.9198
vn -0.3684 0.1419 0.9188
vn -0.3680 0.1417 0.9190
vn -0.3657 0.1419 0.9199
vn -0.3644 0.1428 0.9202
vn -0.3643 0.1427 0.9203
vn -0.3625 0.1424 0.9210
vn -0.3679 0.8854 -0.2840
vn -0.5283 0.7821 -0.3305
vn -0.5282 0.7822 -0.3304
vn -0.3669 0.8861 -0.2833
vn 0.1771 0.9805 -0.0856
vn 0.1777 0.9804 -0.0854
vn 0.7723 0.6007 0.2069
vn 0.7722 0.6007 0.2069
vn 0.9164 -0.1297 0.3786
vn 0.9164 -0.1298 0.3786
vn 0.6598 -0.6586 0.3618
vn 0.6594 -0.6588 0.3621
vn 0.5169 -0.7910 0.3272
vn 0.5165 -0.7913 0.3274
vn -0.7718 -0.6009 -0.2079
vn -0.7716 -0.6013 -0.2076
vn -0.7719 -0.6008 -0.2079
vn -0.1080 -0.0374 -0.9934
vn -0.2110 -0.0318 -0.9770
vn -0.0012 -0.0376 -0.9993
vn -0.1035 -0.0149 -0.9945
vn -0.0021 -0.0153 -0.9999
vn -0.1047 0.0100 -0.9945
vn -0.0020 0.0065 -1.0000
vn 0.1047 0.0059 -0.9945
vn 0.1027 -0.0150 -0.9946
vn 0.1077 -0.0356 -0.9935
vn -0.2101 -0.0189 -0.9775
vn -0.2112 -0.0053 -0.9774
vn -0.4120 0.1593 -0.8971
vn -0.6297 0.2936 -0.7192
vn -0.4502 0.3513 -0.8209
vn -0.6560 0.4524 -0.6041
vn -0.4610 0.8065 -0.3703
vn -0.4679 0.7060 -0.5317
vn -0.6681 0.5801 -0.4660
vn -0.4672 0.5520 -0.6907
vn -0.3702 0.0255 -0.9286
vn -0.5993 0.1402 -0.7882
vn -0.7890 0.2074 -0.5784
vn -0.8130 0.3254 -0.4828
vn -0.8259 0.4224 -0.3735
vn -0.6681 0.6700 -0.3238
vn -0.4555 0.8637 -0.2155
vn -0.9012 0.2169 -0.3751
vn -0.3947 0.6609 0.6383
vn -0.4145 0.7390 0.5311
vn -0.4326 0.7966 0.4221
vn -0.4364 0.8455 0.3075
vn -0.4376 0.8790 0.1892
vn -0.4408 0.8955 0.0622
vn -0.4476 0.8912 -0.0736
vn -0.6649 0.7233 -0.1864
vn -0.8367 0.4842 -0.2558
vn -0.9146 0.2848 -0.2869
vn -0.9259 0.3268 -0.1898
vn -0.9430 0.2273 -0.2430
vn -0.8384 0.5278 -0.1359
vn -0.6606 0.7487 -0.0549
vn -0.6588 0.7481 0.0791
vn -0.6559 0.7261 0.2064
vn -0.6503 0.6895 0.3189
vn -0.6329 0.6476 0.4243
vn -0.6042 0.6028 0.5212
vn -0.5625 0.5562 0.6117
vn -0.8386 0.5444 -0.0186
vn -0.8350 0.5405 0.1030
vn -0.8216 0.5251 0.2220
vn -0.8053 0.4962 0.3243
vn -0.7798 0.4612 0.4233
vn -0.7435 0.4278 0.5139
vn -0.6893 0.4012 0.6033
vn -0.5078 0.4872 0.7105
vn -0.6105 0.3740 0.6982
vn -0.4959 0.3807 0.7805
vn -0.3744 0.5532 0.7442
vn -0.3785 0.4253 0.8221
vn -0.4094 0.3239 0.8529
vn -0.5352 0.2937 0.7920
vn -0.6495 0.2778 0.7078
vn -0.7399 0.2836 0.6100
vn -0.8003 0.2974 0.5207
vn -0.8428 0.3193 0.4332
vn -0.8721 0.3559 0.3357
vn -0.8994 0.3723 0.2292
vn -0.8131 0.2438 0.5286
vn -0.7556 0.2267 0.6146
vn -0.6732 0.2247 0.7045
vn -0.5667 0.2446 0.7868
vn -0.4401 0.2746 0.8549
vn -0.7565 0.2266 0.6135
vn -0.6851 0.2248 0.6929
vn -0.5891 0.2343 0.7733
vn -0.4641 0.2525 0.8490
vn -0.4756 0.2409 0.8460
vn -0.6023 0.2397 0.7614
vn -0.6874 0.2391 0.6859
vn -0.7569 0.2364 0.6093
vn -0.8150 0.2371 0.5287
vn -0.8627 0.2292 0.4509
vn -0.8502 0.2672 0.4537
vn -0.9026 0.2381 0.3586
vn -0.9161 0.1817 0.3573
vn -0.9635 0.1607 0.2143
vn -0.8838 0.1957 0.4250
vn -0.8588 0.2197 0.4627
vn -0.8188 0.2328 0.5247
vn -0.9537 0.2607 -0.1497
vn -0.9639 0.1714 -0.2039
vn -0.9755 0.1914 -0.1086
vn -0.9792 0.1107 -0.1703
vn -0.9887 0.1264 -0.0801
vn -0.9795 0.1998 -0.0271
vn -0.9903 0.1384 -0.0080
vn -0.9885 0.1418 0.0516
vn -0.9780 0.2039 0.0435
vn -0.9822 0.1450 0.1193
vn -0.9693 0.2175 0.1145
vn -0.9454 0.2409 0.2197
vn -0.8850 0.2987 0.3572
vn -0.9202 0.3735 0.1174
vn -0.9299 0.3675 0.0154
vn -0.9319 0.3528 -0.0845
vn -0.9606 0.2728 -0.0536
vn -0.9586 0.2834 0.0294
vn -0.9469 0.3004 0.1149
vn -0.9220 0.3129 0.2281
vn -0.7389 0.0297 -0.6732
vn -0.8534 0.0165 -0.5211
vn -0.8669 0.0554 -0.4954
vn -0.7184 0.0207 -0.6954
vn -0.8472 0.0319 -0.5303
vn -0.5325 0.0014 -0.8464
vn -0.3378 -0.0209 -0.9410
vn -0.5083 -0.0006 -0.8612
vn -0.3499 -0.0186 -0.9366
vn -0.5608 0.0339 -0.8273
vn -0.7658 0.0989 -0.6354
vn -0.8851 0.1267 -0.4478
vn -0.9190 0.0830 -0.3854
vn -0.9095 0.0245 -0.4149
vn -0.9025 0.0064 -0.4307
vn -0.8999 0.0317 -0.4349
vn -0.9314 0.1652 -0.3244
vn -0.9503 0.1235 -0.2859
vn -0.9328 0.0657 -0.3544
vn -0.9163 0.0253 -0.3997
vn -0.9070 0.0215 -0.4205
vn -0.9036 0.0386 -0.4267
vn -0.9004 0.0527 -0.4319
vn -0.8518 0.0390 -0.5224
vn -0.7110 0.0188 -0.7030
vn -0.9637 0.0888 -0.2518
vn -0.9376 0.0585 -0.3427
vn -0.9130 0.0352 -0.4064
vn -0.9005 0.0353 -0.4333
vn -0.9005 0.0468 -0.4323
vn -0.9047 0.0578 -0.4222
vn -0.9013 0.0493 -0.4303
vn -0.8531 0.0215 -0.5212
vn -0.7753 -0.0039 -0.6315
vn -0.6374 -0.0062 -0.7705
vn -0.5007 -0.0087 -0.8656
vn -0.3370 -0.0261 -0.9411
vn 0.6199 -0.4177 0.6642
vn 0.4113 -0.7678 0.4913
vn 0.4113 -0.7677 0.4913
vn 0.6150 -0.4306 0.6606
vn 0.6791 0.3638 0.6375
vn 0.6785 0.3665 0.6366
vn 0.3896 0.8721 0.2961
vn 0.3903 0.8712 0.2976
vn 0.2711 0.9464 0.1758
vn 0.2711 0.9463 0.1759
vn 0.0763 0.9970 -0.0114
vn 0.0804 0.9967 -0.0075
vn 0.1251 0.9911 0.0448
vn 0.1270 0.9908 0.0467
vn 0.6516 0.5018 0.5690
vn 0.6574 0.4874 0.5747
vn 0.4929 0.7469 0.4464
vn 0.5087 0.7274 0.4606
vn -0.0218 0.9997 -0.0145
vn -0.0219 0.9997 -0.0145
vn 0.1436 0.0242 0.9893
vn 0.3340 0.0098 0.9425
vn 0.1437 0.0242 0.9893
vn -0.4395 0.0602 0.8962
vn -0.4393 0.0602 0.8963
vn -0.9457 0.0743 0.3165
vn -0.9456 0.0744 0.3168
vn -0.8957 0.0451 -0.4425
vn -0.8960 0.0452 -0.4417
vn -0.4987 0.0039 -0.8668
vn -0.4988 0.0039 -0.8667
vn -0.3206 -0.0108 -0.9471
vn 0.0684 0.9970 -0.0355
vn 0.0700 0.9970 -0.0345
vn 0.0703 0.9969 -0.0346
vn 0.0703 0.9969 -0.0343
vn 0.0700 0.9969 -0.0345
vn 0.0701 0.9969 -0.0350
vn 0.0700 0.9969 -0.0351
vn 0.1826 -0.9781 -0.0997
vn 0.1826 -0.9781 -0.0998
vn 0.7580 -0.0514 0.6502
vn 0.7581 -0.0514 0.6501
vn 0.7580 -0.0514 0.6503
vn -0.0944 0.9955 -0.0091
vn -0.0941 0.9955 -0.0096
vn -0.0944 0.9955 -0.0092
vn -0.0945 0.9955 -0.0088
vn -0.7424 -0.1168 -0.6597
vn -0.7425 -0.1167 -0.6596
vn -0.6760 0.0364 0.7360
vn 0.6032 -0.0180 -0.7974
vn -0.4329 -0.8335 -0.3433
vn -0.4356 -0.8353 -0.3355
vn -0.4355 -0.8357 -0.3347
vn -0.4329 -0.8334 -0.3436
vn -0.4301 -0.8316 -0.3513
vn -0.4301 -0.8315 -0.3516
vn -0.4561 0.7909 0.4080
vn -0.4609 0.7829 0.4179
vn -0.2820 0.9540 0.1016
vn -0.2755 0.9569 0.0914
vn -0.1001 0.9875 -0.1215
vn -0.1029 0.9875 -0.1193
vn -0.0218 0.9701 -0.2418
vn -0.0218 0.9700 -0.2421
vn 0.0472 0.9258 -0.3751
vn 0.0262 0.9355 -0.3523
vn 0.1200 -0.9901 0.0734
vn 0.1954 -0.9798 0.0415
vn 0.1939 -0.9802 0.0409
vn 0.1286 -0.9894 0.0676
vn -0.0213 -0.9853 0.1692
vn 0.0002 -0.9880 0.1547
vn -0.1573 -0.9517 0.2638
vn -0.1557 -0.9522 0.2627
vn -0.2816 -0.8338 0.4748
vn -0.2812 -0.8346 0.4737
vn -0.4206 -0.4619 0.7809
vn -0.4204 -0.4628 0.7805
vn -0.4870 0.0161 0.8733
vn -0.4880 0.0456 0.8717
vn -0.5014 0.3369 0.7969
vn -0.5045 0.3591 0.7852
vn -0.5230 0.5645 0.6386
vn -0.5225 0.5523 0.6496
vn 0.0007 -0.9877 0.1563
vn 0.1573 -0.9500 0.2698
vn 0.1573 -0.9500 0.2699
vn 0.0212 -0.9851 0.1705
vn -0.1200 -0.9901 0.0731
vn -0.1287 -0.9894 0.0673
vn -0.1954 -0.9798 0.0415
vn -0.1939 -0.9802 0.0409
vn -0.1651 -0.9826 0.0856
vn -0.1720 -0.9818 0.0801
vn -0.1016 -0.9885 0.1116
vn -0.1035 -0.9883 0.1122
vn -0.0000 -0.9944 0.1060
vn 0.1016 -0.9886 0.1116
vn 0.1036 -0.9883 0.1121
vn 0.1720 -0.9818 0.0801
vn 0.1651 -0.9826 0.0856
vn 0.1003 0.9875 -0.1215
vn 0.0218 0.9701 -0.2418
vn 0.0218 0.9700 -0.2421
vn 0.1028 0.9875 -0.1193
vn 0.2757 0.9568 0.0925
vn 0.2824 0.9537 0.1033
vn 0.4563 0.7879 0.4134
vn 0.4620 0.7782 0.4253
vn 0.5210 0.5527 0.6504
vn 0.5204 0.5427 0.6592
vn 0.4974 0.3490 0.7942
vn 0.4935 0.3260 0.8064
vn 0.4777 0.0458 0.8773
vn 0.4767 0.0187 0.8789
vn 0.4139 -0.4559 0.7879
vn 0.4156 -0.4489 0.7911
vn 0.2818 -0.8265 0.4873
vn 0.2803 -0.8296 0.4829
vn 0.1122 0.9134 -0.3912
vn 0.1158 0.9143 -0.3882
vn 0.1047 0.9247 -0.3659
vn 0.1073 0.9245 -0.3658
vn 0.0432 0.9133 -0.4050
vn 0.0439 0.9137 -0.4039
vn -0.0000 0.8977 -0.4407
vn -0.0432 0.9133 -0.4050
vn -0.0440 0.9137 -0.4039
vn -0.1048 0.9247 -0.3659
vn -0.1073 0.9245 -0.3658
vn -0.1158 0.9143 -0.3882
vn -0.1122 0.9134 -0.3912
vn -0.0262 0.9355 -0.3523
vn -0.0472 0.9258 -0.3751
vn 0.3590 -0.1480 -0.9215
vn 0.3576 -0.1475 -0.9221
vn 0.3576 -0.1474 -0.9221
vn 0.3574 -0.1473 -0.9223
vn 0.3577 -0.1473 -0.9221
vn 0.3575 -0.1474 -0.9222
vn 0.2380 -0.9398 0.2453
vn 0.1105 -0.9635 0.2438
vn 0.0961 -0.9650 0.2440
vn 0.2490 -0.9368 0.2456
vn 0.4041 -0.8806 0.2473
vn 0.4145 -0.8758 0.2472
vn 0.6015 -0.7554 0.2599
vn 0.5993 -0.7573 0.2596
vn 0.7783 -0.5837 0.2312
vn 0.8162 -0.5381 0.2106
vn 0.8973 -0.4073 0.1703
vn 0.9048 -0.3893 0.1726
vn 0.9077 -0.3547 0.2241
vn 0.9012 -0.3523 0.2525
vn 0.7658 -0.3978 0.5052
vn 0.7238 -0.4077 0.5567
vn 0.4003 -0.4235 0.8127
vn 0.4068 -0.4240 0.8092
vn 0.2783 -0.4107 0.8683
vn -0.8992 -0.2858 0.3312
vn -0.9328 -0.1905 0.3060
vn -0.8912 -0.3050 0.3359
vn -0.8188 -0.4544 0.3509
vn -0.8139 -0.4640 0.3497
vn -0.7404 -0.5907 0.3206
vn -0.7373 -0.5954 0.3191
vn -0.6094 -0.7400 0.2847
vn -0.5936 -0.7536 0.2823
vn -0.4300 -0.8618 0.2690
vn -0.4238 -0.8649 0.2690
vn -0.2882 -0.9205 0.2639
vn -0.2768 -0.9243 0.2629
vn -0.1703 -0.9526 0.2520
vn -0.1590 -0.9549 0.2506
vn -0.0391 -0.9688 0.2449
vn -0.0374 -0.9688 0.2449
vn -0.9758 -0.0809 0.2030
vn -0.9655 -0.1051 0.2384
vn -0.9774 -0.0767 0.1968
vn -0.9900 -0.0524 0.1313
vn -0.9902 -0.0524 0.1292
vn -0.9049 -0.4113 0.1091
vn -0.8766 -0.4686 0.1094
vn -0.6134 -0.7835 0.0994
vn -0.6027 -0.7918 0.0986
vn -0.8324 -0.5466 0.0915
vn -0.8598 -0.5027 0.0900
vn -0.9468 0.3194 0.0389
vn -0.9505 0.3081 0.0398
vn -0.3737 0.9266 -0.0420
vn -0.3437 0.9380 -0.0450
vn 0.0646 0.9948 -0.0792
vn -0.3436 0.9380 -0.0451
vn 0.0645 0.9948 -0.0792
vn -0.0649 -0.9974 0.0325
vn -0.0641 -0.9974 0.0323
vn -0.0658 -0.9973 0.0313
vn -0.0639 -0.9974 0.0325
vn -0.0647 -0.9974 0.0327
vn -0.0648 -0.9973 0.0332
vn -0.0647 -0.9973 0.0333
vn -0.4080 0.1056 -0.9069
vn -0.4118 0.1207 -0.9032
vn -0.5742 0.3017 -0.7611
vn -0.5774 0.3038 -0.7578
vn -0.8274 0.3767 -0.4166
vn -0.8535 0.3730 -0.3639
vn -0.9543 0.2819 0.0991
vn -0.9502 0.2573 0.1760
vn -0.8995 0.1726 0.4014
vn -0.9543 0.2818 0.0992
vn -0.8995 0.1727 0.4013
vn 0.6779 0.2682 -0.6845
vn 0.7140 0.3121 -0.6267
vn 0.5870 0.1382 -0.7977
vn 0.5679 0.0999 -0.8170
vn 0.4946 -0.0327 -0.8685
vn 0.4884 -0.0431 -0.8716
vn 0.3422 -0.1542 -0.9269
vn 0.3345 -0.1571 -0.9292
vn 0.1524 -0.1941 -0.9691
vn 0.1480 -0.1940 -0.9698
vn -0.0318 -0.1939 -0.9805
vn -0.0406 -0.1940 -0.9802
vn -0.2687 -0.1608 -0.9497
vn -0.2682 -0.1605 -0.9499
vn -0.3858 -0.0583 -0.9207
vn -0.3856 -0.0558 -0.9210
vn 0.9889 -0.1412 -0.0470
vn 0.9900 -0.1325 -0.0484
vn 0.9889 -0.1413 -0.0470
vn 0.9900 -0.1327 -0.0484
vn 0.9923 -0.1127 -0.0522
vn 0.9922 -0.1128 -0.0521
vn 0.9911 -0.1228 -0.0522
vn 0.9910 -0.1229 -0.0522
vn 0.6921 0.5318 -0.4880
vn 0.4824 0.3820 -0.7883
vn 0.4663 0.3696 -0.8037
vn 0.7163 0.5235 -0.4614
vn 0.7362 0.5148 -0.4394
vn 0.9036 0.4273 -0.0306
vn 0.9073 0.4205 -0.0086
vn 0.8162 0.1186 0.5655
vn 0.7948 0.0830 0.6011
vn 0.6668 -0.0617 0.7427
vn 0.6729 -0.0700 0.7364
vn 0.6766 -0.0692 0.7331
vn 0.6006 -0.2829 0.7478
vn 0.6729 -0.1227 0.7295
vn 0.5452 -0.3887 0.7427
vn 0.1730 -0.8227 0.5414
vn 0.1748 -0.8213 0.5430
vn -0.1162 -0.9587 0.2596
vn -0.1417 -0.9622 0.2325
vn -0.1655 -0.9641 0.2074
vn -0.2600 -0.9532 -0.1545
vn -0.2588 -0.9545 -0.1484
vn -0.2757 -0.6247 -0.7306
vn -0.2636 -0.5829 -0.7686
vn -0.2031 -0.3475 -0.9154
vn -0.2008 -0.3306 -0.9222
vn -0.2009 -0.3305 -0.9222
vn -0.0044 -0.0919 -0.9958
vn -0.1492 -0.2438 -0.9583
vn 0.0635 0.0111 -0.9979
vn 0.0240 -0.9830 0.1818
vn 0.0337 -0.9826 0.1826
vn 0.0364 -0.9825 0.1828
vn 0.0226 -0.9832 0.1811
vn 0.0068 -0.9860 0.1666
vn 0.0069 -0.9860 0.1669
vn -0.0000 -0.9880 0.1542
vn -0.0070 -0.9859 0.1670
vn -0.0068 -0.9860 0.1666
vn -0.0240 -0.9830 0.1818
vn -0.0227 -0.9832 0.1810
vn -0.0337 -0.9826 0.1826
vn -0.0364 -0.9825 0.1827
vn -0.0319 -0.9822 0.1849
vn -0.0243 -0.9808 0.1937
vn -0.0182 -0.9807 0.1948
vn -0.0185 -0.9818 0.1890
vn -0.0210 -0.9809 0.1932
vn -0.0022 -0.9871 0.1600
vn 0.0033 -0.9886 0.1503
vn 0.0510 -0.9985 -0.0219
vn 0.0643 -0.9949 -0.0775
vn 0.1214 -0.9379 -0.3251
vn 0.1211 -0.9381 -0.3244
vn 0.0999 -0.9320 -0.3483
vn 0.0988 -0.9329 -0.3464
vn 0.0221 -0.9944 -0.1031
vn 0.0191 -0.9960 -0.0873
vn -0.0081 -0.9928 0.1193
vn -0.0076 -0.9925 0.1216
vn 0.0119 -0.9859 0.1671
vn 0.0123 -0.9859 0.1670
vn 0.0292 -0.9821 0.1861
vn 0.0295 -0.9820 0.1863
vn 0.0146 -0.9650 0.2619
vn 0.0141 -0.9645 0.2637
vn -0.0026 -0.8782 0.4782
vn -0.0024 -0.8718 0.4898
vn 0.0287 -0.6897 0.7235
vn 0.0329 -0.6761 0.7361
vn 0.0844 -0.5007 0.8615
vn 0.0889 -0.4874 0.8687
vn 0.1286 -0.3710 0.9197
vn 0.1294 -0.3679 0.9208
vn 0.1713 -0.3579 0.9179
vn 0.1715 -0.3583 0.9177
vn 0.2092 -0.5189 0.8288
vn 0.2091 -0.5170 0.8300
vn 0.2060 -0.7619 0.6140
vn 0.2061 -0.7618 0.6141
vn 0.1426 -0.9305 0.3375
vn 0.1402 -0.9337 0.3296
vn 0.0451 -0.9904 0.1307
vn 0.0386 -0.9918 0.1216
vn -0.0242 -0.9987 0.0444
vn -0.0273 -0.9988 0.0419
vn -0.0453 -0.9986 0.0268
vn -0.0456 -0.9986 0.0262
vn -0.0340 -0.9986 0.0410
vn -0.0349 -0.9986 0.0398
vn -0.0302 -0.9979 0.0579
vn -0.0303 -0.9979 0.0579
vn -0.0278 -0.9977 0.0615
vn -0.0258 -0.9977 0.0620
vn -0.0068 -0.9973 0.0734
vn -0.0049 -0.9971 0.0763
vn -0.0000 -0.9965 0.0842
vn -0.0000 -0.9964 0.0844
vn 0.0068 -0.9973 0.0734
vn 0.0049 -0.9971 0.0763
vn 0.0258 -0.9977 0.0620
vn 0.0279 -0.9977 0.0614
vn 0.0303 -0.9979 0.0579
vn 0.0302 -0.9979 0.0578
vn 0.0349 -0.9986 0.0398
vn 0.0340 -0.9986 0.0409
vn 0.0456 -0.9986 0.0262
vn 0.0448 -0.9986 0.0272
vn 0.0274 -0.9987 0.0421
vn 0.0242 -0.9987 0.0444
vn -0.0384 -0.9918 0.1219
vn -0.0451 -0.9904 0.1305
vn -0.1402 -0.9337 0.3296
vn -0.1426 -0.9305 0.3375
vn -0.2061 -0.7618 0.6141
vn -0.2060 -0.7619 0.6140
vn -0.2091 -0.5170 0.8301
vn -0.2092 -0.5189 0.8288
vn -0.1716 -0.3583 0.9177
vn -0.1713 -0.3579 0.9179
vn -0.1296 -0.3680 0.9208
vn -0.1286 -0.3710 0.9197
vn -0.0888 -0.4874 0.8687
vn -0.0843 -0.5005 0.8616
vn -0.0328 -0.6760 0.7362
vn -0.0288 -0.6898 0.7235
vn 0.0024 -0.8718 0.4899
vn 0.0026 -0.8782 0.4782
vn -0.0141 -0.9645 0.2637
vn -0.0146 -0.9650 0.2619
vn -0.0295 -0.9821 0.1863
vn -0.0291 -0.9821 0.1863
vn -0.0123 -0.9859 0.1670
vn -0.0116 -0.9858 0.1673
vn 0.0077 -0.9926 0.1216
vn 0.0081 -0.9928 0.1193
vn -0.0194 -0.9959 -0.0879
vn -0.0226 -0.9944 -0.1030
vn -0.1001 -0.9322 -0.3479
vn -0.1005 -0.9319 -0.3486
vn -0.1230 -0.9377 -0.3248
vn -0.1230 -0.9369 -0.3271
vn -0.0650 -0.9949 -0.0772
vn -0.0524 -0.9984 -0.0232
vn -0.0033 -0.9886 0.1503
vn 0.0022 -0.9871 0.1600
vn 0.0184 -0.9818 0.1888
vn 0.0210 -0.9810 0.1930
vn 0.0242 -0.9808 0.1934
vn 0.0182 -0.9807 0.1946
vn 0.0319 -0.9823 0.1847
vn 0.0641 -0.0689 -0.9956
vn -0.1090 0.1492 0.9828
vn -0.1090 0.1493 0.9828
vn 0.0551 -0.0530 -0.9971
vn 0.0903 -0.0981 -0.9911
vn 0.1040 -0.1124 -0.9882
vn 0.1509 -0.1514 -0.9769
vn 0.2040 -0.1214 -0.9714
vn 0.3074 -0.0836 -0.9479
vn 0.4869 -0.0448 -0.8723
vn 0.5220 -0.0734 -0.8498
vn 0.5042 -0.0513 -0.8620
vn 0.4784 -0.0200 -0.8779
vn 0.4868 -0.0447 -0.8723
vn -0.0857 0.9494 0.3023
vn -0.1110 0.8949 -0.4323
vn -0.0844 0.9669 0.2409
vn -0.1164 0.8674 -0.4838
vn -0.1112 0.3394 -0.9341
vn -0.1073 0.3013 -0.9475
vn -0.0603 -0.0420 -0.9973
vn -0.0561 -0.0678 -0.9961
vn -0.0485 -0.0940 -0.9944
vn -0.0396 -0.1428 -0.9890
vn -0.0449 -0.1161 -0.9922
vn -0.0321 -0.1613 -0.9864
vn 0.0227 -0.4548 -0.8903
vn 0.0436 -0.5520 -0.8327
vn 0.1036 -0.7999 -0.5911
vn 0.1081 -0.8144 -0.5702
vn 0.1120 -0.8272 -0.5506
vn 0.0982 -0.7635 -0.6383
vn 0.1021 -0.7802 -0.6171
vn 0.1002 -0.7647 -0.6366
vn 0.1044 -0.7812 -0.6155
vn 0.1380 -0.9014 -0.4105
vn 0.1397 -0.9066 -0.3982
vn 0.1695 -0.9794 -0.1099
vn 0.1698 -0.9799 -0.1047
vn 0.1858 -0.9425 0.2777
vn 0.1858 -0.9371 0.2956
vn 0.1776 -0.8004 0.5725
vn 0.1788 -0.8115 0.5564
vn 0.1858 -0.9425 0.2778
vn 0.1569 -0.6206 0.7683
vn 0.1602 -0.6450 0.7472
vn 0.1552 -0.6191 0.7698
vn 0.1577 -0.6426 0.7498
vn 0.1625 -0.7006 0.6948
vn 0.1596 -0.6834 0.7123
vn 0.1136 -0.3738 0.9205
vn 0.1566 -0.6653 0.7300
vn 0.0962 -0.2660 0.9591
vn 0.0390 0.0597 0.9975
vn 0.0466 0.0400 0.9981
vn 0.0339 0.0865 0.9957
vn 0.0299 0.1098 0.9935
vn 0.0221 0.1372 0.9903
vn 0.0180 0.1631 0.9865
vn -0.0354 0.4871 0.8726
vn -0.0416 0.5290 0.8476
vn 0.0104 0.0813 0.9966
vn 0.0393 0.0669 0.9970
vn 0.0394 0.0667 0.9970
vn -0.0042 0.0885 0.9961
vn -0.0165 0.0900 0.9958
vn -0.0113 0.0817 0.9966
vn -0.0223 0.1138 0.9933
vn -0.0385 0.1260 0.9913
vn -0.0078 0.1582 0.9874
vn 0.0036 0.1591 0.9873
vn 0.0002 0.1595 0.9872
vn -0.1117 0.1323 0.9849
vn -0.0191 0.1534 0.9880
vn 0.9790 -0.2005 -0.0372
vn 0.9567 -0.2898 -0.0279
vn 0.9567 -0.2899 -0.0278
vn 0.9788 -0.2014 -0.0371
vn 0.9943 -0.0954 -0.0470
vn 0.9943 -0.0961 -0.0469
vn 0.9979 0.0304 -0.0574
vn 0.9979 0.0300 -0.0573
vn 0.9898 0.1276 -0.0640
vn 0.9697 0.2338 -0.0711
vn 0.9169 0.3903 -0.0831
vn 0.9169 0.3903 -0.0832
vn 0.8268 0.5544 -0.0953
vn 0.8267 0.5544 -0.0953
vn -0.4877 0.0577 0.8711
vn -0.3215 0.1719 0.9312
vn -0.3353 0.1669 0.9272
vn -0.4959 0.0443 0.8673
vn -0.5728 -0.0891 0.8149
vn -0.5928 -0.1267 0.7953
vn -0.6845 -0.2607 0.6808
vn -0.7161 -0.3014 0.6296
vn -0.7936 -0.3947 0.4630
vn -0.8060 -0.4069 0.4298
vn -0.8567 -0.4118 0.3108
vn -0.8640 -0.4047 0.2995
vn -0.9251 -0.3134 0.2146
vn -0.9282 -0.3070 0.2100
vn -0.9775 -0.1738 0.1195
vn -0.9785 -0.1697 0.1168
vn -0.9969 -0.0760 0.0224
vn -0.9973 -0.0721 0.0158
vn -0.9903 -0.0333 -0.1350
vn -0.9889 -0.0324 -0.1453
vn 0.9539 -0.2627 -0.1451
vn 0.9155 -0.1833 -0.3582
vn 0.9539 -0.2627 -0.1450
vn 0.9155 -0.1833 -0.3581
vn 0.9547 -0.2936 -0.0475
vn 0.8527 -0.3710 0.3679
vn 0.8297 -0.3736 0.4148
vn 0.6074 -0.3059 0.7331
vn 0.5980 -0.2997 0.7434
vn 0.4319 -0.0938 0.8970
vn 0.4386 -0.1144 0.8914
vn 0.3952 0.0796 0.9152
vn 0.3951 0.0793 0.9152
vn 0.2723 0.1802 0.9452
vn 0.2718 0.1802 0.9453
vn 0.0309 0.2122 0.9767
vn 0.0257 0.2123 0.9769
vn -0.1448 0.2115 0.9666
vn -0.1512 0.2115 0.9656
vt 0.542378 0.777791
vt 0.540909 0.784909
vt 0.542378 0.784909
vt 0.540909 0.777791
vt 0.527468 0.795268
vt 0.532689 0.790994
vt 0.527468 0.789645
vt 0.532689 0.796553
vt 0.527468 0.803983
vt 0.532689 0.804331
vt 0.527468 0.811019
vt 0.532689 0.811296
vt 0.527468 0.818097
vt 0.532689 0.818601
vt 0.527468 0.827864
vt 0.532689 0.828242
vt 0.527468 0.832988
vt 0.532689 0.833184
vt 0.527468 0.835802
vt 0.532689 0.836187
vt 0.533756 0.805306
vt 0.533061 0.810101
vt 0.533756 0.810101
vt 0.533061 0.805306
vt 0.533756 0.800016
vt 0.533061 0.800016
vt 0.533756 0.796616
vt 0.533061 0.796616
vt 0.533061 0.793641
vt 0.533756 0.793641
vt 0.533061 0.787875
vt 0.533756 0.787875
vt 0.533061 0.779840
vt 0.533756 0.779840
vt 0.533061 0.772714
vt 0.533756 0.772714
vt 0.533756 0.765244
vt 0.533061 0.765244
vt 0.533061 0.755480
vt 0.533756 0.755480
vt 0.533756 0.750600
vt 0.533061 0.750600
vt 0.533756 0.835753
vt 0.533061 0.836762
vt 0.533756 0.836762
vt 0.533061 0.835753
vt 0.533061 0.834936
vt 0.533756 0.834936
vt 0.533061 0.833087
vt 0.533756 0.833087
vt 0.533061 0.830139
vt 0.533756 0.830139
vt 0.533061 0.824158
vt 0.533756 0.824158
vt 0.533061 0.818562
vt 0.533756 0.818562
vt 0.533756 0.814649
vt 0.533061 0.814649
vt 0.533061 0.812325
vt 0.533756 0.812325
vt 0.582389 0.762468
vt 0.583485 0.762200
vt 0.583894 0.761636
vt 0.581371 0.761849
vt 0.584099 0.760844
vt 0.583710 0.760107
vt 0.582813 0.759756
vt 0.580690 0.761106
vt 0.577007 0.759563
vt 0.577032 0.761058
vt 0.562506 0.761125
vt 0.562727 0.759500
vt 0.559489 0.759455
vt 0.558950 0.761051
vt 0.557556 0.759754
vt 0.557736 0.761994
vt 0.556037 0.760432
vt 0.556167 0.762281
vt 0.555560 0.761444
vt 0.540853 0.786586
vt 0.546078 0.785398
vt 0.540853 0.785398
vt 0.546078 0.786586
vt 0.546078 0.788163
vt 0.540853 0.788163
vt 0.546078 0.789743
vt 0.540853 0.789743
vt 0.546078 0.793526
vt 0.540853 0.793526
vt 0.546078 0.808628
vt 0.540853 0.808628
vt 0.546078 0.812487
vt 0.540853 0.812487
vt 0.546078 0.813559
vt 0.540853 0.813559
vt 0.546078 0.814638
vt 0.540853 0.814638
vt 0.546078 0.815776
vt 0.540853 0.815776
vt 0.546078 0.816511
vt 0.540853 0.816511
vt 0.540853 0.817362
vt 0.546078 0.817362
vt 0.540853 0.818256
vt 0.546078 0.818256
vt 0.527468 0.795116
vt 0.532689 0.795116
vt 0.532689 0.793395
vt 0.527468 0.793395
vt 0.532689 0.791298
vt 0.527468 0.791298
vt 0.532689 0.787944
vt 0.527468 0.787944
vt 0.532689 0.773184
vt 0.527468 0.773184
vt 0.532689 0.767240
vt 0.527468 0.767240
vt 0.532689 0.766210
vt 0.527468 0.766210
vt 0.594373 0.782675
vt 0.600082 0.782675
vt 0.600082 0.783762
vt 0.594373 0.783762
vt 0.600082 0.785925
vt 0.594373 0.785925
vt 0.594373 0.787862
vt 0.600082 0.787862
vt 0.566297 0.864202
vt 0.566976 0.864202
vt 0.566976 0.866352
vt 0.566297 0.866351
vt 0.566297 0.868539
vt 0.566976 0.868539
vt 0.566976 0.869770
vt 0.566297 0.869770
vt 0.623961 0.850169
vt 0.624610 0.850170
vt 0.624610 0.851387
vt 0.623961 0.851388
vt 0.624610 0.853647
vt 0.623961 0.853647
vt 0.623961 0.855628
vt 0.624610 0.855628
vt 0.540446 0.769125
vt 0.535223 0.770824
vt 0.540446 0.770296
vt 0.535223 0.769214
vt 0.535223 0.764450
vt 0.540446 0.764056
vt 0.535223 0.762241
vt 0.540446 0.762163
vt 0.535223 0.760799
vt 0.540446 0.760712
vt 0.535223 0.759271
vt 0.540446 0.759245
vt 0.535223 0.758006
vt 0.540446 0.758172
vt 0.535223 0.756649
vt 0.540446 0.757040
vt 0.558950 0.761051
vt 0.624662 0.779345
vt 0.624662 0.785052
vt 0.622230 0.785052
vt 0.622231 0.779345
vt 0.619697 0.785052
vt 0.619697 0.779345
vt 0.618197 0.785052
vt 0.618197 0.779345
vt 0.614321 0.869628
vt 0.613700 0.869076
vt 0.613699 0.869492
vt 0.611212 0.868854
vt 0.610348 0.868108
vt 0.610347 0.868809
vt 0.611213 0.868108
vt 0.612068 0.868921
vt 0.612068 0.868108
vt 0.612801 0.868108
vt 0.612800 0.868999
vt 0.613588 0.868108
vt 0.614319 0.868108
vt 0.616516 0.868108
vt 0.615786 0.869942
vt 0.617248 0.870089
vt 0.618768 0.870059
vt 0.619605 0.868108
vt 0.620436 0.869961
vt 0.621763 0.869702
vt 0.621763 0.868108
vt 0.622820 0.869389
vt 0.622953 0.868108
vt 0.605056 0.869076
vt 0.604436 0.869628
vt 0.605059 0.869492
vt 0.608410 0.868808
vt 0.608412 0.868108
vt 0.607548 0.868108
vt 0.607548 0.868854
vt 0.606689 0.868108
vt 0.606689 0.868921
vt 0.605959 0.868108
vt 0.605959 0.868998
vt 0.605170 0.868108
vt 0.604439 0.868108
vt 0.602242 0.868108
vt 0.602974 0.869943
vt 0.601511 0.870090
vt 0.599991 0.870061
vt 0.599156 0.868108
vt 0.598322 0.869964
vt 0.597003 0.868108
vt 0.596989 0.869707
vt 0.595916 0.869382
vt 0.595831 0.868108
vt 0.589412 0.869400
vt 0.589463 0.868108
vt 0.567410 0.791626
vt 0.574651 0.790783
vt 0.568270 0.790783
vt 0.575521 0.791574
vt 0.567266 0.793795
vt 0.575704 0.793712
vt 0.567312 0.796889
vt 0.575737 0.796787
vt 0.567502 0.799084
vt 0.575616 0.798971
vt 0.568058 0.799564
vt 0.575081 0.799461
vt 0.574467 0.799950
vt 0.568692 0.800041
vt 0.624507 0.863456
vt 0.624092 0.856249
vt 0.624092 0.863456
vt 0.624507 0.856249
vt 0.573875 0.850585
vt 0.580367 0.850028
vt 0.581084 0.850585
vt 0.574591 0.850037
vt 0.575026 0.849450
vt 0.579927 0.849437
vt 0.575714 0.848939
vt 0.579235 0.848924
vt 0.595157 0.788866
vt 0.594702 0.788420
vt 0.587497 0.788420
vt 0.587043 0.788867
vt 0.595282 0.790358
vt 0.586918 0.790359
vt 0.595345 0.791823
vt 0.586857 0.791828
vt 0.586864 0.793348
vt 0.595339 0.793345
vt 0.586901 0.795020
vt 0.595305 0.795015
vt 0.587048 0.796362
vt 0.595161 0.796360
vt 0.594349 0.797107
vt 0.587859 0.797107
vt 0.621912 0.840347
vt 0.624306 0.840347
vt 0.624656 0.841027
vt 0.621959 0.849678
vt 0.624656 0.848919
vt 0.624487 0.849678
vt 0.621965 0.848952
vt 0.624656 0.844624
vt 0.621938 0.844629
vt 0.621915 0.841009
vt 0.619312 0.840733
vt 0.619489 0.840347
vt 0.619312 0.844580
vt 0.619312 0.849173
vt 0.619703 0.849678
vt 0.599758 0.871182
vt 0.604652 0.874810
vt 0.604434 0.871520
vt 0.599794 0.874807
vt 0.595841 0.870899
vt 0.595725 0.874805
vt 0.595073 0.870718
vt 0.594511 0.874806
vt 0.594288 0.870739
vt 0.593045 0.870672
vt 0.591643 0.874805
vt 0.589197 0.870533
vt 0.589002 0.874812
vt 0.587715 0.870534
vt 0.624408 0.870520
vt 0.622302 0.874810
vt 0.622750 0.874809
vt 0.623522 0.870156
vt 0.622684 0.870028
vt 0.618554 0.870628
vt 0.618051 0.874809
vt 0.613624 0.871344
vt 0.612976 0.874809
vt 0.612650 0.871341
vt 0.611864 0.874807
vt 0.611822 0.871390
vt 0.610791 0.871457
vt 0.609085 0.874812
vt 0.607115 0.871656
vt 0.605950 0.874807
vt 0.605968 0.871628
vt 0.605205 0.871554
vt 0.569139 0.800619
vt 0.574042 0.800541
vt 0.569841 0.801117
vt 0.573361 0.801056
vt 0.570640 0.801446
vt 0.572574 0.801415
vt 0.578440 0.848584
vt 0.576505 0.848591
vt 0.593863 0.838477
vt 0.592969 0.843659
vt 0.592969 0.838477
vt 0.593910 0.843659
vt 0.595212 0.838477
vt 0.595236 0.843659
vt 0.596719 0.843659
vt 0.596875 0.838477
vt 0.600164 0.838476
vt 0.600594 0.843659
vt 0.601123 0.838477
vt 0.601427 0.843659
vt 0.605720 0.838477
vt 0.605720 0.843659
vt 0.535207 0.785069
vt 0.540477 0.784096
vt 0.540477 0.785069
vt 0.535207 0.784311
vt 0.535207 0.783751
vt 0.540477 0.783460
vt 0.535207 0.782710
vt 0.540477 0.782681
vt 0.535207 0.781374
vt 0.540477 0.781278
vt 0.540477 0.776052
vt 0.535207 0.776052
vt 0.618948 0.806230
vt 0.618320 0.805096
vt 0.619040 0.804106
vt 0.620294 0.803517
vt 0.621381 0.804134
vt 0.622290 0.804369
vt 0.621411 0.808714
vt 0.622958 0.809409
vt 0.624195 0.806827
vt 0.624508 0.807962
vt 0.623900 0.808861
vt 0.529601 0.856335
vt 0.525815 0.857627
vt 0.525815 0.856335
vt 0.529601 0.857628
vt 0.525815 0.859009
vt 0.529601 0.859009
vt 0.529601 0.840650
vt 0.525815 0.844290
vt 0.525815 0.840650
vt 0.529601 0.844290
vt 0.529601 0.845954
vt 0.525815 0.845954
vt 0.529601 0.847133
vt 0.525815 0.847133
vt 0.529601 0.848251
vt 0.525815 0.848251
vt 0.529601 0.849470
vt 0.525815 0.849470
vt 0.529601 0.852674
vt 0.525815 0.852674
vt 0.529601 0.853636
vt 0.525815 0.853637
vt 0.529601 0.854874
vt 0.525815 0.854874
vt 0.503818 0.841645
vt 0.504980 0.845873
vt 0.504459 0.841496
vt 0.504213 0.846042
vt 0.504387 0.851260
vt 0.506003 0.849403
vt 0.506253 0.851086
vt 0.506282 0.852551
vt 0.503923 0.852616
vt 0.505897 0.853419
vt 0.503955 0.853415
vt 0.505161 0.853849
vt 0.504311 0.853939
vt 0.505910 0.846109
vt 0.595798 0.755579
vt 0.596669 0.754775
vt 0.596619 0.753696
vt 0.596022 0.752656
vt 0.594499 0.752512
vt 0.592902 0.756697
vt 0.591038 0.753372
vt 0.592017 0.756424
vt 0.590867 0.756431
vt 0.589960 0.755304
vt 0.589821 0.754025
vt 0.606086 0.828252
vt 0.612294 0.827509
vt 0.608616 0.831636
vt 0.609545 0.824218
vt 0.615942 0.822894
vt 0.612982 0.820102
vt 0.618388 0.819724
vt 0.615582 0.816483
vt 0.621577 0.815257
vt 0.618499 0.812602
vt 0.624039 0.811688
vt 0.621165 0.809138
vt 0.615921 0.810144
vt 0.618380 0.806571
vt 0.613343 0.813784
vt 0.610741 0.817240
vt 0.607379 0.820860
vt 0.603934 0.824271
vt 0.602533 0.831139
vt 0.606304 0.833750
vt 0.603984 0.834684
vt 0.599696 0.835413
vt 0.597806 0.831905
vt 0.595135 0.836694
vt 0.600132 0.826687
vt 0.601426 0.819680
vt 0.605032 0.816948
vt 0.608306 0.813894
vt 0.610715 0.810783
vt 0.612931 0.807368
vt 0.615220 0.803953
vt 0.609729 0.804933
vt 0.611447 0.801380
vt 0.606044 0.803259
vt 0.607137 0.799274
vt 0.602329 0.797825
vt 0.601658 0.802338
vt 0.597469 0.797439
vt 0.597055 0.802052
vt 0.592545 0.797602
vt 0.602878 0.812824
vt 0.597660 0.808493
vt 0.601528 0.807600
vt 0.605463 0.807104
vt 0.608166 0.808114
vt 0.606228 0.810489
vt 0.599001 0.814823
vt 0.597651 0.822120
vt 0.569321 0.809382
vt 0.578881 0.813937
vt 0.572804 0.816510
vt 0.576261 0.806591
vt 0.584315 0.812051
vt 0.582556 0.804623
vt 0.589206 0.810672
vt 0.588044 0.803315
vt 0.593398 0.809553
vt 0.592756 0.802555
vt 0.586572 0.819042
vt 0.581685 0.820993
vt 0.576341 0.823333
vt 0.570807 0.826352
vt 0.569735 0.835745
vt 0.574727 0.832506
vt 0.579806 0.829686
vt 0.584751 0.827433
vt 0.589287 0.825510
vt 0.591026 0.817572
vt 0.595160 0.816231
vt 0.593466 0.823576
vt 0.591431 0.829898
vt 0.587085 0.832007
vt 0.582463 0.834518
vt 0.577795 0.837416
vt 0.573153 0.840068
vt 0.568878 0.843290
vt 0.564959 0.839459
vt 0.565273 0.830155
vt 0.566491 0.819938
vt 0.571467 0.846134
vt 0.565035 0.846923
vt 0.575706 0.843478
vt 0.579617 0.841119
vt 0.584635 0.838238
vt 0.589069 0.835644
vt 0.593196 0.833231
vt 0.595800 0.828146
vt 0.568169 0.849564
vt 0.573851 0.849315
vt 0.577774 0.846632
vt 0.581411 0.844704
vt 0.586446 0.841849
vt 0.591082 0.839114
vt 0.565645 0.853316
vt 0.562064 0.851317
vt 0.571155 0.852190
vt 0.569052 0.855836
vt 0.563871 0.857826
vt 0.567595 0.859350
vt 0.561983 0.863384
vt 0.565748 0.864802
vt 0.560570 0.867042
vt 0.563725 0.869297
vt 0.561717 0.871640
vt 0.557896 0.869320
vt 0.558618 0.873351
vt 0.553852 0.874477
vt 0.553447 0.870909
vt 0.550004 0.874680
vt 0.547713 0.870672
vt 0.545761 0.874639
vt 0.541124 0.874454
vt 0.557295 0.865891
vt 0.553056 0.865332
vt 0.558007 0.861266
vt 0.553702 0.859855
vt 0.559900 0.856184
vt 0.555252 0.854242
vt 0.547977 0.858412
vt 0.547491 0.864581
vt 0.541154 0.864090
vt 0.541033 0.870653
vt 0.535243 0.870434
vt 0.535149 0.863810
vt 0.541515 0.857067
vt 0.549432 0.852095
vt 0.557702 0.848953
vt 0.535380 0.874439
vt 0.530283 0.874250
vt 0.530442 0.870380
vt 0.530381 0.863555
vt 0.534925 0.856126
vt 0.542938 0.849876
vt 0.551559 0.845781
vt 0.560800 0.843902
vt 0.545121 0.842484
vt 0.536059 0.847894
vt 0.538421 0.839480
vt 0.533735 0.837622
vt 0.538018 0.828796
vt 0.531326 0.846655
vt 0.530304 0.855504
vt 0.542571 0.831470
vt 0.544032 0.820768
vt 0.549008 0.835588
vt 0.555235 0.839873
vt 0.559799 0.834447
vt 0.554182 0.829445
vt 0.548338 0.824384
vt 0.554965 0.818139
vt 0.551184 0.813988
vt 0.558874 0.808249
vt 0.562160 0.813190
vt 0.566646 0.804178
vt 0.560242 0.824146
vt 0.587122 0.798185
vt 0.581038 0.799310
vt 0.574133 0.801244
vt 0.536586 0.823509
vt 0.535736 0.823599
vt 0.535380 0.823074
vt 0.537322 0.823078
vt 0.537706 0.822211
vt 0.535347 0.822275
vt 0.537678 0.820745
vt 0.535811 0.820919
vt 0.537428 0.819063
vt 0.535638 0.815701
vt 0.537335 0.815769
vt 0.536405 0.815533
vt 0.535883 0.811155
vt 0.535243 0.811304
vt 0.599268 0.779806
vt 0.606973 0.780131
vt 0.602213 0.772924
vt 0.596924 0.776267
vt 0.590540 0.779851
vt 0.591600 0.783386
vt 0.579889 0.782217
vt 0.593845 0.771072
vt 0.598976 0.768697
vt 0.588314 0.773950
vt 0.579451 0.776548
vt 0.569319 0.781314
vt 0.611830 0.773655
vt 0.613103 0.783649
vt 0.616061 0.780077
vt 0.607558 0.768707
vt 0.604735 0.765072
vt 0.595996 0.764207
vt 0.591274 0.766417
vt 0.586296 0.768906
vt 0.578767 0.770607
vt 0.570250 0.775840
vt 0.560658 0.777580
vt 0.615309 0.766592
vt 0.562382 0.772500
vt 0.571385 0.769469
vt 0.563633 0.767204
vt 0.617318 0.761036
vt 0.610839 0.761615
vt 0.601858 0.760549
vt 0.571051 0.764265
vt 0.567139 0.763077
vt 0.573809 0.764865
vt 0.576600 0.765119
vt 0.579281 0.764745
vt 0.582136 0.763372
vt 0.584611 0.762027
vt 0.588151 0.760275
vt 0.591648 0.758747
vt 0.594580 0.757395
vt 0.596796 0.755394
vt 0.598590 0.753217
vt 0.600395 0.751963
vt 0.608757 0.756850
vt 0.617056 0.756983
vt 0.624662 0.759081
vt 0.624675 0.756960
vt 0.602409 0.751517
vt 0.606215 0.751002
vt 0.609471 0.750733
vt 0.613822 0.750563
vt 0.617614 0.750471
vt 0.620468 0.750406
vt 0.624462 0.750313
vt 0.567828 0.787722
vt 0.580073 0.786971
vt 0.576373 0.790930
vt 0.560613 0.784001
vt 0.563839 0.762282
vt 0.561794 0.762362
vt 0.559707 0.763243
vt 0.557451 0.765326
vt 0.556080 0.767124
vt 0.554641 0.769269
vt 0.552891 0.772117
vt 0.551021 0.775057
vt 0.556974 0.785524
vt 0.549418 0.777560
vt 0.547919 0.779815
vt 0.554599 0.788961
vt 0.545860 0.782770
vt 0.584399 0.790552
vt 0.583277 0.797492
vt 0.576865 0.797294
vt 0.521180 0.870790
vt 0.525910 0.874774
vt 0.525449 0.870837
vt 0.521877 0.874774
vt 0.515449 0.874774
vt 0.510685 0.863114
vt 0.506009 0.867128
vt 0.510342 0.867038
vt 0.505448 0.870840
vt 0.509716 0.870792
vt 0.504987 0.874774
vt 0.509020 0.874774
vt 0.515449 0.871078
vt 0.520554 0.867036
vt 0.524887 0.867123
vt 0.520208 0.863113
vt 0.524423 0.863118
vt 0.519962 0.858825
vt 0.524064 0.858675
vt 0.519872 0.853829
vt 0.523953 0.854032
vt 0.519991 0.848984
vt 0.515448 0.867033
vt 0.515448 0.862970
vt 0.515447 0.858929
vt 0.515443 0.853437
vt 0.511017 0.853830
vt 0.515442 0.848601
vt 0.510876 0.848906
vt 0.515441 0.844374
vt 0.510485 0.844430
vt 0.515440 0.840051
vt 0.510278 0.839914
vt 0.515448 0.835192
vt 0.510037 0.834901
vt 0.520238 0.844482
vt 0.510929 0.858827
vt 0.509300 0.814851
vt 0.504160 0.822458
vt 0.509464 0.822427
vt 0.504464 0.829179
vt 0.509690 0.829205
vt 0.504866 0.834959
vt 0.505413 0.840050
vt 0.506095 0.844640
vt 0.506765 0.849220
vt 0.506936 0.854036
vt 0.506828 0.858679
vt 0.506471 0.863122
vt 0.515435 0.829665
vt 0.515441 0.822884
vt 0.515447 0.815162
vt 0.509122 0.806580
vt 0.515455 0.806925
vt 0.509367 0.797462
vt 0.515466 0.797596
vt 0.509428 0.788140
vt 0.515466 0.788404
vt 0.509708 0.778462
vt 0.515473 0.778550
vt 0.509913 0.769218
vt 0.515443 0.769500
vt 0.520933 0.769295
vt 0.515484 0.760171
vt 0.520767 0.760145
vt 0.510192 0.760119
vt 0.520390 0.751359
vt 0.515481 0.751338
vt 0.510586 0.751348
vt 0.505548 0.759874
vt 0.505033 0.768947
vt 0.504504 0.778416
vt 0.504116 0.788048
vt 0.503821 0.797468
vt 0.503977 0.806601
vt 0.503982 0.814893
vt 0.505989 0.751181
vt 0.526716 0.797596
vt 0.526699 0.788187
vt 0.521351 0.788160
vt 0.521177 0.778568
vt 0.526502 0.778443
vt 0.526035 0.769035
vt 0.525407 0.759926
vt 0.525179 0.751287
vt 0.521543 0.797496
vt 0.521479 0.806476
vt 0.521601 0.814901
vt 0.521317 0.822422
vt 0.521092 0.829180
vt 0.520895 0.834989
vt 0.520555 0.839905
vt 0.524305 0.849308
vt 0.524879 0.844700
vt 0.525427 0.840045
vt 0.525838 0.835075
vt 0.526244 0.829262
vt 0.526666 0.822518
vt 0.526883 0.814920
vt 0.527025 0.806517
vt 0.609170 0.782513
vt 0.609421 0.783126
vt 0.609051 0.783761
vt 0.608439 0.783915
vt 0.608307 0.782009
vt 0.606601 0.783050
vt 0.603057 0.781396
vt 0.600159 0.781359
vt 0.599906 0.780794
vt 0.602570 0.781790
vt 0.603019 0.782621
vt 0.587029 0.842749
vt 0.587559 0.842551
vt 0.586804 0.843298
vt 0.587026 0.843847
vt 0.587558 0.844051
vt 0.591520 0.842551
vt 0.591520 0.844051
vt 0.545691 0.765136
vt 0.546139 0.762766
vt 0.550585 0.763999
vt 0.550977 0.761862
vt 0.546579 0.760346
vt 0.554760 0.763113
vt 0.554317 0.764960
vt 0.553252 0.767225
vt 0.549842 0.766266
vt 0.549221 0.768567
vt 0.545176 0.767575
vt 0.548597 0.770953
vt 0.552285 0.769249
vt 0.551715 0.771616
vt 0.551050 0.774336
vt 0.540992 0.763844
vt 0.547936 0.773674
vt 0.544522 0.769960
vt 0.541224 0.766674
vt 0.541010 0.761609
vt 0.543741 0.772782
vt 0.540821 0.772162
vt 0.541062 0.768944
vt 0.541358 0.758527
vt 0.546991 0.758183
vt 0.551587 0.759964
vt 0.555163 0.761258
vt 0.555261 0.759828
vt 0.552657 0.758412
vt 0.554650 0.758526
vt 0.553599 0.757434
vt 0.547537 0.756269
vt 0.547862 0.754300
vt 0.546292 0.753803
vt 0.544080 0.754016
vt 0.542672 0.755030
vt 0.542122 0.756023
vt 0.525272 0.855893
vt 0.524737 0.861031
vt 0.525299 0.860998
vt 0.524681 0.855709
vt 0.572315 0.753796
vt 0.572992 0.759167
vt 0.572315 0.759167
vt 0.572992 0.753796
vt 0.573676 0.753796
vt 0.573676 0.759167
vt 0.574317 0.753796
vt 0.574317 0.759167
vt 0.576352 0.753796
vt 0.576352 0.759167
vt 0.580026 0.753796
vt 0.580026 0.759167
vt 0.580972 0.753796
vt 0.580972 0.759167
vt 0.583523 0.753796
vt 0.583523 0.759167
vt 0.588834 0.759167
vt 0.588834 0.753796
vt 0.589409 0.759167
vt 0.589409 0.753796
vt 0.565104 0.793595
vt 0.564625 0.787484
vt 0.567478 0.788937
vt 0.562229 0.792130
vt 0.559758 0.785004
vt 0.557384 0.789661
vt 0.600249 0.836386
vt 0.604209 0.836386
vt 0.604208 0.837886
vt 0.600246 0.837886
vt 0.599717 0.836580
vt 0.599493 0.837128
vt 0.599715 0.837679
vt 0.608991 0.835664
vt 0.608991 0.831784
vt 0.615969 0.831785
vt 0.615969 0.835664
vt 0.608991 0.836225
vt 0.615969 0.836225
vt 0.615969 0.836805
vt 0.608991 0.836805
vt 0.608991 0.837386
vt 0.615969 0.837386
vt 0.608991 0.837947
vt 0.615969 0.837948
vt 0.608991 0.841827
vt 0.615969 0.841827
vt 0.623331 0.869746
vt 0.624694 0.864111
vt 0.623331 0.864111
vt 0.624694 0.869746
vt 0.535749 0.828246
vt 0.537729 0.827337
vt 0.535749 0.827337
vt 0.537729 0.828246
vt 0.622203 0.839763
vt 0.616351 0.838136
vt 0.616351 0.839763
vt 0.622203 0.838136
vt 0.538636 0.826534
vt 0.536675 0.825752
vt 0.536675 0.826534
vt 0.538636 0.825752
vt 0.619441 0.797469
vt 0.622186 0.791190
vt 0.621863 0.797611
vt 0.619979 0.791532
vt 0.618137 0.785407
vt 0.620566 0.786132
vt 0.622141 0.786951
vt 0.623429 0.788219
vt 0.624044 0.790238
vt 0.624645 0.797791
vt 0.624272 0.799812
vt 0.622726 0.802307
vt 0.620671 0.803039
vt 0.619120 0.803003
vt 0.616517 0.796827
vt 0.617314 0.790816
vt 0.614193 0.789698
vt 0.613061 0.795435
vt 0.610000 0.794269
vt 0.608787 0.799433
vt 0.611465 0.800941
vt 0.615983 0.802587
vt 0.611254 0.788974
vt 0.606819 0.793173
vt 0.607978 0.788383
vt 0.605683 0.797798
vt 0.603578 0.792170
vt 0.605072 0.787519
vt 0.600924 0.786639
vt 0.599500 0.791445
vt 0.598477 0.794903
vt 0.602761 0.796488
vt 0.612132 0.784788
vt 0.608677 0.784438
vt 0.601906 0.783326
vt 0.605526 0.784088
vt 0.614900 0.784982
vt 0.506168 0.854319
vt 0.503815 0.861699
vt 0.506168 0.861699
vt 0.503815 0.854319
vt 0.527721 0.869299
vt 0.525756 0.859552
vt 0.525756 0.869298
vt 0.527721 0.859553
vt 0.610543 0.849705
vt 0.618936 0.842297
vt 0.610542 0.842297
vt 0.618936 0.849705
vt 0.548933 0.785436
vt 0.546495 0.794061
vt 0.548933 0.794061
vt 0.546496 0.785436
vt 0.608606 0.843321
vt 0.606149 0.834462
vt 0.606149 0.843322
vt 0.608606 0.834462
vt 0.528133 0.859734
vt 0.529715 0.863107
vt 0.529715 0.859734
vt 0.528133 0.863109
vt 0.528133 0.863751
vt 0.529715 0.863749
vt 0.528133 0.864392
vt 0.529715 0.864391
vt 0.529715 0.869881
vt 0.528133 0.869881
vt 0.528133 0.870524
vt 0.529715 0.870522
vt 0.529715 0.871164
vt 0.528133 0.871166
vt 0.528133 0.874514
vt 0.529715 0.874514
vt 0.542933 0.773766
vt 0.546240 0.773766
vt 0.546706 0.774212
vt 0.542933 0.774189
vt 0.542932 0.774805
vt 0.546841 0.774829
vt 0.542933 0.780252
vt 0.546841 0.780277
vt 0.546662 0.780892
vt 0.542933 0.780869
vt 0.542933 0.781353
vt 0.546191 0.781353
vt 0.571076 0.859242
vt 0.575777 0.859420
vt 0.573030 0.856105
vt 0.578986 0.857808
vt 0.576240 0.854368
vt 0.579788 0.853993
vt 0.582507 0.858986
vt 0.583361 0.855027
vt 0.586044 0.857142
vt 0.587520 0.860392
vt 0.584194 0.862501
vt 0.587599 0.864006
vt 0.582698 0.866246
vt 0.586528 0.867401
vt 0.583955 0.870160
vt 0.579242 0.867749
vt 0.580317 0.871274
vt 0.579356 0.862701
vt 0.590419 0.859766
vt 0.588361 0.855452
vt 0.590465 0.864532
vt 0.588759 0.868858
vt 0.585446 0.872458
vt 0.580914 0.874474
vt 0.576096 0.874464
vt 0.576900 0.871014
vt 0.575705 0.866046
vt 0.574486 0.862792
vt 0.573627 0.869771
vt 0.571563 0.866445
vt 0.570595 0.863134
vt 0.571760 0.871999
vt 0.568724 0.868010
vt 0.567681 0.863226
vt 0.568610 0.858491
vt 0.571000 0.854548
vt 0.575163 0.851776
vt 0.579814 0.851037
vt 0.584699 0.852266
vt 0.569878 0.870904
vt 0.570349 0.874648
vt 0.570349 0.871373
vt 0.569870 0.874648
vt 0.569253 0.874648
vt 0.569263 0.870738
vt 0.563807 0.874648
vt 0.563815 0.870738
vt 0.563198 0.870890
vt 0.563189 0.874648
vt 0.562763 0.874648
vt 0.562763 0.871359
vt 0.527468 0.814649
vt 0.532689 0.816567
vt 0.532689 0.814649
vt 0.527468 0.816567
vt 0.532689 0.819372
vt 0.527468 0.819372
vt 0.532689 0.822529
vt 0.527468 0.822529
vt 0.532689 0.824622
vt 0.527468 0.824622
vt 0.532689 0.827290
vt 0.527468 0.827290
vt 0.532689 0.830360
vt 0.527468 0.830360
vt 0.532689 0.833701
vt 0.527468 0.833701
vt 0.532689 0.835791
vt 0.527468 0.835791
vt 0.532689 0.837645
vt 0.527468 0.837645
vt 0.527468 0.838804
vt 0.532689 0.838804
vt 0.532689 0.839583
vt 0.527468 0.839583
vt 0.527468 0.840220
vt 0.532689 0.840220
vt 0.532689 0.768310
vt 0.527468 0.768310
vt 0.532689 0.777264
vt 0.527468 0.777264
vt 0.532689 0.787004
vt 0.527468 0.787004
vt 0.532689 0.795895
vt 0.527468 0.795895
vt 0.532689 0.800859
vt 0.527468 0.800859
vt 0.532689 0.806084
vt 0.527468 0.806084
vt 0.532689 0.809458
vt 0.527468 0.809458
vt 0.532689 0.812218
vt 0.527468 0.812218
vt 0.618315 0.768704
vt 0.619081 0.761156
vt 0.618315 0.761156
vt 0.619081 0.768559
vt 0.619081 0.777132
vt 0.618315 0.777132
vt 0.578025 0.752442
vt 0.584571 0.753401
vt 0.584571 0.752442
vt 0.578026 0.753401
vt 0.571680 0.753401
vt 0.571680 0.752442
vt 0.561947 0.753401
vt 0.561947 0.752442
vt 0.558908 0.753401
vt 0.558908 0.752442
vt 0.556386 0.753401
vt 0.556387 0.752442
vt 0.546952 0.752442
vt 0.546952 0.753401
vt 0.540162 0.752442
vt 0.540161 0.753401
vt 0.534143 0.753401
vt 0.534143 0.752442
vt 0.547937 0.809021
vt 0.553554 0.803231
vt 0.546515 0.799547
vt 0.550023 0.810946
vt 0.552539 0.811711
vt 0.560231 0.806922
vt 0.556818 0.797904
vt 0.563197 0.801225
vt 0.559571 0.792147
vt 0.566142 0.795568
vt 0.549384 0.794034
vt 0.552329 0.788378
vt 0.624627 0.828952
vt 0.624332 0.838737
vt 0.623586 0.839164
vt 0.622587 0.838667
vt 0.622701 0.829252
vt 0.622723 0.823341
vt 0.624175 0.819900
vt 0.622714 0.820263
vt 0.622642 0.819331
vt 0.623835 0.817836
vt 0.621474 0.818029
vt 0.623049 0.816214
vt 0.622069 0.815937
vt 0.621179 0.816522
vt 0.533061 0.814454
vt 0.533756 0.814454
vt 0.533756 0.811005
vt 0.533061 0.811005
vt 0.533061 0.808425
vt 0.533756 0.808425
vt 0.533061 0.806439
vt 0.533756 0.806439
vt 0.533061 0.803722
vt 0.533756 0.803722
vt 0.533061 0.801177
vt 0.533756 0.801177
vt 0.533756 0.797750
vt 0.533061 0.797750
vt 0.533061 0.792781
vt 0.533756 0.792781
vt 0.533756 0.787876
vt 0.533061 0.787876
vt 0.533061 0.779140
vt 0.533756 0.779140
vt 0.533756 0.834180
vt 0.533061 0.834180
vt 0.533061 0.833412
vt 0.533756 0.833412
vt 0.533756 0.831854
vt 0.533061 0.831854
vt 0.533756 0.829247
vt 0.533061 0.829247
vt 0.533756 0.826547
vt 0.533061 0.826547
vt 0.533756 0.822079
vt 0.533061 0.822079
vt 0.533756 0.819302
vt 0.533061 0.819302
vt 0.533756 0.816609
vt 0.533061 0.816609
vt 0.616219 0.773135
vt 0.615345 0.777546
vt 0.616096 0.778381
vt 0.617749 0.772685
vt 0.616335 0.771410
vt 0.616089 0.768833
vt 0.617931 0.769391
vt 0.617893 0.766129
vt 0.615947 0.766052
vt 0.617099 0.765041
vt 0.616379 0.765144
vt 0.616960 0.777973
vt 0.578481 0.764400
vt 0.579760 0.762073
vt 0.580071 0.763076
vt 0.578252 0.761480
vt 0.576171 0.762097
vt 0.574759 0.763913
vt 0.570731 0.763086
vt 0.571143 0.763739
vt 0.571364 0.761766
vt 0.533756 0.815856
vt 0.533061 0.815856
vt 0.533061 0.818067
vt 0.533756 0.818067
vt 0.533061 0.820801
vt 0.533756 0.820801
vt 0.533756 0.824280
vt 0.533061 0.824280
vt 0.533756 0.826747
vt 0.533061 0.826747
vt 0.533756 0.828289
vt 0.533061 0.828289
vt 0.533756 0.829370
vt 0.533061 0.829370
vt 0.533061 0.830052
vt 0.533756 0.830052
vt 0.533756 0.830773
vt 0.533061 0.830773
vt 0.533061 0.831392
vt 0.533756 0.831392
vt 0.533061 0.787822
vt 0.533756 0.787822
vt 0.533756 0.793158
vt 0.533061 0.793158
vt 0.533061 0.798818
vt 0.533756 0.798818
vt 0.533756 0.802312
vt 0.533061 0.802312
vt 0.533061 0.805505
vt 0.533756 0.805505
vt 0.533756 0.807811
vt 0.533061 0.807811
vt 0.533756 0.809836
vt 0.533061 0.809836
vt 0.533756 0.812911
vt 0.533061 0.812911
vt 0.616760 0.850088
vt 0.610481 0.850088
vt 0.610481 0.855352
vt 0.618791 0.867330
vt 0.616590 0.860768
vt 0.616208 0.867669
vt 0.614293 0.867473
vt 0.610482 0.860767
vt 0.616940 0.855352
vt 0.623522 0.850088
vt 0.623522 0.855352
vt 0.623523 0.860768
vt 0.532689 0.798982
vt 0.527471 0.794272
vt 0.527468 0.798982
vt 0.532691 0.794272
vt 0.527468 0.787452
vt 0.532689 0.787452
vt 0.527468 0.781460
vt 0.532689 0.781460
vt 0.527468 0.775891
vt 0.532689 0.775891
vt 0.527468 0.771881
vt 0.532689 0.771881
vt 0.527468 0.768163
vt 0.532689 0.766218
vt 0.527468 0.766218
vt 0.532689 0.768163
vt 0.534825 0.778333
vt 0.534130 0.773534
vt 0.534130 0.778333
vt 0.534825 0.773534
vt 0.534130 0.766893
vt 0.534825 0.766893
vt 0.534130 0.760959
vt 0.534825 0.760959
vt 0.534130 0.755650
vt 0.534825 0.755650
vt 0.590055 0.849927
vt 0.590578 0.850909
vt 0.589642 0.851937
vt 0.588332 0.852031
vt 0.589103 0.849231
vt 0.586397 0.851210
vt 0.584817 0.849215
vt 0.582043 0.848923
vt 0.581429 0.849469
vt 0.581708 0.851051
vt 0.624676 0.765570
vt 0.619452 0.765570
vt 0.619448 0.766721
vt 0.624671 0.766721
vt 0.619448 0.771496
vt 0.624671 0.771496
vt 0.619448 0.773096
vt 0.624671 0.773096
vt 0.619448 0.775514
vt 0.624671 0.775514
vt 0.619448 0.777951
vt 0.624671 0.777951
vt 0.619448 0.778972
vt 0.624671 0.778972
vt 0.555291 0.753782
vt 0.555291 0.759007
vt 0.556298 0.759007
vt 0.556298 0.753782
vt 0.558076 0.753782
vt 0.558076 0.759007
vt 0.560363 0.759007
vt 0.560364 0.753782
vt 0.565139 0.759007
vt 0.565139 0.753782
vt 0.566470 0.759007
vt 0.566470 0.753782
vt 0.527468 0.792464
vt 0.532689 0.791717
vt 0.527468 0.791717
vt 0.532689 0.792464
vt 0.532689 0.793708
vt 0.527468 0.793708
vt 0.532689 0.796725
vt 0.527468 0.796725
vt 0.532689 0.799816
vt 0.527468 0.799816
vt 0.532689 0.805087
vt 0.527468 0.805087
vt 0.527468 0.810292
vt 0.532689 0.810292
vt 0.527468 0.817052
vt 0.532689 0.817052
vt 0.527468 0.823172
vt 0.532689 0.823172
vt 0.527468 0.828642
vt 0.532689 0.828642
vt 0.585898 0.844450
vt 0.582551 0.844574
vt 0.583018 0.848610
vt 0.588345 0.848610
vt 0.588602 0.844680
vt 0.589298 0.844712
vt 0.589479 0.848610
vt 0.591694 0.844609
vt 0.593032 0.848610
vt 0.594321 0.844370
vt 0.598643 0.848610
vt 0.597256 0.844081
vt 0.600826 0.844236
vt 0.603193 0.848610
vt 0.603407 0.844720
vt 0.604013 0.844773
vt 0.604358 0.848610
vt 0.609671 0.848610
vt 0.606711 0.844257
vt 0.610198 0.844310
vt 0.616397 0.827372
vt 0.622203 0.833250
vt 0.622203 0.827358
vt 0.616397 0.833228
vt 0.616397 0.836642
vt 0.616787 0.837091
vt 0.622203 0.837315
vt 0.616397 0.822891
vt 0.616853 0.822443
vt 0.622203 0.822154
vt 0.590958 0.867526
vt 0.595716 0.859980
vt 0.590921 0.859606
vt 0.595554 0.867693
vt 0.600441 0.860153
vt 0.595917 0.853133
vt 0.600457 0.853021
vt 0.595787 0.849001
vt 0.600459 0.849001
vt 0.605130 0.849000
vt 0.604950 0.852988
vt 0.605165 0.860009
vt 0.590930 0.852844
vt 0.591103 0.849001
vt 0.609987 0.852849
vt 0.609813 0.849001
vt 0.610011 0.859515
vt 0.610147 0.867632
vt 0.605358 0.867704
vt 0.600450 0.867684
vt 0.573696 0.750236
vt 0.573696 0.752074
vt 0.575467 0.752074
vt 0.575467 0.750236
vt 0.577224 0.752074
vt 0.577224 0.750236
vt 0.579659 0.750236
vt 0.579659 0.752074
vt 0.582497 0.750236
vt 0.582497 0.752074
vt 0.547874 0.752074
vt 0.544936 0.750236
vt 0.544936 0.752074
vt 0.547874 0.750236
vt 0.552206 0.750236
vt 0.552206 0.752074
vt 0.555421 0.750236
vt 0.555421 0.752074
vt 0.556915 0.750236
vt 0.556915 0.752074
vt 0.559078 0.750236
vt 0.559078 0.752074
vt 0.561904 0.752074
vt 0.561904 0.750236
vt 0.563940 0.752074
vt 0.563940 0.750236
vt 0.571721 0.752074
vt 0.571721 0.750236
vt 0.541420 0.752074
vt 0.541420 0.750236
vt 0.538411 0.752074
vt 0.538411 0.750236
vt 0.534139 0.750236
vt 0.534139 0.752074
vt 0.585498 0.750236
vt 0.585498 0.752074
vt 0.588689 0.750236
vt 0.588689 0.752074
vt 0.591806 0.752074
vt 0.591806 0.750236
vt 0.595403 0.750236
vt 0.595403 0.752074
vt 0.527468 0.824390
vt 0.532689 0.822134
vt 0.527468 0.822134
vt 0.532689 0.824390
vt 0.527468 0.827129
vt 0.532689 0.827129
vt 0.527468 0.830290
vt 0.532689 0.830290
vt 0.527468 0.833856
vt 0.532689 0.833856
vt 0.527468 0.835991
vt 0.532689 0.835991
vt 0.527468 0.837808
vt 0.532689 0.837808
vt 0.527468 0.838877
vt 0.532689 0.838877
vt 0.532689 0.839582
vt 0.527468 0.839582
vt 0.527468 0.794358
vt 0.532689 0.785899
vt 0.527468 0.785899
vt 0.532689 0.794358
vt 0.527468 0.799598
vt 0.532689 0.799598
vt 0.527468 0.804963
vt 0.532689 0.804963
vt 0.527468 0.808484
vt 0.532689 0.808484
vt 0.527468 0.811441
vt 0.532689 0.811441
vt 0.527468 0.814013
vt 0.532689 0.814013
vt 0.527468 0.816090
vt 0.532689 0.816090
vt 0.527468 0.818921
vt 0.532689 0.818921
vt 0.540428 0.800596
vt 0.535203 0.810123
vt 0.540428 0.810123
vt 0.535203 0.800596
vt 0.540428 0.794904
vt 0.535203 0.794904
vt 0.540428 0.791753
vt 0.535203 0.791753
vt 0.540428 0.790819
vt 0.535203 0.790819
vt 0.540428 0.789090
vt 0.535203 0.789090
vt 0.540428 0.787609
vt 0.535203 0.787609
vt 0.535203 0.786606
vt 0.540428 0.786606
vt 0.535203 0.785441
vt 0.540428 0.785441
vt 0.527468 0.790058
vt 0.532689 0.789812
vt 0.532689 0.787020
vt 0.527468 0.787002
vt 0.532689 0.785300
vt 0.527468 0.785026
vt 0.532689 0.784509
vt 0.527468 0.784225
vt 0.527468 0.783399
vt 0.532689 0.783399
vt 0.532689 0.824185
vt 0.527468 0.819742
vt 0.527468 0.822836
vt 0.532689 0.821511
vt 0.532689 0.818415
vt 0.527468 0.817011
vt 0.532689 0.813248
vt 0.527468 0.813132
vt 0.532689 0.808698
vt 0.527468 0.808582
vt 0.532689 0.806621
vt 0.527468 0.806404
vt 0.532689 0.804523
vt 0.527468 0.804162
vt 0.532689 0.800811
vt 0.527468 0.800610
vt 0.527468 0.795250
vt 0.532689 0.795454
vt 0.503446 0.760276
vt 0.500103 0.764101
vt 0.503446 0.765491
vt 0.500103 0.760208
vt 0.500103 0.756575
vt 0.503446 0.756350
vt 0.500103 0.750791
vt 0.503446 0.750791
vt 0.500103 0.768998
vt 0.503446 0.771408
vt 0.500103 0.772513
vt 0.500103 0.777676
vt 0.503446 0.775714
vt 0.503446 0.780789
vt 0.500103 0.782487
vt 0.503446 0.783355
vt 0.500103 0.785146
vt 0.503446 0.786158
vt 0.500103 0.787260
vt 0.503446 0.789861
vt 0.500103 0.791000
vt 0.503446 0.793743
vt 0.500103 0.795008
vt 0.503446 0.797864
vt 0.500103 0.798961
vt 0.503446 0.802726
vt 0.500103 0.803507
vt 0.503446 0.807747
vt 0.500103 0.808411
vt 0.503446 0.811221
vt 0.500103 0.811797
vt 0.503446 0.815221
vt 0.500103 0.815742
vt 0.503446 0.818587
vt 0.500103 0.818971
vt 0.503446 0.822159
vt 0.500103 0.822485
vt 0.503446 0.825816
vt 0.500103 0.825696
vt 0.503446 0.831354
vt 0.500103 0.830739
vt 0.503446 0.836022
vt 0.500103 0.835100
vt 0.503446 0.838817
vt 0.500103 0.837829
vt 0.503446 0.841913
vt 0.500103 0.840981
vt 0.503446 0.846116
vt 0.500103 0.845338
vt 0.503446 0.849128
vt 0.500103 0.848745
vt 0.503446 0.852549
vt 0.500103 0.852510
vt 0.503446 0.857068
vt 0.500103 0.856633
vt 0.503446 0.861871
vt 0.500103 0.861767
vt 0.503446 0.866020
vt 0.500103 0.866351
vt 0.503446 0.869808
vt 0.500103 0.870594
vt 0.500103 0.874848
vt 0.503446 0.874848
vt 0.527468 0.808891
vt 0.527468 0.813637
vt 0.532689 0.813376
vt 0.532689 0.808570
vt 0.527468 0.804697
vt 0.532689 0.803414
vt 0.527468 0.801759
vt 0.532689 0.800078
vt 0.527468 0.798534
vt 0.532689 0.797226
vt 0.527468 0.792633
vt 0.532689 0.791625
vt 0.527468 0.783951
vt 0.532689 0.783671
vt 0.527468 0.776937
vt 0.532689 0.776663
vt 0.527468 0.769731
vt 0.532689 0.769218
vt 0.527468 0.759825
vt 0.532689 0.759386
vt 0.527468 0.754985
vt 0.532689 0.754457
vt 0.527468 0.839442
vt 0.532689 0.838830
vt 0.527468 0.838433
vt 0.532689 0.837950
vt 0.527468 0.836404
vt 0.532689 0.836094
vt 0.527468 0.833002
vt 0.532689 0.833327
vt 0.527468 0.827800
vt 0.532689 0.827456
vt 0.527468 0.822184
vt 0.532689 0.821932
vt 0.527468 0.818294
vt 0.532689 0.818024
vt 0.527468 0.816000
vt 0.532689 0.815607
s 1
usemtl item_equipment_helmet_ACHHC_LOD0
f 1613/2182/1613 1614/2183/1613 1615/2184/1613
f 1613/2182/1613 1616/2185/1613 1614/2183/1613
f 1617/2186/1614 1618/2187/1615 1619/2188/1616
f 1617/2186/1614 1620/2189/1617 1618/2187/1615
f 1621/2190/1618 1620/2189/1617 1617/2186/1614
f 1621/2190/1618 1622/2191/1619 1620/2189/1617
f 1623/2192/1620 1622/2191/1619 1621/2190/1618
f 1623/2192/1620 1624/2193/1621 1622/2191/1619
f 1625/2194/1622 1624/2193/1621 1623/2192/1620
f 1625/2194/1622 1626/2195/1623 1624/2193/1621
f 1627/2196/1624 1626/2195/1623 1625/2194/1622
f 1627/2196/1624 1628/2197/1625 1626/2195/1623
f 1629/2198/1626 1628/2197/1625 1627/2196/1624
f 1629/2198/1626 1630/2199/1627 1628/2197/1625
f 1631/2200/1628 1630/2199/1627 1629/2198/1626
f 1631/2200/1628 1632/2201/1628 1630/2199/1627
f 1633/2202/1629 1634/2203/1630 1635/2204/1631
f 1633/2202/1629 1636/2205/1632 1634/2203/1630
f 1637/2206/1633 1636/2205/1632 1633/2202/1629
f 1637/2206/1633 1638/2207/1634 1636/2205/1632
f 1639/2208/1635 1638/2207/1634 1637/2206/1633
f 1639/2208/1635 1640/2209/1636 1638/2207/1634
f 1639/2208/1635 1641/2210/1637 1640/2209/1636
f 1639/2208/1635 1618/2211/1638 1641/2210/1637
f 1618/2211/1638 1642/2212/1639 1641/2210/1637
f 1618/2211/1638 1620/2213/1640 1642/2212/1639
f 1620/2213/1640 1643/2214/1641 1642/2212/1639
f 1620/2213/1640 1622/2215/1642 1643/2214/1641
f 1622/2215/1642 1644/2216/1643 1643/2214/1641
f 1622/2215/1642 1624/2217/1644 1644/2216/1643
f 1626/2218/1645 1644/2216/1643 1624/2217/1644
f 1626/2218/1645 1645/2219/1646 1644/2216/1643
f 1626/2218/1645 1646/2220/1647 1645/2219/1646
f 1626/2218/1645 1628/2221/1648 1646/2220/1647
f 1630/2222/1649 1646/2220/1647 1628/2221/1648
f 1630/2222/1649 1647/2223/1650 1646/2220/1647
f 1648/2224/1651 1649/2225/1652 1650/2226/1653
f 1648/2224/1651 1651/2227/1654 1649/2225/1652
f 1652/2228/1655 1651/2227/1654 1648/2224/1651
f 1652/2228/1655 1648/2224/1651 1653/2229/1656
f 1654/2230/1657 1652/2228/1655 1653/2229/1656
f 1654/2230/1657 1653/2229/1656 1655/2231/1658
f 1656/2232/1659 1654/2230/1657 1655/2231/1658
f 1656/2232/1659 1655/2231/1658 1657/2233/1660
f 1658/2234/1661 1656/2232/1659 1657/2233/1660
f 1658/2234/1661 1657/2233/1660 1659/2235/1662
f 1660/2236/1663 1658/2234/1661 1659/2235/1662
f 1660/2236/1663 1659/2235/1662 1661/2237/1664
f 1662/2238/1665 1660/2236/1663 1661/2237/1664
f 1662/2238/1665 1663/2239/1666 1660/2236/1663
f 1662/2238/1665 1664/2240/1667 1663/2239/1666
f 1662/2238/1665 1665/2241/1668 1664/2240/1667
f 1635/2204/1631 1664/2240/1667 1665/2241/1668
f 1635/2204/1631 1634/2203/1630 1664/2240/1667
f 1666/2242/1669 1667/2243/1670 1668/2244/1671
f 1666/2242/1669 1668/2244/1671 1669/2245/1672
f 1669/2245/1672 1668/2244/1671 1670/2246/1673
f 1670/2246/1673 1671/2247/1674 1669/2245/1672
f 1672/2248/1675 1669/2245/1672 1671/2247/1674
f 1672/2248/1675 1673/2249/1676 1669/2245/1672
f 1673/2249/1676 1672/2248/1675 1674/2250/1677
f 1673/2249/1676 1674/2250/1677 1675/2251/1678
f 1676/2252/1679 1675/2251/1678 1674/2250/1677
f 1676/2252/1679 1674/2250/1677 1677/2253/1680
f 1678/2254/1681 1676/2252/1679 1677/2253/1680
f 1678/2254/1681 1679/2255/1682 1676/2252/1679
f 1679/2255/1682 1678/2254/1681 1680/2256/1683
f 1680/2256/1683 1681/2257/1684 1679/2255/1682
f 1680/2256/1683 1682/2258/1685 1681/2257/1684
f 1682/2258/1685 1683/2259/1686 1681/2257/1684
f 1682/2258/1685 1684/2260/1687 1683/2259/1686
f 1685/2205/1688 1686/2204/1689 1687/2202/1690
f 1685/2205/1688 1688/2203/1691 1686/2204/1689
f 1688/2203/1691 1689/2241/1692 1686/2204/1689
f 1688/2203/1691 1690/2240/1693 1689/2241/1692
f 1691/2239/1694 1689/2241/1692 1690/2240/1693
f 1691/2239/1694 1692/2238/1695 1689/2241/1692
f 1693/2237/1696 1692/2238/1695 1691/2239/1694
f 1693/2237/1696 1691/2239/1694 1694/2236/1697
f 1695/2234/1698 1693/2237/1696 1694/2236/1697
f 1695/2234/1698 1696/2235/1699 1693/2237/1696
f 1697/2233/1700 1696/2235/1699 1695/2234/1698
f 1697/2233/1700 1695/2234/1698 1698/2232/1701
f 1697/2233/1700 1698/2232/1701 1699/2230/1702
f 1697/2233/1700 1699/2230/1702 1700/2231/1703
f 1701/2228/1704 1700/2231/1703 1699/2230/1702
f 1701/2228/1704 1702/2229/1705 1700/2231/1703
f 1701/2228/1704 1703/2224/1706 1702/2229/1705
f 1701/2228/1704 1704/2227/1707 1703/2224/1706
f 1703/2224/1706 1704/2227/1707 1705/2225/1708
f 1703/2224/1706 1705/2225/1708 1706/2226/1708
f 1707/2261/1709 1684/2262/1710 1708/2263/1711
f 1707/2261/1709 1683/2264/1712 1684/2262/1710
f 1707/2261/1709 1681/2265/1713 1683/2264/1712
f 1707/2261/1709 1709/2266/1714 1681/2265/1713
f 1709/2266/1714 1679/2267/1715 1681/2265/1713
f 1709/2266/1714 1710/2268/1716 1679/2267/1715
f 1676/2269/1717 1679/2267/1715 1710/2268/1716
f 1676/2269/1717 1710/2268/1716 1711/2270/1718
f 1675/2271/1719 1676/2269/1717 1711/2270/1718
f 1675/2271/1719 1711/2270/1718 1712/2272/1720
f 1673/2273/1721 1675/2271/1719 1712/2272/1720
f 1673/2273/1721 1712/2272/1720 1713/2274/1722
f 1669/2275/1723 1673/2273/1721 1713/2274/1722
f 1669/2275/1723 1713/2274/1722 1714/2276/1724
f 1666/2277/1725 1669/2275/1723 1714/2276/1724
f 1666/2277/1725 1714/2276/1724 1715/2278/1726
f 1667/2279/1727 1666/2277/1725 1715/2278/1726
f 1667/2279/1727 1715/2278/1726 1716/2280/1728
f 1668/2281/1729 1667/2279/1727 1716/2280/1728
f 1668/2281/1729 1716/2280/1728 1717/2282/1730
f 1668/2281/1729 1717/2282/1730 1718/2283/1731
f 1668/2281/1729 1718/2283/1731 1670/2284/1732
f 1719/2285/1733 1670/2284/1732 1718/2283/1731
f 1719/2285/1733 1671/2286/1734 1670/2284/1732
f 1720/2287/1735 1682/2288/1736 1680/2289/1737
f 1720/2287/1735 1680/2289/1737 1721/2290/1738
f 1721/2290/1738 1680/2289/1737 1678/2291/1739
f 1721/2290/1738 1678/2291/1739 1722/2292/1740
f 1677/2293/1741 1722/2292/1740 1678/2291/1739
f 1677/2293/1741 1723/2294/1742 1722/2292/1740
f 1674/2295/1743 1723/2294/1742 1677/2293/1741
f 1674/2295/1743 1724/2296/1744 1723/2294/1742
f 1672/2297/1745 1724/2296/1744 1674/2295/1743
f 1672/2297/1745 1725/2298/1746 1724/2296/1744
f 1671/2299/1734 1725/2298/1746 1672/2297/1745
f 1671/2299/1734 1719/2300/1733 1725/2298/1746
f 1726/2301/1747 1727/2302/1748 1728/2303/1749
f 1726/2301/1747 1728/2303/1749 1729/2304/1750
f 1729/2304/1750 1728/2303/1749 1730/2305/1751
f 1729/2304/1750 1730/2305/1751 1731/2306/1752
f 1730/2305/1751 1732/2307/1753 1731/2306/1752
f 1730/2305/1754 1733/2308/1755 1732/2307/1753
f 1629/2223/1756 1734/2221/1757 1735/2222/1758
f 1629/2223/1756 1627/2220/1759 1734/2221/1757
f 1625/2219/1760 1734/2221/1757 1627/2220/1759
f 1625/2219/1760 1736/2218/1761 1734/2221/1757
f 1625/2219/1760 1737/2217/1762 1736/2218/1761
f 1625/2219/1760 1623/2216/1763 1737/2217/1762
f 1621/2214/1764 1737/2217/1762 1623/2216/1763
f 1621/2214/1764 1738/2215/1765 1737/2217/1762
f 1621/2214/1764 1739/2213/1766 1738/2215/1765
f 1621/2214/1764 1617/2212/1767 1739/2213/1766
f 1619/2210/1768 1739/2213/1766 1617/2212/1767
f 1619/2210/1768 1740/2211/1769 1739/2213/1766
f 1619/2210/1768 1741/2208/1770 1740/2211/1769
f 1619/2210/1768 1742/2209/1771 1741/2208/1770
f 1742/2209/1771 1743/2206/1772 1741/2208/1770
f 1742/2209/1771 1744/2207/1773 1743/2206/1772
f 1685/2205/1688 1743/2206/1772 1744/2207/1773
f 1685/2205/1688 1687/2202/1690 1743/2206/1772
f 1732/2309/1774 1745/2310/1775 1746/2311/1776
f 1732/2309/1774 1746/2311/1776 1731/2312/1777
f 1746/2311/1776 1729/2313/1778 1731/2312/1777
f 1746/2311/1776 1747/2314/1779 1729/2313/1778
f 1729/2313/1778 1747/2314/1779 1748/2315/1780
f 1729/2313/1778 1748/2315/1780 1726/2316/1781
f 1727/2317/1782 1749/2318/1782 1750/2319/1783
f 1727/2317/1782 1750/2319/1783 1728/2320/1784
f 1728/2320/1784 1750/2319/1783 1751/2321/1785
f 1728/2320/1784 1751/2321/1785 1730/2322/1786
f 1751/2321/1785 1733/2323/1787 1730/2322/1786
f 1751/2321/1788 1752/2324/1787 1733/2323/1787
f 1753/2325/1789 1735/2326/1790 1647/2327/1791
f 1753/2325/1789 1754/2328/1792 1735/2326/1790
f 1755/2329/1793 1754/2328/1792 1753/2325/1789
f 1755/2329/1793 1753/2325/1789 1756/2330/1794
f 1757/2331/1795 1755/2329/1793 1756/2330/1794
f 1757/2331/1795 1756/2330/1794 1758/2332/1796
f 1759/2333/1797 1757/2331/1795 1758/2332/1796
f 1759/2333/1797 1758/2332/1796 1760/2334/1798
f 1761/2335/1799 1759/2333/1797 1760/2334/1798
f 1761/2335/1799 1760/2334/1798 1762/2336/1800
f 1763/2337/1801 1761/2335/1799 1762/2336/1800
f 1763/2337/1801 1762/2336/1800 1764/2338/1802
f 1765/2339/1803 1763/2337/1801 1764/2338/1802
f 1765/2339/1803 1764/2338/1802 1766/2340/1803
f 1717/2244/1804 1716/2243/1805 1715/2242/1805
f 1717/2244/1804 1715/2242/1805 1714/2245/1806
f 1714/2245/1806 1718/2246/1807 1717/2244/1804
f 1714/2245/1806 1719/2247/1808 1718/2246/1807
f 1714/2245/1806 1725/2248/1809 1719/2247/1808
f 1714/2245/1806 1713/2249/1810 1725/2248/1809
f 1713/2249/1810 1724/2250/1811 1725/2248/1809
f 1713/2249/1810 1712/2251/1812 1724/2250/1811
f 1712/2251/1812 1723/2253/1813 1724/2250/1811
f 1712/2251/1812 1711/2252/1814 1723/2253/1813
f 1711/2252/1814 1722/2254/1815 1723/2253/1813
f 1711/2252/1814 1710/2341/1816 1722/2254/1815
f 1721/2256/1817 1722/2254/1815 1710/2341/1816
f 1709/2257/1818 1721/2256/1817 1710/2341/1816
f 1709/2257/1818 1720/2258/1819 1721/2256/1817
f 1707/2259/1820 1720/2258/1819 1709/2257/1818
f 1707/2259/1820 1708/2260/1821 1720/2258/1819
f 1745/2342/1822 1752/2343/1823 1751/2344/1824
f 1745/2342/1822 1751/2344/1824 1746/2345/1825
f 1750/2346/1826 1746/2345/1825 1751/2344/1824
f 1750/2346/1826 1747/2347/1827 1746/2345/1825
f 1749/2348/1828 1747/2347/1827 1750/2346/1826
f 1749/2348/1828 1748/2349/1828 1747/2347/1827
f 1767/2350/1829 1768/2351/1830 1769/2352/1831
f 1770/2353/1832 1771/2354/1833 1772/2355/1833
f 1770/2353/1832 1773/2356/1834 1771/2354/1833
f 1774/2357/1835 1773/2356/1834 1770/2353/1832
f 1774/2357/1835 1775/2358/1836 1773/2356/1834
f 1776/2359/1837 1775/2358/1836 1774/2357/1835
f 1776/2359/1837 1774/2357/1835 1777/2360/1838
f 1778/2361/1839 1776/2359/1837 1777/2360/1838
f 1778/2361/1839 1777/2360/1838 1768/2351/1830
f 1767/2350/1829 1778/2361/1839 1768/2351/1830
f 1778/2361/1839 1767/2350/1829 1779/2362/1840
f 1767/2350/1829 1780/2363/1841 1779/2362/1840
f 1767/2350/1829 1781/2364/1842 1780/2363/1841
f 1781/2364/1842 1782/2365/1843 1780/2363/1841
f 1783/2366/1844 1780/2363/1841 1782/2365/1843
f 1783/2366/1844 1784/2367/1845 1780/2363/1841
f 1783/2366/1844 1785/2368/1846 1784/2367/1845
f 1786/2369/1847 1784/2367/1845 1785/2368/1846
f 1786/2369/1847 1787/2370/1848 1784/2367/1845
f 1787/2370/1848 1786/2369/1847 1788/2371/1849
f 1787/2370/1848 1788/2371/1849 1789/2372/1850
f 1790/2301/1851 1791/2303/1852 1792/2302/1851
f 1790/2301/1851 1793/2304/1853 1791/2303/1854
f 1794/2305/1855 1791/2303/1854 1793/2304/1853
f 1794/2305/1855 1793/2304/1853 1795/2306/1856
f 1796/2307/1857 1794/2305/1855 1795/2306/1856
f 1796/2307/1857 1797/2308/1858 1794/2305/1855
f 1798/2373/1859 1799/2374/1860 1800/2375/1861
f 1801/2376/1862 1802/2377/1863 1803/2378/1864
f 1801/2376/1862 1803/2378/1864 1804/2379/1865
f 1804/2379/1865 1803/2378/1864 1805/2380/1866
f 1804/2379/1865 1805/2380/1866 1806/2381/1867
f 1806/2381/1867 1805/2380/1866 1807/2382/1868
f 1806/2381/1867 1807/2382/1868 1808/2383/1869
f 1798/2373/1859 1808/2383/1869 1807/2382/1868
f 1798/2373/1859 1807/2382/1868 1809/2384/1870
f 1810/2385/1871 1798/2373/1859 1809/2384/1870
f 1798/2373/1859 1810/2385/1871 1799/2374/1860
f 1811/2386/1872 1799/2374/1860 1810/2385/1871
f 1811/2386/1872 1812/2387/1873 1799/2374/1860
f 1811/2386/1872 1813/2388/1874 1812/2387/1873
f 1811/2386/1872 1814/2389/1875 1813/2388/1874
f 1811/2386/1872 1815/2390/1876 1814/2389/1875
f 1815/2390/1876 1816/2391/1877 1814/2389/1875
f 1817/2392/1878 1816/2391/1877 1815/2390/1876
f 1817/2392/1878 1818/2393/1879 1816/2391/1877
f 1817/2392/1878 1819/2394/1880 1818/2393/1879
f 1817/2392/1878 1820/2395/1881 1819/2394/1880
f 1788/2396/1849 1819/2394/1880 1820/2395/1881
f 1788/2396/1849 1820/2395/1881 1789/2397/1850
f 1796/2309/1882 1821/2311/1883 1822/2310/1882
f 1796/2309/1882 1795/2312/1884 1821/2311/1883
f 1793/2313/1885 1821/2311/1883 1795/2312/1884
f 1793/2313/1885 1823/2314/1886 1821/2311/1883
f 1793/2313/1885 1824/2315/1887 1823/2314/1886
f 1793/2313/1888 1790/2316/1889 1824/2315/1890
f 1792/2317/1891 1825/2319/1892 1826/2318/1893
f 1792/2317/1891 1791/2320/1894 1825/2319/1892
f 1791/2320/1894 1827/2321/1895 1825/2319/1892
f 1791/2320/1894 1794/2322/1896 1827/2321/1895
f 1797/2323/1897 1827/2321/1895 1794/2322/1896
f 1797/2323/1897 1828/2324/1897 1827/2321/1895
f 1829/2351/1898 1830/2350/1899 1831/2352/1900
f 1832/2353/1901 1833/2355/1902 1834/2354/1902
f 1832/2353/1901 1834/2354/1902 1835/2356/1903
f 1836/2357/1904 1832/2353/1901 1835/2356/1903
f 1836/2357/1904 1835/2356/1903 1837/2358/1905
f 1836/2357/1904 1837/2358/1905 1838/2359/1906
f 1836/2357/1904 1838/2359/1906 1839/2360/1907
f 1839/2360/1907 1838/2359/1906 1840/2361/1908
f 1839/2360/1907 1840/2361/1908 1829/2351/1898
f 1841/2362/1909 1829/2351/1898 1840/2361/1908
f 1830/2350/1899 1829/2351/1898 1841/2362/1909
f 1830/2350/1899 1841/2362/1909 1842/2363/1910
f 1830/2350/1899 1842/2363/1910 1843/2364/1911
f 1843/2364/1911 1842/2363/1910 1844/2365/1912
f 1842/2363/1910 1845/2366/1913 1844/2365/1912
f 1842/2363/1910 1846/2367/1914 1845/2366/1913
f 1845/2366/1913 1846/2367/1914 1847/2368/1915
f 1846/2367/1914 1848/2369/1916 1847/2368/1915
f 1846/2367/1914 1849/2370/1917 1848/2369/1916
f 1849/2370/1917 1850/2371/1918 1848/2369/1916
f 1849/2370/1917 1851/2372/1919 1850/2371/1918
f 1822/2342/1920 1827/2344/1921 1828/2343/1922
f 1822/2342/1920 1821/2345/1923 1827/2344/1924
f 1821/2345/1923 1825/2346/1925 1827/2344/1924
f 1821/2345/1923 1823/2347/1926 1825/2346/1925
f 1823/2347/1926 1826/2348/1927 1825/2346/1925
f 1823/2347/1928 1824/2349/1927 1826/2348/1927
f 1817/2398/1929 1789/2399/1929 1820/2400/1929
f 1817/2398/1929 1787/2401/1929 1789/2399/1929
f 1815/2402/1930 1787/2401/1929 1817/2398/1929
f 1815/2402/1930 1784/2403/1929 1787/2401/1929
f 1811/2404/1931 1784/2403/1929 1815/2402/1930
f 1811/2404/1931 1780/2405/1932 1784/2403/1929
f 1810/2406/1933 1780/2405/1932 1811/2404/1931
f 1810/2406/1933 1779/2407/1934 1780/2405/1932
f 1809/2408/1935 1779/2407/1934 1810/2406/1933
f 1809/2408/1935 1778/2409/1936 1779/2407/1934
f 1809/2408/1935 1776/2410/1937 1778/2409/1936
f 1809/2408/1935 1807/2411/1938 1776/2410/1939
f 1800/2412/1940 1768/2413/1941 1798/2414/1942
f 1800/2412/1940 1769/2415/1943 1768/2413/1941
f 1768/2416/1944 1808/2417/1945 1798/2418/1946
f 1768/2416/1944 1777/2419/1947 1808/2417/1945
f 1774/2420/1948 1808/2417/1945 1777/2419/1947
f 1774/2420/1948 1806/2421/1949 1808/2417/1945
f 1770/2422/1950 1806/2421/1949 1774/2420/1948
f 1770/2422/1950 1804/2423/1951 1806/2421/1949
f 1852/2382/1952 1853/2380/1953 1854/2381/1954
f 1853/2380/1953 1855/2379/1955 1854/2381/1954
f 1853/2380/1953 1856/2378/1956 1855/2379/1955
f 1856/2378/1957 1857/2376/1958 1855/2379/1959
f 1856/2378/1957 1858/2377/1958 1857/2376/1958
f 1850/2396/1918 1851/2397/1919 1859/2395/1960
f 1850/2396/1918 1859/2395/1960 1860/2394/1961
f 1861/2392/1962 1860/2394/1961 1859/2395/1960
f 1861/2392/1962 1862/2393/1963 1860/2394/1961
f 1863/2391/1964 1862/2393/1963 1861/2392/1962
f 1863/2391/1964 1861/2392/1962 1864/2390/1965
f 1864/2390/1965 1865/2389/1966 1863/2391/1964
f 1866/2386/1967 1865/2389/1966 1864/2390/1965
f 1866/2386/1967 1867/2388/1968 1865/2389/1966
f 1866/2386/1967 1868/2387/1969 1867/2388/1968
f 1869/2374/1970 1868/2387/1969 1866/2386/1967
f 1869/2374/1970 1866/2386/1967 1870/2385/1971
f 1870/2385/1971 1871/2375/1972 1869/2374/1970
f 1871/2375/1972 1870/2385/1971 1872/2373/1973
f 1872/2373/1973 1870/2385/1971 1873/2384/1974
f 1872/2373/1973 1873/2384/1974 1852/2382/1952
f 1872/2373/1973 1852/2382/1952 1874/2383/1975
f 1852/2382/1952 1854/2381/1954 1874/2383/1975
f 1767/2424/1976 1769/2425/1977 1800/2426/1978
f 1767/2424/1976 1800/2426/1978 1799/2427/1979
f 1799/2427/1979 1781/2428/1980 1767/2424/1976
f 1799/2427/1979 1812/2429/1981 1781/2428/1980
f 1812/2429/1981 1782/2430/1982 1781/2428/1980
f 1812/2429/1981 1813/2431/1982 1782/2430/1982
f 1782/2430/1982 1813/2431/1982 1814/2432/1983
f 1782/2430/1982 1814/2432/1983 1783/2433/1983
f 1783/2433/1983 1814/2432/1983 1816/2434/1984
f 1783/2433/1983 1816/2434/1984 1785/2435/1984
f 1785/2435/1984 1816/2434/1984 1818/2436/1985
f 1785/2435/1984 1818/2436/1985 1786/2437/1985
f 1818/2436/1985 1788/2438/1986 1786/2437/1985
f 1818/2436/1985 1819/2439/1987 1788/2438/1986
f 1851/2399/1988 1861/2398/1988 1859/2400/1988
f 1851/2399/1988 1849/2401/1988 1861/2398/1988
f 1849/2401/1988 1864/2402/1988 1861/2398/1988
f 1849/2401/1988 1846/2403/1988 1864/2402/1988
f 1846/2403/1988 1866/2404/1988 1864/2402/1988
f 1846/2403/1988 1842/2405/1988 1866/2404/1988
f 1842/2405/1988 1870/2406/1988 1866/2404/1988
f 1842/2405/1988 1841/2407/1988 1870/2406/1988
f 1873/2408/1988 1870/2406/1988 1841/2407/1988
f 1873/2408/1988 1841/2407/1988 1840/2409/1988
f 1873/2408/1988 1840/2409/1988 1838/2410/1988
f 1873/2408/1988 1838/2410/1988 1852/2411/1989
f 1875/2374/1990 1876/2373/1991 1877/2375/1992
f 1878/2396/1993 1879/2397/1994 1880/2395/1995
f 1878/2396/1993 1880/2395/1995 1881/2394/1996
f 1882/2392/1997 1881/2394/1996 1880/2395/1995
f 1882/2392/1997 1883/2393/1998 1881/2394/1996
f 1884/2391/1999 1883/2393/1998 1882/2392/1997
f 1884/2391/1999 1882/2392/1997 1885/2390/2000
f 1885/2390/2000 1886/2389/2001 1884/2391/1999
f 1887/2386/2002 1886/2389/2001 1885/2390/2000
f 1887/2386/2002 1888/2388/2003 1886/2389/2001
f 1887/2386/2002 1889/2387/2004 1888/2388/2003
f 1875/2374/1990 1889/2387/2004 1887/2386/2002
f 1875/2374/1990 1887/2386/2002 1890/2385/2005
f 1891/2384/2006 1875/2374/1990 1890/2385/2005
f 1875/2374/1990 1891/2384/2006 1876/2373/1991
f 1876/2373/1991 1891/2384/2006 1892/2382/2007
f 1876/2373/1991 1892/2382/2007 1893/2383/2008
f 1892/2382/2007 1894/2381/2009 1893/2383/2008
f 1892/2382/2007 1895/2380/2010 1894/2381/2009
f 1895/2380/2010 1896/2379/2011 1894/2381/2009
f 1895/2380/2010 1897/2378/2012 1896/2379/2011
f 1897/2378/2012 1898/2376/2013 1896/2379/2011
f 1897/2378/2012 1899/2377/2014 1898/2376/2013
f 1898/2376/2013 1899/2377/2014 1900/2354/2015
f 1898/2376/2013 1900/2354/2015 1901/2355/2016
f 1902/2353/2017 1901/2355/2016 1900/2354/2015
f 1902/2353/2017 1900/2354/2015 1903/2356/2018
f 1904/2357/2019 1902/2353/2017 1903/2356/2018
f 1904/2357/2019 1903/2356/2018 1905/2358/2020
f 1904/2357/2019 1905/2358/2020 1906/2359/2021
f 1904/2357/2019 1906/2359/2021 1907/2360/2022
f 1907/2360/2022 1906/2359/2021 1908/2361/2023
f 1907/2360/2022 1908/2361/2023 1909/2351/2024
f 1910/2362/2025 1909/2351/2024 1908/2361/2023
f 1909/2351/2024 1910/2362/2025 1911/2350/2026
f 1911/2350/2026 1910/2362/2025 1912/2363/2027
f 1911/2350/2026 1912/2363/2027 1913/2364/2028
f 1909/2351/2024 1911/2350/2026 1914/2352/2029
f 1913/2364/2028 1912/2363/2027 1915/2365/2030
f 1912/2363/2027 1916/2366/2031 1915/2365/2030
f 1912/2363/2027 1917/2367/2032 1916/2366/2031
f 1916/2366/2031 1917/2367/2032 1918/2368/2033
f 1917/2367/2032 1919/2369/2034 1918/2368/2033
f 1917/2367/2032 1920/2370/2035 1919/2369/2034
f 1920/2370/2035 1878/2371/1993 1919/2369/2034
f 1920/2370/2035 1879/2372/1994 1878/2371/1993
f 1921/2440/2036 1922/2441/2037 1923/2442/2038
f 1924/2443/2039 1925/2444/2040 1926/2445/2041
f 1924/2443/2039 1927/2446/2042 1925/2444/2040
f 1927/2446/2042 1928/2447/2043 1925/2444/2040
f 1927/2446/2042 1929/2448/2044 1928/2447/2043
f 1929/2448/2044 1923/2442/2038 1928/2447/2043
f 1929/2448/2044 1930/2449/2045 1923/2442/2038
f 1921/2440/2036 1923/2442/2038 1930/2449/2045
f 1921/2440/2036 1930/2449/2045 1931/2450/2046
f 1921/2440/2036 1931/2450/2046 1932/2451/2047
f 1930/2449/2045 1933/2452/2048 1931/2450/2046
f 1930/2449/2045 1929/2448/2044 1933/2452/2048
f 1927/2446/2042 1933/2452/2048 1929/2448/2044
f 1927/2446/2042 1934/2453/2049 1933/2452/2048
f 1924/2443/2039 1934/2453/2049 1927/2446/2042
f 1924/2443/2039 1935/2454/2050 1934/2453/2049
f 1829/2413/2051 1871/2412/2052 1872/2414/2052
f 1829/2413/2051 1831/2415/2051 1871/2412/2052
f 1854/2421/2053 1855/2423/2053 1832/2422/2053
f 1854/2421/2053 1832/2422/2054 1836/2420/2053
f 1874/2417/2055 1854/2421/2053 1836/2420/2053
f 1874/2417/2055 1836/2420/2053 1839/2419/2055
f 1829/2416/2056 1874/2417/2055 1839/2419/2055
f 1829/2416/2056 1872/2418/2056 1874/2417/2055
f 1936/2455/2057 1937/2456/2058 1938/2457/2059
f 1936/2455/2057 1939/2458/2060 1937/2456/2058
f 1939/2458/2060 1936/2455/2057 1940/2459/2061
f 1939/2458/2060 1940/2459/2061 1941/2460/2062
f 1940/2459/2061 1942/2461/2063 1941/2460/2062
f 1942/2461/2063 1943/2462/2064 1941/2460/2062
f 1942/2461/2063 1944/2463/2065 1943/2462/2064
f 1945/2464/2066 1943/2462/2064 1944/2463/2065
f 1945/2464/2066 1946/2465/2067 1943/2462/2064
f 1945/2464/2066 1947/2466/2068 1946/2465/2067
f 1947/2466/2068 1948/2467/2069 1946/2465/2067
f 1947/2466/2068 1949/2468/2070 1948/2467/2069
f 1949/2469/2070 1950/2470/2071 1948/2471/2069
f 1949/2469/2070 1951/2472/2072 1950/2470/2071
f 1951/2472/2072 1952/2473/2073 1950/2470/2071
f 1953/2474/2074 1950/2470/2071 1952/2473/2073
f 1953/2474/2074 1954/2475/2075 1950/2470/2071
f 1954/2475/2075 1953/2474/2074 1955/2476/2076
f 1954/2475/2075 1955/2476/2076 1956/2477/2077
f 1955/2476/2076 1957/2478/2078 1956/2477/2077
f 1957/2478/2078 1958/2479/2079 1956/2477/2077
f 1957/2478/2078 1959/2480/2080 1958/2479/2079
f 1960/2481/2081 1958/2479/2079 1959/2480/2080
f 1960/2481/2081 1961/2482/2082 1958/2479/2079
f 1960/2481/2081 1962/2483/2083 1961/2482/2082
f 1962/2483/2083 1963/2484/2084 1961/2482/2082
f 1962/2483/2083 1964/2485/2085 1963/2484/2084
f 1964/2485/2085 1937/2456/2058 1963/2484/2084
f 1964/2485/2085 1965/2486/2086 1937/2456/2058
f 1965/2486/2086 1938/2457/2059 1937/2456/2058
f 1862/2436/2087 1850/2438/2088 1860/2439/2088
f 1862/2436/2087 1848/2437/2087 1850/2438/2088
f 1862/2436/2087 1847/2435/2089 1848/2437/2087
f 1862/2436/2087 1863/2434/2089 1847/2435/2089
f 1845/2433/2090 1847/2435/2089 1863/2434/2089
f 1845/2433/2090 1863/2434/2089 1865/2432/2090
f 1844/2430/2091 1845/2433/2090 1865/2432/2090
f 1844/2430/2091 1865/2432/2090 1867/2431/2091
f 1844/2430/2091 1867/2431/2091 1868/2429/2092
f 1844/2430/2091 1868/2429/2092 1843/2428/2092
f 1869/2427/2093 1843/2428/2092 1868/2429/2092
f 1869/2427/2093 1830/2424/2093 1843/2428/2092
f 1871/2426/2094 1830/2424/2093 1869/2427/2093
f 1871/2426/2094 1831/2425/2095 1830/2424/2093
f 1941/2442/2096 1943/2441/2097 1946/2440/2098
f 1937/2444/2099 1961/2443/2100 1963/2445/2101
f 1937/2444/2099 1966/2446/2102 1961/2443/2100
f 1939/2447/2103 1966/2446/2102 1937/2444/2099
f 1939/2447/2103 1967/2448/2104 1966/2446/2102
f 1967/2448/2104 1939/2447/2103 1941/2442/2096
f 1967/2448/2104 1941/2442/2096 1968/2449/2105
f 1941/2442/2096 1946/2440/2098 1968/2449/2105
f 1950/2450/2106 1968/2449/2105 1946/2440/2098
f 1950/2450/2106 1946/2440/2098 1948/2451/2107
f 1968/2449/2105 1950/2450/2106 1954/2452/2108
f 1968/2449/2105 1954/2452/2108 1967/2448/2104
f 1954/2452/2108 1966/2446/2102 1967/2448/2104
f 1954/2452/2108 1956/2453/2109 1966/2446/2102
f 1956/2453/2109 1961/2443/2100 1966/2446/2102
f 1956/2453/2109 1958/2454/2110 1961/2443/2100
f 1879/2399/2111 1882/2398/2111 1880/2400/2111
f 1879/2399/2111 1920/2401/2111 1882/2398/2111
f 1920/2401/2111 1885/2402/2111 1882/2398/2111
f 1920/2401/2111 1917/2403/2111 1885/2402/2111
f 1917/2403/2111 1887/2404/2111 1885/2402/2111
f 1917/2403/2111 1912/2405/2111 1887/2404/2111
f 1912/2405/2111 1890/2406/2111 1887/2404/2111
f 1912/2405/2111 1910/2407/2111 1890/2406/2111
f 1891/2408/2112 1890/2406/2111 1910/2407/2111
f 1891/2408/2112 1910/2407/2111 1908/2409/2113
f 1891/2408/2112 1908/2409/2113 1906/2410/2111
f 1891/2408/2112 1906/2410/2111 1892/2411/2111
f 1895/2487/2111 1892/2411/2111 1906/2410/2111
f 1895/2487/2111 1906/2410/2111 1905/2488/2111
f 1897/2489/2111 1895/2487/2111 1905/2488/2111
f 1897/2489/2111 1905/2488/2111 1903/2490/2111
f 1899/2491/2112 1897/2489/2111 1903/2490/2111
f 1899/2491/2112 1903/2490/2111 1900/2492/2111
f 1909/2413/2114 1877/2412/2115 1876/2414/2115
f 1909/2413/2114 1914/2415/2116 1877/2412/2115
f 1896/2423/2117 1898/2493/2118 1901/2494/2118
f 1896/2423/2117 1901/2494/2118 1902/2422/2119
f 1894/2421/2117 1896/2423/2117 1902/2422/2119
f 1894/2421/2117 1902/2422/2119 1904/2420/2117
f 1893/2417/2120 1894/2421/2117 1904/2420/2117
f 1893/2417/2120 1904/2420/2117 1907/2419/2120
f 1909/2416/2121 1893/2417/2120 1907/2419/2120
f 1909/2416/2121 1876/2418/2121 1893/2417/2120
f 1969/2459/2122 1970/2461/2123 1971/2460/2124
f 1970/2461/2123 1972/2462/2125 1971/2460/2124
f 1970/2461/2123 1973/2463/2126 1972/2462/2125
f 1974/2464/2127 1972/2462/2125 1973/2463/2126
f 1974/2464/2127 1975/2465/2128 1972/2462/2125
f 1974/2464/2127 1976/2466/2129 1975/2465/2128
f 1976/2466/2129 1977/2467/2130 1975/2465/2128
f 1976/2466/2129 1978/2468/2131 1977/2467/2130
f 1978/2469/2131 1979/2470/2132 1977/2471/2130
f 1978/2469/2131 1980/2472/2133 1979/2470/2132
f 1980/2472/2133 1981/2473/2134 1979/2470/2132
f 1981/2473/2134 1982/2477/2135 1979/2470/2132
f 1981/2473/2134 1983/2476/2136 1982/2477/2135
f 1983/2476/2136 1984/2478/2137 1982/2477/2135
f 1984/2478/2137 1985/2479/2138 1982/2477/2135
f 1984/2478/2137 1986/2480/2139 1985/2479/2138
f 1987/2481/2140 1985/2479/2138 1986/2480/2139
f 1987/2481/2140 1988/2482/2141 1985/2479/2138
f 1987/2481/2140 1989/2483/2142 1988/2482/2141
f 1989/2483/2142 1990/2484/2143 1988/2482/2141
f 1989/2483/2142 1991/2485/2144 1990/2484/2143
f 1991/2485/2144 1992/2456/2145 1990/2484/2143
f 1991/2485/2144 1993/2486/2146 1992/2456/2145
f 1993/2486/2146 1994/2457/2147 1992/2456/2145
f 1994/2457/2147 1971/2460/2124 1992/2456/2145
f 1994/2457/2147 1969/2459/2122 1971/2460/2124
f 1883/2436/2148 1878/2438/2149 1881/2439/2150
f 1883/2436/2148 1919/2437/2148 1878/2438/2149
f 1883/2436/2148 1918/2435/2151 1919/2437/2148
f 1883/2436/2148 1884/2434/2151 1918/2435/2151
f 1916/2433/2152 1918/2435/2151 1884/2434/2151
f 1916/2433/2152 1884/2434/2151 1886/2432/2152
f 1915/2430/2153 1916/2433/2152 1886/2432/2152
f 1915/2430/2153 1886/2432/2152 1888/2431/2153
f 1915/2430/2153 1888/2431/2153 1889/2429/2154
f 1915/2430/2153 1889/2429/2154 1913/2428/2154
f 1875/2427/2155 1913/2428/2154 1889/2429/2154
f 1875/2427/2155 1911/2424/2156 1913/2428/2154
f 1877/2426/2157 1911/2424/2156 1875/2427/2155
f 1877/2426/2157 1914/2425/2158 1911/2424/2156
f 1971/2442/2159 1972/2441/2160 1975/2440/2161
f 1992/2444/2162 1988/2443/2163 1990/2445/2164
f 1992/2444/2162 1995/2446/2165 1988/2443/2163
f 1971/2442/2159 1995/2446/2165 1992/2444/2162
f 1971/2442/2159 1996/2449/2166 1995/2446/2165
f 1971/2442/2159 1975/2440/2161 1996/2449/2166
f 1979/2450/2167 1996/2449/2166 1975/2440/2161
f 1979/2450/2167 1975/2440/2161 1977/2451/2168
f 1996/2449/2166 1979/2450/2167 1982/2453/2169
f 1996/2449/2166 1982/2453/2169 1995/2446/2165
f 1982/2453/2169 1988/2443/2163 1995/2446/2165
f 1982/2453/2169 1985/2454/2170 1988/2443/2163
f 1997/2495/2171 1998/2496/2172 1999/2497/2173
f 1997/2495/2171 2000/2498/2174 1998/2496/2172
f 2001/2499/2175 2000/2498/2174 1997/2495/2171
f 2001/2499/2175 2002/2500/2176 2000/2498/2174
f 2003/2501/2177 2002/2500/2176 2001/2499/2175
f 2003/2501/2177 2001/2499/2175 2004/2502/2178
f 2005/2503/2179 2003/2501/2177 2004/2502/2178
f 2005/2503/2179 2006/2504/2180 2003/2501/2177
f 2006/2504/2180 2005/2503/2179 2007/2505/2181
f 2006/2504/2180 2007/2505/2181 2008/2506/2182
f 2009/2507/2183 2008/2506/2182 2007/2505/2181
f 2009/2507/2183 2010/2508/2184 2008/2506/2182
f 2011/2478/2185 2012/2479/2186 2013/2480/2187
f 2011/2478/2185 2014/2477/2188 2012/2479/2186
f 2015/2476/2189 2014/2477/2188 2011/2478/2185
f 2016/2473/2190 2014/2477/2188 2015/2476/2189
f 2016/2473/2190 2017/2470/2191 2014/2477/2188
f 2018/2472/2192 2017/2470/2191 2016/2473/2190
f 2019/2469/2193 2017/2470/2191 2018/2472/2192
f 2019/2469/2193 2020/2471/2194 2017/2470/2191
f 2021/2466/2195 2020/2467/2194 2019/2468/2193
f 2021/2466/2195 2022/2465/2196 2020/2467/2194
f 2023/2464/2197 2022/2465/2196 2021/2466/2195
f 2024/2462/2198 2022/2465/2196 2023/2464/2197
f 2024/2462/2198 2023/2464/2197 2025/2463/2199
f 2026/2461/2200 2024/2462/2198 2025/2463/2199
f 2026/2461/2200 2027/2460/2201 2024/2462/2198
f 2028/2459/2202 2027/2460/2201 2026/2461/2200
f 2029/2457/2203 2027/2460/2201 2028/2459/2202
f 2029/2457/2203 2030/2456/2204 2027/2460/2201
f 2031/2486/2205 2030/2456/2204 2029/2457/2203
f 2032/2485/2206 2030/2456/2204 2031/2486/2205
f 2032/2485/2206 2033/2484/2207 2030/2456/2204
f 2034/2483/2208 2033/2484/2207 2032/2485/2206
f 2034/2483/2208 2035/2482/2209 2033/2484/2207
f 2036/2481/2210 2035/2482/2209 2034/2483/2208
f 2012/2479/2186 2035/2482/2209 2036/2481/2210
f 2012/2479/2186 2036/2481/2210 2013/2480/2187
f 2037/2509/2211 2038/2510/2212 2039/2511/2213
f 2037/2509/2211 2040/2512/2214 2038/2510/2215
f 2038/2510/2215 2040/2512/2214 2041/2513/2216
f 2038/2510/2215 2041/2513/2216 2042/2514/2217
f 2042/2514/2217 2041/2513/2216 2043/2515/2218
f 2042/2514/2217 2043/2515/2218 2044/2516/2219
f 2044/2516/2219 2043/2515/2218 2045/2517/2220
f 2044/2516/2219 2045/2517/2220 2046/2518/2221
f 2045/2517/2220 2047/2519/2222 2046/2518/2221
f 2045/2517/2223 2048/2520/2224 2047/2519/2222
f 2049/2521/2225 2050/2522/2226 2051/2523/2227
f 2049/2521/2225 2051/2523/2227 2052/2524/2228
f 2049/2521/2225 2052/2524/2228 2053/2525/2229
f 2054/2526/2230 2049/2521/2225 2053/2525/2229
f 2054/2526/2230 2055/2527/2231 2049/2521/2225
f 2054/2526/2230 2056/2528/2232 2055/2527/2231
f 2054/2526/2230 2057/2529/2233 2056/2528/2232
f 2056/2528/2232 2057/2529/2233 2058/2530/2234
f 2056/2528/2232 2058/2530/2234 2059/2531/2235
f 2022/2440/2236 2024/2441/2237 2027/2442/2238
f 2035/2443/2239 2030/2444/2240 2033/2445/2241
f 2035/2443/2239 2060/2446/2242 2030/2444/2240
f 2060/2446/2242 2027/2442/2238 2030/2444/2240
f 2060/2446/2242 2061/2449/2243 2027/2442/2238
f 2022/2440/2236 2027/2442/2238 2061/2449/2243
f 2022/2440/2236 2061/2449/2243 2017/2450/2244
f 2022/2440/2236 2017/2450/2244 2020/2451/2245
f 2061/2449/2243 2014/2453/2246 2017/2450/2244
f 2061/2449/2243 2060/2446/2242 2014/2453/2246
f 2035/2443/2239 2014/2453/2246 2060/2446/2242
f 2035/2443/2239 2012/2454/2247 2014/2453/2246
f 2051/2532/2248 2062/2533/2249 2063/2534/2250
f 2051/2532/2248 2050/2535/2251 2062/2533/2249
f 2050/2535/2251 2064/2536/2252 2062/2533/2249
f 2050/2535/2251 2049/2537/2253 2064/2536/2252
f 2049/2538/2253 2065/2539/2254 2064/2540/2252
f 2049/2538/2253 2055/2541/2255 2065/2539/2254
f 2065/2539/2254 2055/2541/2255 2056/2542/2256
f 2065/2539/2254 2056/2542/2256 2066/2543/2257
f 2059/2544/2258 2066/2543/2257 2056/2542/2256
f 2059/2544/2258 2067/2545/2259 2066/2543/2257
f 2067/2545/2259 2059/2544/2258 2058/2546/2260
f 2067/2545/2259 2058/2546/2260 2068/2547/2261
f 2057/2548/2262 2068/2547/2261 2058/2546/2260
f 2057/2548/2262 2069/2549/2263 2068/2547/2261
f 2069/2549/2263 2057/2548/2262 2054/2550/2264
f 2069/2549/2263 2054/2550/2264 2070/2551/2265
f 2070/2551/2265 2054/2550/2264 2053/2552/2266
f 2070/2551/2265 2053/2552/2266 2071/2553/2267
f 2071/2553/2267 2053/2552/2266 2052/2554/2268
f 2071/2553/2267 2052/2554/2268 2072/2555/2269
f 2052/2554/2268 2063/2534/2250 2072/2555/2269
f 2052/2554/2268 2051/2532/2248 2063/2534/2250
f 2073/2507/2270 2074/2506/2271 2075/2508/2272
f 2073/2507/2273 2076/2505/2274 2074/2506/2271
f 2076/2505/2274 2077/2504/2275 2074/2506/2271
f 2076/2505/2274 2078/2503/2276 2077/2504/2275
f 2078/2503/2276 2079/2501/2277 2077/2504/2275
f 2078/2503/2276 2080/2502/2278 2079/2501/2277
f 2081/2499/2279 2079/2501/2277 2080/2502/2278
f 2081/2499/2279 2082/2500/2280 2079/2501/2277
f 2081/2499/2279 2083/2498/2281 2082/2500/2280
f 2081/2499/2279 2084/2495/2282 2083/2498/2281
f 2084/2495/2282 2085/2496/2283 2083/2498/2281
f 2084/2495/2284 2086/2497/2285 2085/2496/2285
f 2087/2556/2286 2076/2557/2287 2073/2558/2286
f 2087/2556/2286 2088/2559/2288 2076/2557/2287
f 2076/2557/2289 2088/2559/2288 2089/2560/2290
f 2076/2557/2289 2089/2560/2290 2080/2561/2291
f 2089/2560/2290 2081/2562/2292 2080/2561/2291
f 2084/2563/2293 2081/2562/2292 2089/2560/2290
f 2084/2563/2293 2089/2560/2290 2090/2564/2294
f 2090/2564/2294 2086/2565/2295 2084/2563/2293
f 2090/2564/2294 2091/2566/2296 2086/2565/2295
f 2091/2566/2297 2092/2567/2298 2086/2565/2295
f 2091/2566/2297 2093/2568/2298 2092/2567/2298
f 2080/2561/2291 2078/2569/2299 2076/2557/2289
f 2004/2561/2300 2007/2557/2301 2005/2569/2302
f 2042/2566/2303 2039/2567/2304 2038/2568/2305
f 2042/2566/2306 1999/2565/2307 2039/2567/2308
f 2044/2564/2309 1999/2565/2307 2042/2566/2306
f 2044/2564/2309 1997/2563/2310 1999/2565/2307
f 1997/2563/2310 2044/2564/2309 2046/2560/2311
f 1997/2563/2310 2046/2560/2311 2001/2562/2312
f 2046/2560/2311 2004/2561/2300 2001/2562/2312
f 2046/2560/2311 2007/2557/2301 2004/2561/2300
f 2046/2560/2311 2047/2559/2313 2007/2557/2301
f 2094/2556/2314 2007/2557/2301 2047/2559/2313
f 2094/2556/2314 2009/2558/2315 2007/2557/2301
f 2095/2570/2316 2096/2571/2317 2097/2572/2318
f 2095/2570/2316 2097/2572/2318 2098/2573/2319
f 2095/2570/2316 2098/2573/2319 2099/2574/2320
f 2095/2570/2316 2099/2574/2320 2100/2575/2321
f 2100/2575/2321 2099/2574/2320 2101/2576/2322
f 2100/2575/2321 2101/2576/2322 2102/2577/2323
f 2103/2578/2324 2102/2577/2323 2101/2576/2322
f 2101/2576/2322 2104/2579/2325 2103/2578/2324
f 2101/2576/2322 2105/2580/2326 2104/2579/2325
f 2099/2539/2327 2098/2543/2328 2106/2542/2329
f 2099/2539/2327 2106/2542/2329 2107/2541/2330
f 2099/2539/2327 2107/2541/2330 2108/2538/2331
f 2099/2539/2327 2108/2538/2331 2101/2540/2332
f 2109/2535/2333 2101/2536/2332 2108/2537/2331
f 2109/2535/2333 2105/2533/2334 2101/2536/2332
f 2105/2533/2334 2109/2535/2333 2110/2532/2335
f 2105/2533/2334 2110/2532/2335 2104/2534/2336
f 2111/2554/2337 2104/2534/2336 2110/2532/2335
f 2111/2554/2337 2103/2555/2338 2104/2534/2336
f 2102/2553/2339 2103/2555/2338 2111/2554/2337
f 2102/2553/2339 2111/2554/2337 2112/2552/2340
f 2100/2551/2341 2102/2553/2339 2112/2552/2340
f 2100/2551/2341 2112/2552/2340 2113/2550/2342
f 2095/2549/2343 2100/2551/2341 2113/2550/2342
f 2095/2549/2343 2113/2550/2342 2114/2548/2344
f 2096/2547/2345 2095/2549/2343 2114/2548/2344
f 2096/2547/2345 2114/2548/2344 2115/2546/2346
f 2097/2545/2347 2096/2547/2345 2115/2546/2346
f 2097/2545/2347 2115/2546/2346 2116/2544/2348
f 2098/2543/2328 2097/2545/2347 2116/2544/2348
f 2098/2543/2328 2116/2544/2348 2106/2542/2329
f 2117/2581/2349 2118/2582/2350 2119/2583/2351
f 2117/2581/2349 2120/2584/2352 2118/2582/2350
f 2121/2585/2353 2118/2582/2350 2120/2584/2352
f 2121/2585/2353 2120/2584/2352 2122/2586/2354
f 2123/2587/2355 2121/2585/2353 2122/2586/2354
f 2123/2587/2355 2122/2586/2354 2124/2588/2356
f 2125/2589/2357 2123/2587/2355 2124/2588/2356
f 2125/2589/2357 2124/2588/2356 2126/2590/2358
f 2127/2591/2359 2125/2589/2357 2126/2590/2358
f 2127/2591/2359 2126/2590/2358 2128/2592/2360
f 2128/2592/2360 2129/2593/2361 2130/2594/2362
f 2128/2592/2360 2126/2590/2358 2129/2593/2361
f 2126/2590/2358 2131/2595/2363 2129/2593/2361
f 2126/2590/2358 2124/2588/2356 2131/2595/2363
f 2124/2588/2356 2132/2596/2364 2131/2595/2363
f 2124/2588/2356 2122/2586/2354 2132/2596/2364
f 2122/2586/2354 2133/2597/2365 2132/2596/2364
f 2122/2586/2354 2120/2584/2352 2133/2597/2365
f 2120/2584/2352 2134/2598/2366 2133/2597/2365
f 2120/2584/2352 2117/2581/2349 2134/2598/2366
f 2134/2598/2366 2117/2581/2349 2135/2599/2367
f 2135/2599/2367 2117/2581/2349 2119/2583/2351
f 2135/2599/2367 2119/2583/2351 2136/2600/2368
f 2137/2601/2369 2135/2599/2367 2136/2600/2368
f 2138/2602/2370 2135/2599/2367 2137/2601/2369
f 2138/2602/2370 2139/2603/2371 2135/2599/2367
f 2140/2604/2372 2139/2603/2371 2138/2602/2370
f 2134/2598/2366 2135/2599/2367 2141/2605/2373
f 2139/2603/2371 2141/2605/2373 2135/2599/2367
f 2133/2597/2365 2142/2606/2374 2143/2607/2375
f 2132/2596/2364 2133/2597/2365 2143/2607/2375
f 2132/2596/2364 2143/2607/2375 2144/2608/2376
f 2131/2595/2363 2132/2596/2364 2144/2608/2376
f 2131/2595/2363 2144/2608/2376 2145/2609/2377
f 2129/2593/2361 2131/2595/2363 2145/2609/2377
f 2129/2593/2361 2145/2609/2377 2146/2610/2378
f 2130/2594/2362 2129/2593/2361 2146/2610/2378
f 2130/2594/2362 2146/2610/2378 2147/2611/2379
f 2148/2612/2380 2147/2611/2379 2146/2610/2378
f 2148/2612/2380 2149/2613/2381 2147/2611/2379
f 2150/2614/2382 2149/2613/2381 2148/2612/2380
f 2150/2614/2382 2151/2615/2383 2149/2613/2381
f 2150/2614/2382 2152/2616/2384 2151/2615/2383
f 2150/2614/2382 2153/2617/2385 2152/2616/2384
f 2153/2617/2385 2154/2618/2386 2152/2616/2384
f 2153/2617/2385 2155/2619/2387 2154/2618/2386
f 2156/2620/2388 2154/2618/2386 2155/2619/2387
f 2157/2621/2389 2158/2622/2390 2159/2623/2391
f 2157/2621/2389 2159/2623/2391 2160/2624/2392
f 2160/2624/2392 2159/2623/2391 2153/2617/2385
f 2160/2624/2392 2153/2617/2385 2150/2614/2382
f 2148/2612/2380 2160/2624/2392 2150/2614/2382
f 2148/2612/2380 2161/2625/2393 2160/2624/2392
f 2161/2625/2393 2148/2612/2380 2146/2610/2378
f 2161/2625/2393 2146/2610/2378 2145/2609/2377
f 2162/2626/2394 2161/2625/2393 2145/2609/2377
f 2162/2626/2394 2145/2609/2377 2144/2608/2376
f 2143/2607/2375 2162/2626/2394 2144/2608/2376
f 2143/2607/2375 2157/2621/2389 2162/2626/2394
f 2157/2621/2389 2143/2607/2375 2142/2606/2374
f 2157/2621/2389 2142/2606/2374 2163/2627/2395
f 2164/2628/2396 2163/2627/2395 2142/2606/2374
f 2157/2621/2389 2160/2624/2392 2162/2626/2394
f 2160/2624/2392 2161/2625/2393 2162/2626/2394
f 2165/2629/2397 2166/2630/2398 2167/2631/2399
f 2165/2629/2397 2168/2632/2400 2166/2630/2398
f 2169/2633/2401 2166/2630/2398 2168/2632/2400
f 2169/2633/2401 2168/2632/2400 2170/2634/2402
f 2170/2634/2402 2171/2635/2403 2169/2633/2401
f 2170/2634/2402 2172/2636/2404 2171/2635/2403
f 2172/2636/2404 2173/2637/2405 2171/2635/2403
f 2172/2636/2404 2174/2638/2406 2173/2637/2405
f 2174/2638/2406 2158/2622/2390 2173/2637/2405
f 2174/2638/2406 2155/2619/2387 2158/2622/2390
f 2159/2623/2391 2158/2622/2390 2155/2619/2387
f 2159/2623/2391 2155/2619/2387 2153/2617/2385
f 2166/2630/2398 2169/2633/2401 2175/2639/2407
f 2166/2630/2398 2175/2639/2407 2176/2640/2408
f 2177/2641/2409 2166/2630/2398 2176/2640/2408
f 2177/2641/2409 2167/2631/2399 2166/2630/2398
f 2178/2642/2410 2167/2631/2399 2177/2641/2409
f 2179/2643/2411 2178/2642/2410 2180/2644/2412
f 2177/2641/2409 2180/2644/2412 2178/2642/2410
f 2177/2641/2409 2181/2645/2413 2180/2644/2412
f 2176/2640/2408 2181/2645/2413 2177/2641/2409
f 2176/2640/2408 2182/2646/2414 2181/2645/2413
f 2182/2646/2414 2176/2640/2408 2175/2639/2407
f 2182/2646/2414 2175/2639/2407 2183/2647/2415
f 2184/2648/2416 2183/2647/2415 2175/2639/2407
f 2184/2648/2416 2175/2639/2407 2169/2633/2401
f 2184/2648/2416 2169/2633/2401 2171/2635/2403
f 2171/2635/2403 2185/2649/2417 2184/2648/2416
f 2171/2635/2403 2173/2637/2405 2185/2649/2417
f 2185/2649/2417 2173/2637/2405 2158/2622/2390
f 2186/2650/2418 2184/2648/2416 2185/2649/2417
f 2184/2648/2416 2186/2650/2418 2183/2647/2415
f 2187/2651/2419 2183/2647/2415 2186/2650/2418
f 2187/2651/2419 2182/2646/2414 2183/2647/2415
f 2187/2651/2419 2188/2652/2420 2182/2646/2414
f 2188/2652/2420 2181/2645/2413 2182/2646/2414
f 2188/2652/2420 2189/2653/2421 2181/2645/2413
f 2181/2645/2413 2189/2653/2421 2190/2654/2422
f 2181/2645/2413 2190/2654/2422 2180/2644/2412
f 2191/2655/2423 2180/2644/2412 2190/2654/2422
f 2191/2655/2423 2179/2643/2411 2180/2644/2412
f 2179/2643/2411 2191/2655/2423 2192/2656/2424
f 2179/2643/2411 2192/2656/2424 2193/2657/2425
f 2194/2658/2426 2179/2643/2411 2193/2657/2425
f 2179/2643/2411 2194/2658/2426 2178/2642/2410
f 2194/2658/2426 2195/2659/2427 2178/2642/2410
f 2178/2642/2410 2195/2659/2427 2167/2631/2399
f 2195/2659/2427 2165/2629/2397 2167/2631/2399
f 2196/2660/2428 2197/2661/2429 2192/2656/2424
f 2196/2660/2428 2192/2656/2424 2191/2655/2423
f 2196/2660/2428 2191/2655/2423 2198/2662/2430
f 2198/2662/2430 2191/2655/2423 2190/2654/2422
f 2198/2662/2430 2190/2654/2422 2199/2663/2431
f 2200/2664/2432 2199/2663/2431 2190/2654/2422
f 2200/2664/2432 2190/2654/2422 2189/2653/2421
f 2201/2665/2433 2200/2664/2432 2189/2653/2421
f 2201/2665/2433 2189/2653/2421 2188/2652/2420
f 2202/2666/2434 2201/2665/2433 2188/2652/2420
f 2202/2666/2434 2188/2652/2420 2187/2651/2419
f 2202/2666/2434 2187/2651/2419 2203/2667/2435
f 2187/2651/2419 2186/2650/2418 2203/2667/2435
f 2203/2667/2435 2186/2650/2418 2164/2628/2396
f 2186/2650/2418 2185/2649/2417 2164/2628/2396
f 2164/2628/2396 2185/2649/2417 2163/2627/2395
f 2185/2649/2417 2158/2622/2390 2163/2627/2395
f 2157/2621/2389 2163/2627/2395 2158/2622/2390
f 2204/2668/2436 2196/2660/2428 2205/2669/2437
f 2205/2669/2437 2196/2660/2428 2198/2662/2430
f 2205/2669/2437 2198/2662/2430 2206/2670/2438
f 2206/2670/2438 2198/2662/2430 2199/2663/2431
f 2206/2670/2438 2199/2663/2431 2207/2671/2439
f 2208/2672/2440 2207/2671/2439 2199/2663/2431
f 2208/2672/2440 2199/2663/2431 2200/2664/2432
f 2209/2673/2441 2208/2672/2440 2200/2664/2432
f 2209/2673/2441 2200/2664/2432 2201/2665/2433
f 2201/2665/2433 2140/2604/2372 2209/2673/2441
f 2201/2665/2433 2202/2666/2434 2140/2604/2372
f 2140/2604/2372 2202/2666/2434 2139/2603/2371
f 2202/2666/2434 2203/2667/2435 2139/2603/2371
f 2139/2603/2371 2203/2667/2435 2141/2605/2373
f 2203/2667/2435 2164/2628/2396 2141/2605/2373
f 2164/2628/2396 2134/2598/2366 2141/2605/2373
f 2164/2628/2396 2142/2606/2374 2134/2598/2366
f 2133/2597/2365 2134/2598/2366 2142/2606/2374
f 2204/2668/2436 2210/2674/2442 2211/2675/2443
f 2204/2668/2436 2205/2669/2437 2212/2676/2444
f 2210/2674/2442 2204/2668/2436 2212/2676/2444
f 2210/2674/2442 2212/2676/2444 2213/2677/2445
f 2213/2677/2445 2214/2678/2446 2210/2674/2442
f 2213/2677/2445 2215/2679/2447 2214/2678/2446
f 2215/2679/2447 2216/2680/2448 2214/2678/2446
f 2215/2679/2447 2217/2681/2449 2216/2680/2448
f 2217/2681/2449 2218/2682/2450 2216/2680/2448
f 2217/2681/2449 2219/2683/2451 2218/2682/2450
f 2218/2682/2450 2219/2683/2451 2220/2684/2452
f 2218/2682/2450 2220/2684/2452 2221/2685/2453
f 2222/2686/2454 2221/2685/2453 2220/2684/2452
f 2223/2687/2455 2221/2685/2453 2222/2686/2454
f 2223/2687/2455 2224/2688/2456 2221/2685/2453
f 2225/2689/2457 2224/2688/2456 2223/2687/2455
f 2225/2689/2457 2226/2690/2458 2224/2688/2456
f 2227/2691/2459 2226/2690/2458 2225/2689/2457
f 2226/2690/2458 2227/2691/2459 2228/2692/2460
f 2216/2680/2448 2218/2682/2450 2229/2693/2461
f 2218/2682/2450 2221/2685/2453 2229/2693/2461
f 2224/2688/2456 2229/2693/2461 2221/2685/2453
f 2224/2688/2456 2230/2694/2462 2229/2693/2461
f 2231/2695/2463 2229/2693/2461 2230/2694/2462
f 2231/2695/2463 2230/2694/2462 2232/2696/2464
f 2232/2696/2464 2233/2697/2465 2231/2695/2463
f 2232/2696/2464 2234/2698/2466 2233/2697/2465
f 2235/2699/2467 2234/2698/2466 2232/2696/2464
f 2232/2696/2464 2236/2700/2468 2235/2699/2467
f 2237/2701/2469 2235/2699/2467 2236/2700/2468
f 2232/2696/2464 2230/2694/2462 2236/2700/2468
f 2226/2690/2458 2230/2694/2462 2224/2688/2456
f 2226/2690/2458 2236/2700/2468 2230/2694/2462
f 2238/2702/2470 2236/2700/2468 2226/2690/2458
f 2238/2702/2470 2237/2701/2469 2236/2700/2468
f 2239/2703/2471 2237/2701/2469 2238/2702/2470
f 2239/2703/2471 2240/2704/2472 2237/2701/2469
f 2240/2704/2472 2241/2705/2473 2237/2701/2469
f 2237/2701/2469 2241/2705/2473 2235/2699/2467
f 2241/2705/2473 2242/2706/2474 2235/2699/2467
f 2235/2699/2467 2242/2706/2474 2234/2698/2466
f 2242/2706/2474 2243/2707/2475 2234/2698/2466
f 2211/2675/2443 2234/2698/2466 2243/2707/2475
f 2211/2675/2443 2233/2697/2465 2234/2698/2466
f 2210/2674/2442 2233/2697/2465 2211/2675/2443
f 2210/2674/2442 2214/2678/2446 2233/2697/2465
f 2214/2678/2446 2231/2695/2463 2233/2697/2465
f 2214/2678/2446 2216/2680/2448 2231/2695/2463
f 2216/2680/2448 2229/2693/2461 2231/2695/2463
f 2226/2690/2458 2228/2692/2460 2238/2702/2470
f 2238/2702/2470 2228/2692/2460 2244/2708/2476
f 2238/2702/2470 2244/2708/2476 2239/2703/2471
f 2245/2709/2477 2239/2703/2471 2244/2708/2476
f 2245/2709/2477 2246/2710/2478 2239/2703/2471
f 2239/2703/2471 2246/2710/2478 2247/2711/2479
f 2239/2703/2471 2247/2711/2479 2240/2704/2472
f 2247/2711/2479 2248/2712/2480 2240/2704/2472
f 2240/2704/2472 2248/2712/2480 2241/2705/2473
f 2248/2712/2480 2249/2713/2481 2241/2705/2473
f 2241/2705/2473 2249/2713/2481 2242/2706/2474
f 2249/2713/2481 2250/2714/2482 2242/2706/2474
f 2242/2706/2474 2250/2714/2482 2243/2707/2475
f 2250/2714/2482 2251/2715/2483 2243/2707/2475
f 2251/2715/2483 2211/2675/2443 2243/2707/2475
f 2251/2715/2483 2197/2661/2429 2211/2675/2443
f 2204/2668/2436 2211/2675/2443 2197/2661/2429
f 2196/2660/2428 2204/2668/2436 2197/2661/2429
f 2249/2713/2481 2252/2716/2484 2250/2714/2482
f 2248/2712/2480 2253/2717/2485 2249/2713/2481
f 2253/2717/2485 2252/2716/2484 2249/2713/2481
f 2253/2717/2485 2254/2718/2486 2252/2716/2484
f 2254/2718/2486 2255/2719/2487 2256/2720/2488
f 2254/2718/2486 2257/2721/2489 2255/2719/2487
f 2254/2718/2486 2253/2717/2485 2257/2721/2489
f 2253/2717/2485 2258/2722/2490 2257/2721/2489
f 2253/2717/2485 2248/2712/2480 2258/2722/2490
f 2247/2711/2479 2258/2722/2490 2248/2712/2480
f 2259/2723/2491 2256/2720/2488 2260/2724/2492
f 2254/2718/2486 2256/2720/2488 2259/2723/2491
f 2254/2718/2486 2259/2723/2491 2261/2725/2493
f 2254/2718/2486 2261/2725/2493 2252/2716/2484
f 2252/2716/2484 2261/2725/2493 2262/2726/2494
f 2252/2716/2484 2262/2726/2494 2250/2714/2482
f 2250/2714/2482 2262/2726/2494 2251/2715/2483
f 2251/2715/2483 2262/2726/2494 2263/2727/2495
f 2263/2727/2495 2262/2726/2494 2261/2725/2493
f 2263/2727/2495 2261/2725/2493 2264/2728/2496
f 2261/2725/2493 2265/2729/2497 2264/2728/2496
f 2264/2728/2496 2265/2729/2497 2266/2730/2498
f 2265/2729/2497 2267/2731/2499 2266/2730/2498
f 2268/2732/2500 2266/2730/2498 2267/2731/2499
f 2268/2732/2500 2269/2733/2501 2266/2730/2498
f 2269/2733/2501 2268/2732/2500 2270/2734/2502
f 2261/2725/2493 2259/2723/2491 2265/2729/2497
f 2259/2723/2491 2260/2724/2492 2265/2729/2497
f 2265/2729/2497 2260/2724/2492 2267/2731/2499
f 2263/2727/2495 2264/2728/2496 2271/2735/2503
f 2264/2728/2496 2266/2730/2498 2271/2735/2503
f 2271/2735/2503 2266/2730/2498 2269/2733/2501
f 2156/2620/2388 2155/2619/2387 2174/2638/2406
f 2272/2736/2504 2156/2620/2388 2174/2638/2406
f 2272/2736/2504 2174/2638/2406 2172/2636/2404
f 2172/2636/2404 2273/2737/2505 2272/2736/2504
f 2172/2636/2404 2170/2634/2402 2273/2737/2505
f 2274/2738/2506 2273/2737/2505 2170/2634/2402
f 2274/2738/2506 2170/2634/2402 2168/2632/2400
f 2168/2632/2400 2270/2734/2502 2274/2738/2506
f 2168/2632/2400 2165/2629/2397 2270/2734/2502
f 2269/2733/2501 2270/2734/2502 2165/2629/2397
f 2195/2659/2427 2269/2733/2501 2165/2629/2397
f 2271/2735/2503 2269/2733/2501 2195/2659/2427
f 2194/2658/2426 2271/2735/2503 2195/2659/2427
f 2263/2727/2495 2271/2735/2503 2194/2658/2426
f 2194/2658/2426 2193/2657/2425 2263/2727/2495
f 2251/2715/2483 2263/2727/2495 2193/2657/2425
f 2192/2656/2424 2251/2715/2483 2193/2657/2425
f 2192/2656/2424 2197/2661/2429 2251/2715/2483
f 2069/2570/2507 2067/2572/2508 2068/2571/2509
f 2069/2570/2507 2066/2573/2510 2067/2572/2508
f 2065/2574/2511 2066/2573/2510 2069/2570/2507
f 2065/2574/2511 2069/2570/2507 2070/2575/2512
f 2064/2576/2513 2065/2574/2511 2070/2575/2512
f 2064/2576/2513 2070/2575/2512 2071/2577/2514
f 2072/2578/2515 2064/2576/2513 2071/2577/2514
f 2063/2579/2516 2064/2576/2513 2072/2578/2515
f 2063/2579/2516 2062/2580/2517 2064/2576/2513
f 2275/2739/2518 2276/2740/2519 2277/2741/2520
f 2275/2739/2521 2277/2741/2520 2085/2742/2522
f 2083/2743/2523 2085/2742/2522 2277/2741/2520
f 2083/2743/2523 2277/2741/2520 2278/2744/2524
f 2082/2745/2525 2083/2743/2523 2278/2744/2524
f 2082/2745/2525 2278/2744/2524 2279/2746/2526
f 2279/2746/2526 2079/2747/2527 2082/2745/2525
f 2079/2747/2527 2279/2746/2526 2280/2748/2528
f 2280/2748/2528 2077/2749/2529 2079/2747/2527
f 2280/2748/2528 2074/2750/2530 2077/2749/2529
f 2280/2748/2528 2075/2751/2531 2074/2750/2530
f 2280/2748/2528 2281/2752/2531 2075/2751/2531
f 2282/2753/2532 2283/2754/2533 2284/2755/2534
f 2282/2753/2532 2284/2755/2534 2285/2756/2535
f 2286/2757/2536 2282/2753/2532 2285/2756/2535
f 2286/2757/2536 2287/2758/2537 2282/2753/2532
f 2288/2759/2538 2287/2758/2537 2286/2757/2536
f 2289/2760/2539 2284/2755/2534 2290/2761/2540
f 2289/2760/2539 2285/2756/2535 2284/2755/2534
f 2291/2762/2541 2285/2756/2535 2289/2760/2539
f 2291/2762/2541 2286/2757/2536 2285/2756/2535
f 2292/2763/2542 2286/2757/2536 2291/2762/2541
f 2292/2763/2542 2288/2759/2538 2286/2757/2536
f 2293/2764/2543 2288/2759/2538 2292/2763/2542
f 2294/2765/2544 2295/2766/2545 2296/2754/2546
f 2294/2765/2544 2297/2767/2547 2295/2766/2545
f 2298/2765/2548 2295/2766/2545 2297/2767/2547
f 2298/2765/2548 2283/2754/2533 2295/2766/2545
f 2283/2754/2533 2298/2765/2548 2299/2768/2549
f 2283/2754/2533 2299/2768/2549 2284/2755/2534
f 2300/2769/2550 2284/2755/2534 2299/2768/2549
f 2300/2769/2550 2290/2761/2540 2284/2755/2534
f 2300/2769/2550 2301/2770/2551 2290/2761/2540
f 2290/2761/2540 2301/2770/2551 2302/2771/2552
f 2290/2761/2540 2302/2771/2552 2289/2760/2539
f 2289/2760/2539 2302/2771/2552 2303/2772/2553
f 2289/2760/2539 2303/2772/2553 2291/2762/2541
f 2291/2762/2541 2303/2772/2553 2304/2773/2554
f 2291/2762/2541 2304/2773/2554 2292/2763/2542
f 2305/2774/2555 2292/2763/2542 2304/2773/2554
f 2293/2764/2543 2292/2763/2542 2305/2774/2555
f 2306/2775/2556 2293/2764/2543 2305/2774/2555
f 2307/2776/2557 2299/2768/2549 2298/2765/2548
f 2306/2775/2556 2305/2774/2555 2308/2777/2558
f 2308/2777/2558 2305/2774/2555 2309/2778/2559
f 2305/2774/2555 2304/2773/2554 2309/2778/2559
f 2308/2777/2558 2309/2778/2559 2310/2779/2560
f 2311/2780/2561 2312/2781/2562 2307/2776/2557
f 2312/2781/2562 2299/2768/2549 2307/2776/2557
f 2312/2781/2562 2300/2769/2550 2299/2768/2549
f 2312/2781/2562 2313/2782/2563 2300/2769/2550
f 2300/2769/2550 2313/2782/2563 2301/2770/2551
f 2310/2779/2560 2314/2783/2564 2315/2784/2565
f 2310/2779/2560 2309/2778/2559 2314/2783/2564
f 2316/2785/2566 2314/2783/2564 2309/2778/2559
f 2309/2778/2559 2317/2786/2567 2316/2785/2566
f 2309/2778/2559 2304/2773/2554 2317/2786/2567
f 2318/2787/2568 2317/2786/2567 2304/2773/2554
f 2319/2788/2569 2318/2787/2568 2304/2773/2554
f 2319/2788/2569 2304/2773/2554 2303/2772/2553
f 2303/2772/2553 2320/2789/2570 2319/2788/2569
f 2321/2790/2571 2320/2789/2570 2303/2772/2553
f 2321/2790/2571 2303/2772/2553 2302/2771/2552
f 2302/2771/2552 2322/2791/2572 2321/2790/2571
f 2302/2771/2552 2301/2770/2551 2322/2791/2572
f 2301/2770/2551 2323/2792/2573 2322/2791/2572
f 2301/2770/2551 2324/2793/2574 2323/2792/2573
f 2301/2770/2551 2313/2782/2563 2324/2793/2574
f 2313/2782/2563 2325/2794/2575 2324/2793/2574
f 2325/2794/2575 2313/2782/2563 2326/2795/2576
f 2312/2781/2562 2327/2796/2577 2313/2782/2563
f 2312/2781/2562 2328/2797/2578 2327/2796/2577
f 2312/2781/2562 2311/2780/2561 2328/2797/2578
f 2329/2798/2579 2328/2797/2578 2311/2780/2561
f 2329/2798/2579 2330/2799/2580 2328/2797/2578
f 2313/2782/2563 2331/2800/2581 2326/2795/2576
f 2313/2782/2563 2332/2801/2582 2331/2800/2581
f 2313/2782/2563 2327/2796/2577 2332/2801/2582
f 2333/2802/2583 2332/2801/2582 2327/2796/2577
f 2334/2803/2584 2333/2802/2583 2327/2796/2577
f 2334/2803/2584 2327/2796/2577 2328/2797/2578
f 2335/2804/2585 2334/2803/2584 2328/2797/2578
f 2336/2805/2586 2335/2804/2585 2328/2797/2578
f 2337/2806/2587 2336/2805/2586 2328/2797/2578
f 2337/2806/2587 2328/2797/2578 2330/2799/2580
f 2338/2797/2588 2337/2806/2587 2330/2799/2580
f 2329/2798/2579 2338/2797/2588 2330/2799/2580
f 2329/2798/2579 2339/2780/2589 2338/2797/2588
f 2340/2781/2590 2338/2797/2588 2339/2780/2589
f 2339/2780/2589 2341/2776/2591 2340/2781/2590
f 2340/2781/2590 2341/2776/2591 2342/2768/2592
f 2341/2776/2591 2294/2765/2544 2342/2768/2592
f 2296/2754/2546 2342/2768/2592 2294/2765/2544
f 2343/2762/2593 2344/2773/2594 2345/2772/2595
f 2346/2760/2596 2343/2762/2593 2345/2772/2595
f 2346/2760/2596 2345/2772/2595 2347/2771/2597
f 2348/2761/2598 2346/2760/2596 2347/2771/2597
f 2348/2761/2598 2347/2771/2597 2349/2770/2599
f 2350/2769/2600 2348/2761/2598 2349/2770/2599
f 2350/2769/2600 2349/2770/2599 2351/2782/2601
f 2340/2781/2590 2350/2769/2600 2351/2782/2601
f 2340/2781/2590 2351/2782/2601 2352/2796/2602
f 2340/2781/2590 2352/2796/2602 2338/2797/2588
f 2352/2796/2602 2353/2803/2603 2338/2797/2588
f 2354/2804/2604 2338/2797/2588 2353/2803/2603
f 2355/2805/2605 2338/2797/2588 2354/2804/2604
f 2338/2797/2588 2355/2805/2605 2337/2806/2587
f 2352/2796/2602 2356/2802/2606 2353/2803/2603
f 2356/2802/2606 2352/2796/2602 2357/2801/2607
f 2351/2782/2601 2357/2801/2607 2352/2796/2602
f 2351/2782/2601 2358/2800/2608 2357/2801/2607
f 2351/2782/2601 2359/2795/2609 2358/2800/2608
f 2360/2794/2610 2359/2795/2609 2351/2782/2601
f 2351/2782/2601 2361/2793/2611 2360/2794/2610
f 2349/2770/2599 2361/2793/2611 2351/2782/2601
f 2349/2770/2599 2362/2792/2612 2361/2793/2611
f 2349/2770/2599 2363/2791/2613 2362/2792/2612
f 2347/2771/2597 2363/2791/2613 2349/2770/2599
f 2347/2771/2597 2364/2790/2614 2363/2791/2613
f 2345/2772/2595 2364/2790/2614 2347/2771/2597
f 2345/2772/2595 2365/2789/2615 2364/2790/2614
f 2345/2772/2595 2366/2788/2616 2365/2789/2615
f 2344/2773/2594 2366/2788/2616 2345/2772/2595
f 2344/2773/2594 2367/2787/2617 2366/2788/2616
f 2367/2787/2617 2344/2773/2594 2368/2786/2618
f 2369/2778/2619 2368/2786/2618 2344/2773/2594
f 2370/2774/2620 2369/2778/2619 2344/2773/2594
f 2370/2774/2620 2344/2773/2594 2371/2763/2621
f 2372/2764/2622 2370/2774/2620 2371/2763/2621
f 2372/2764/2622 2371/2763/2621 2373/2759/2623
f 2374/2807/2624 2375/2808/2625 2376/2809/2626
f 2374/2807/2624 2373/2759/2623 2375/2808/2625
f 2374/2807/2624 2372/2764/2622 2373/2759/2623
f 2377/2810/2627 2372/2764/2622 2374/2807/2624
f 2377/2810/2627 2378/2775/2628 2372/2764/2622
f 2378/2775/2628 2370/2774/2620 2372/2764/2622
f 2378/2775/2628 2379/2777/2629 2370/2774/2620
f 2379/2777/2629 2369/2778/2619 2370/2774/2620
f 2379/2777/2629 2380/2779/2630 2369/2778/2619
f 2369/2778/2619 2381/2785/2631 2368/2786/2618
f 2381/2785/2631 2369/2778/2619 2382/2783/2632
f 2380/2779/2630 2382/2783/2632 2369/2778/2619
f 2380/2779/2630 2383/2784/2633 2382/2783/2632
f 2383/2784/2633 2380/2779/2630 2384/2811/2634
f 2384/2811/2634 2380/2779/2630 2385/2812/2635
f 2380/2779/2630 2386/2813/2636 2385/2812/2635
f 2386/2813/2636 2380/2779/2630 2387/2814/2637
f 2379/2777/2629 2387/2814/2637 2380/2779/2630
f 2379/2777/2629 2388/2815/2638 2387/2814/2637
f 2389/2816/2639 2388/2815/2638 2379/2777/2629
f 2378/2775/2628 2389/2816/2639 2379/2777/2629
f 2378/2775/2628 2390/2817/2640 2389/2816/2639
f 2377/2810/2627 2390/2817/2640 2378/2775/2628
f 2377/2810/2627 2391/2818/2641 2390/2817/2640
f 2391/2818/2641 2377/2810/2627 2392/2819/2642
f 2391/2818/2641 2392/2819/2642 2393/2820/2643
f 2393/2820/2643 2392/2819/2642 2394/2821/2644
f 2395/2822/2645 2394/2821/2644 2392/2819/2642
f 2395/2822/2645 2396/2823/2645 2394/2821/2644
f 2395/2822/2645 2397/2821/2646 2396/2823/2645
f 2395/2822/2645 2398/2819/2647 2397/2821/2646
f 2399/2820/2648 2397/2821/2646 2398/2819/2647
f 2400/2818/2649 2399/2820/2648 2398/2819/2647
f 2400/2818/2649 2398/2819/2647 2401/2810/2650
f 2401/2810/2650 2402/2817/2651 2400/2818/2649
f 2401/2810/2650 2306/2775/2556 2402/2817/2651
f 2403/2816/2652 2402/2817/2651 2306/2775/2556
f 2403/2816/2652 2306/2775/2556 2308/2777/2558
f 2403/2816/2652 2308/2777/2558 2404/2815/2653
f 2405/2814/2654 2404/2815/2653 2308/2777/2558
f 2405/2814/2654 2308/2777/2558 2310/2779/2560
f 2406/2813/2655 2405/2814/2654 2310/2779/2560
f 2310/2779/2560 2407/2812/2656 2406/2813/2655
f 2408/2811/2657 2407/2812/2656 2310/2779/2560
f 2315/2784/2565 2408/2811/2657 2310/2779/2560
f 2401/2810/2650 2293/2764/2543 2306/2775/2556
f 2401/2810/2650 2409/2807/2658 2293/2764/2543
f 2409/2807/2658 2288/2759/2538 2293/2764/2543
f 2409/2807/2658 2410/2808/2659 2288/2759/2538
f 2288/2759/2538 2410/2808/2659 2287/2758/2537
f 2287/2758/2537 2410/2808/2659 2411/2824/2660
f 2412/2809/2661 2411/2824/2660 2410/2808/2659
f 2412/2809/2661 2413/2825/2662 2411/2824/2660
f 2412/2809/2661 2414/2826/2663 2413/2825/2662
f 2376/2809/2626 2413/2825/2662 2414/2826/2663
f 2376/2809/2626 2415/2824/2664 2413/2825/2662
f 2376/2809/2626 2375/2808/2625 2415/2824/2664
f 2416/2758/2665 2415/2824/2664 2375/2808/2625
f 2373/2759/2623 2416/2758/2665 2375/2808/2625
f 2373/2759/2623 2417/2757/2666 2416/2758/2665
f 2371/2763/2621 2417/2757/2666 2373/2759/2623
f 2371/2763/2621 2343/2762/2593 2417/2757/2666
f 2343/2762/2593 2371/2763/2621 2344/2773/2594
f 2409/2807/2658 2412/2809/2661 2410/2808/2659
f 2417/2757/2666 2418/2753/2667 2416/2758/2665
f 2340/2781/2590 2342/2768/2592 2350/2769/2600
f 2350/2769/2600 2342/2768/2592 2419/2755/2668
f 2296/2754/2546 2419/2755/2668 2342/2768/2592
f 2418/2753/2667 2419/2755/2668 2296/2754/2546
f 2418/2753/2667 2420/2756/2669 2419/2755/2668
f 2417/2757/2666 2420/2756/2669 2418/2753/2667
f 2343/2762/2593 2420/2756/2669 2417/2757/2666
f 2343/2762/2593 2346/2760/2596 2420/2756/2669
f 2346/2760/2596 2419/2755/2668 2420/2756/2669
f 2346/2760/2596 2348/2761/2598 2419/2755/2668
f 2350/2769/2600 2419/2755/2668 2348/2761/2598
f 2421/2827/2670 2127/2828/2359 2128/2829/2360
f 2421/2827/2670 2422/2830/2671 2127/2828/2359
f 2423/2831/2672 2422/2830/2671 2421/2827/2670
f 2424/2832/2673 2425/2833/2674 2426/2834/2675
f 2426/2834/2675 2425/2833/2674 2427/2835/2676
f 2426/2834/2675 2427/2835/2676 2428/2836/2677
f 2428/2836/2677 2427/2835/2676 2429/2837/2678
f 2428/2836/2677 2429/2837/2678 2430/2838/2679
f 2423/2831/2672 2428/2836/2677 2430/2838/2679
f 2423/2831/2672 2431/2839/2680 2428/2836/2677
f 2423/2831/2672 2421/2827/2670 2431/2839/2680
f 2431/2839/2680 2421/2827/2670 2432/2840/2681
f 2432/2840/2681 2421/2827/2670 2128/2829/2360
f 2432/2840/2681 2128/2829/2360 2130/2841/2362
f 2433/2842/2682 2432/2840/2681 2130/2841/2362
f 2433/2842/2682 2130/2841/2362 2147/2843/2379
f 2434/2844/2683 2433/2842/2682 2147/2843/2379
f 2434/2844/2683 2147/2843/2379 2149/2845/2381
f 2435/2846/2684 2434/2844/2683 2149/2845/2381
f 2435/2846/2684 2149/2845/2381 2151/2847/2383
f 2436/2848/2685 2435/2846/2684 2151/2847/2383
f 2437/2849/2686 2432/2840/2681 2433/2842/2682
f 2431/2839/2680 2432/2840/2681 2437/2849/2686
f 2431/2839/2680 2426/2834/2675 2428/2836/2677
f 2431/2839/2680 2437/2849/2686 2426/2834/2675
f 2437/2849/2686 2424/2832/2673 2426/2834/2675
f 2437/2849/2686 2438/2850/2687 2424/2832/2673
f 2437/2849/2686 2433/2842/2682 2438/2850/2687
f 2439/2851/2688 2438/2850/2687 2433/2842/2682
f 2439/2851/2688 2433/2842/2682 2434/2844/2683
f 2435/2846/2684 2439/2851/2688 2434/2844/2683
f 2435/2846/2684 2440/2852/2689 2439/2851/2688
f 2441/2853/2690 2439/2851/2688 2440/2852/2689
f 2442/2854/2691 2441/2853/2690 2440/2852/2689
f 2442/2854/2691 2443/2855/2692 2441/2853/2690
f 2443/2855/2692 2442/2854/2691 2444/2856/2693
f 2443/2855/2692 2444/2856/2693 2445/2857/2694
f 2446/2858/2695 2445/2857/2694 2444/2856/2693
f 2446/2858/2695 2447/2859/2696 2445/2857/2694
f 2447/2859/2696 2446/2858/2695 2448/2860/2697
f 2447/2859/2696 2448/2860/2697 2449/2861/2698
f 2446/2858/2695 2444/2856/2693 2450/2862/2699
f 2436/2848/2685 2450/2862/2699 2444/2856/2693
f 2436/2848/2685 2444/2856/2693 2442/2854/2691
f 2442/2854/2691 2435/2846/2684 2436/2848/2685
f 2442/2854/2691 2440/2852/2689 2435/2846/2684
f 2441/2853/2690 2451/2863/2700 2439/2851/2688
f 2439/2851/2688 2451/2863/2700 2424/2832/2673
f 2439/2851/2688 2424/2832/2673 2438/2850/2687
f 2452/2864/2701 2453/2865/2702 2454/2866/2703
f 2455/2867/2704 2454/2866/2703 2453/2865/2702
f 2455/2867/2704 2456/2868/2705 2454/2866/2703
f 2456/2868/2705 2455/2867/2704 2457/2869/2706
f 2456/2868/2705 2457/2869/2706 2449/2861/2698
f 2458/2870/2707 2449/2861/2698 2457/2869/2706
f 2458/2870/2707 2447/2859/2696 2449/2861/2698
f 2447/2859/2696 2458/2870/2707 2459/2871/2708
f 2447/2859/2696 2459/2871/2708 2445/2857/2694
f 2460/2872/2709 2445/2857/2694 2459/2871/2708
f 2460/2872/2709 2443/2855/2692 2445/2857/2694
f 2443/2855/2692 2460/2872/2709 2461/2873/2710
f 2443/2855/2692 2461/2873/2710 2441/2853/2690
f 2441/2853/2690 2461/2873/2710 2462/2874/2711
f 2441/2853/2690 2462/2874/2711 2451/2863/2700
f 2451/2863/2700 2462/2874/2711 2463/2875/2712
f 2451/2863/2700 2463/2875/2712 2424/2832/2673
f 2424/2832/2673 2463/2875/2712 2425/2833/2674
f 2449/2861/2698 2448/2860/2697 2464/2876/2713
f 2449/2861/2698 2464/2876/2713 2456/2868/2705
f 2465/2877/2714 2456/2868/2705 2464/2876/2713
f 2465/2877/2714 2454/2866/2703 2456/2868/2705
f 2454/2866/2703 2465/2877/2714 2466/2878/2715
f 2454/2866/2703 2466/2878/2715 2452/2864/2701
f 2466/2878/2715 2467/2879/2716 2452/2864/2701
f 2466/2878/2715 2468/2880/2717 2467/2879/2716
f 2469/2881/2718 2467/2879/2716 2468/2880/2717
f 2469/2881/2718 2468/2880/2717 2470/2882/2719
f 2471/2883/2720 2469/2881/2718 2470/2882/2719
f 2471/2883/2720 2470/2882/2719 2472/2884/2721
f 2473/2885/2722 2471/2883/2720 2472/2884/2721
f 2473/2885/2722 2472/2884/2721 2474/2886/2723
f 2475/2887/2724 2473/2885/2722 2474/2886/2723
f 2475/2887/2724 2474/2886/2723 2476/2888/2725
f 2477/2889/2726 2476/2888/2725 2474/2886/2723
f 2477/2889/2726 2478/2890/2727 2476/2888/2725
f 2477/2889/2726 2479/2891/2728 2478/2890/2727
f 2475/2887/2724 2476/2888/2725 2478/2890/2727
f 2475/2887/2724 2478/2890/2727 2480/2892/2729
f 2478/2890/2727 2479/2891/2728 2481/2893/2730
f 2478/2890/2727 2481/2893/2730 2482/2894/2731
f 2478/2890/2727 2482/2894/2731 2483/2895/2732
f 2478/2890/2727 2483/2895/2732 2480/2892/2729
f 2484/2896/2733 2480/2892/2729 2483/2895/2732
f 2485/2897/2734 2480/2892/2729 2484/2896/2733
f 2485/2897/2734 2475/2887/2724 2480/2892/2729
f 2486/2898/2735 2475/2887/2724 2485/2897/2734
f 2486/2898/2735 2473/2885/2722 2475/2887/2724
f 2487/2899/2736 2473/2885/2722 2486/2898/2735
f 2487/2899/2736 2471/2883/2720 2473/2885/2722
f 2488/2900/2737 2471/2883/2720 2487/2899/2736
f 2488/2900/2737 2469/2881/2718 2471/2883/2720
f 2489/2901/2738 2469/2881/2718 2488/2900/2737
f 2489/2901/2738 2467/2879/2716 2469/2881/2718
f 2490/2902/2739 2467/2879/2716 2489/2901/2738
f 2490/2902/2739 2452/2864/2701 2467/2879/2716
f 2452/2864/2701 2490/2902/2739 2453/2865/2702
f 2484/2896/2733 2483/2895/2732 2491/2903/2740
f 2267/2904/2499 2260/2905/2492 2492/2906/2741
f 2260/2905/2492 2493/2907/2742 2492/2906/2741
f 2260/2905/2492 2256/2908/2488 2493/2907/2742
f 2256/2908/2488 2477/2889/2726 2493/2907/2742
f 2256/2908/2488 2255/2909/2487 2477/2889/2726
f 2255/2909/2487 2479/2891/2728 2477/2889/2726
f 2255/2909/2487 2257/2910/2489 2479/2891/2728
f 2257/2910/2489 2481/2893/2730 2479/2891/2728
f 2257/2910/2489 2258/2911/2490 2481/2893/2730
f 2477/2889/2726 2474/2886/2723 2493/2907/2742
f 2493/2907/2742 2474/2886/2723 2472/2884/2721
f 2493/2907/2742 2472/2884/2721 2492/2906/2741
f 2492/2906/2741 2472/2884/2721 2470/2882/2719
f 2492/2906/2741 2470/2882/2719 2494/2912/2743
f 2494/2912/2743 2470/2882/2719 2468/2880/2717
f 2494/2912/2743 2468/2880/2717 2495/2913/2744
f 2466/2878/2715 2495/2913/2744 2468/2880/2717
f 2466/2878/2715 2496/2914/2745 2495/2913/2744
f 2497/2915/2746 2496/2914/2745 2466/2878/2715
f 2497/2915/2746 2466/2878/2715 2465/2877/2714
f 2465/2877/2714 2498/2916/2747 2497/2915/2746
f 2465/2877/2714 2464/2876/2713 2498/2916/2747
f 2499/2917/2748 2498/2916/2747 2464/2876/2713
f 2499/2917/2748 2464/2876/2713 2448/2860/2697
f 2500/2918/2749 2499/2917/2748 2448/2860/2697
f 2500/2918/2749 2448/2860/2697 2446/2858/2695
f 2446/2858/2695 2450/2862/2699 2500/2918/2749
f 2436/2848/2685 2151/2847/2383 2152/2919/2384
f 2152/2919/2384 2450/2862/2699 2436/2848/2685
f 2152/2919/2384 2154/2920/2386 2450/2862/2699
f 2500/2918/2749 2450/2862/2699 2154/2920/2386
f 2500/2918/2749 2154/2920/2386 2156/2921/2388
f 2156/2921/2388 2499/2917/2748 2500/2918/2749
f 2156/2921/2388 2272/2922/2504 2499/2917/2748
f 2498/2916/2747 2499/2917/2748 2272/2922/2504
f 2498/2916/2747 2272/2922/2504 2273/2923/2505
f 2273/2923/2505 2497/2915/2746 2498/2916/2747
f 2273/2923/2505 2274/2924/2506 2497/2915/2746
f 2496/2914/2745 2497/2915/2746 2274/2924/2506
f 2496/2914/2745 2274/2924/2506 2270/2925/2502
f 2270/2925/2502 2495/2913/2744 2496/2914/2745
f 2270/2925/2502 2268/2926/2500 2495/2913/2744
f 2268/2926/2500 2494/2912/2743 2495/2913/2744
f 2268/2926/2500 2267/2904/2499 2494/2912/2743
f 2267/2904/2499 2492/2906/2741 2494/2912/2743
f 2093/2510/2750 2275/2509/2751 2092/2511/2752
f 2093/2510/2750 2276/2512/2753 2275/2509/2751
f 2093/2510/2750 2277/2513/2754 2276/2512/2753
f 2093/2510/2750 2091/2514/2755 2277/2513/2754
f 2091/2514/2755 2278/2515/2756 2277/2513/2754
f 2091/2514/2755 2090/2516/2757 2278/2515/2756
f 2090/2516/2757 2279/2517/2758 2278/2515/2756
f 2090/2516/2757 2089/2518/2759 2279/2517/2758
f 2088/2519/2760 2279/2517/2758 2089/2518/2759
f 2088/2519/2760 2280/2520/2761 2279/2517/2758
f 2110/2523/2762 2109/2522/2763 2108/2521/2764
f 2110/2523/2762 2108/2521/2764 2111/2524/2765
f 2108/2521/2764 2112/2525/2766 2111/2524/2765
f 2113/2526/2767 2112/2525/2766 2108/2521/2764
f 2113/2526/2767 2108/2521/2764 2107/2527/2768
f 2106/2528/2769 2113/2526/2767 2107/2527/2768
f 2106/2528/2769 2114/2529/2770 2113/2526/2767
f 2106/2528/2769 2115/2530/2771 2114/2529/2770
f 2106/2528/2769 2116/2531/2772 2115/2530/2771
f 2501/2927/2773 2502/2928/2774 2503/2929/2774
f 2501/2927/2773 2503/2929/2774 2504/2930/2775
f 2505/2931/2776 2501/2927/2773 2504/2930/2775
f 2505/2931/2776 2504/2930/2775 2506/2932/2777
f 2506/2932/2777 2507/2933/2778 2505/2931/2776
f 2507/2933/2778 2508/2934/2779 2509/2935/2780
f 2507/2933/2778 2510/2936/2781 2508/2934/2779
f 2506/2932/2777 2510/2936/2781 2507/2933/2778
f 2510/2936/2781 2506/2932/2777 2511/2937/2782
f 2512/2932/2783 2513/2936/2784 2514/2937/2785
f 2515/2934/2786 2516/2933/2787 2517/2935/2788
f 2515/2934/2786 2513/2936/2784 2516/2933/2787
f 2518/2931/2789 2516/2933/2787 2513/2936/2784
f 2518/2931/2789 2513/2936/2784 2512/2932/2783
f 2519/2930/2790 2518/2931/2789 2512/2932/2783
f 2519/2930/2790 2520/2927/2791 2518/2931/2789
f 2520/2927/2791 2519/2930/2790 2521/2929/2792
f 2520/2927/2791 2521/2929/2792 2522/2928/2793
f 2523/2938/2794 2524/2939/2795 2525/2940/2796
f 2526/2941/2797 2525/2940/2796 2524/2939/2795
f 2526/2941/2797 2524/2939/2795 2527/2942/2798
f 2527/2942/2798 2524/2939/2795 2528/2943/2799
f 2527/2942/2798 2528/2943/2799 2529/2944/2799
f 2530/2945/2800 2531/2946/2801 2532/2947/2802
f 2533/2948/2803 2531/2946/2801 2534/2949/2804
f 2533/2948/2803 2532/2947/2802 2531/2946/2801
f 2535/2950/2805 2532/2947/2802 2533/2948/2803
f 2535/2950/2805 2536/2951/2806 2532/2947/2802
f 2537/2952/2807 2532/2947/2802 2536/2951/2806
f 2537/2952/2807 2538/2953/2808 2532/2947/2802
f 2530/2945/2800 2532/2947/2802 2538/2953/2808
f 2539/2954/2809 2530/2945/2800 2538/2953/2808
f 2539/2954/2809 2540/2955/2810 2530/2945/2800
f 2541/2956/2811 2540/2955/2810 2539/2954/2809
f 2542/2957/2812 2541/2956/2811 2539/2954/2809
f 2542/2957/2812 2543/2958/2813 2541/2956/2811
f 2544/2959/2814 2541/2956/2811 2543/2958/2813
f 2539/2954/2809 2537/2952/2807 2542/2957/2812
f 2539/2954/2809 2538/2953/2808 2537/2952/2807
f 2545/2946/2815 2546/2960/2816 2547/2945/2817
f 2548/2947/2818 2545/2946/2815 2547/2945/2817
f 2548/2947/2818 2547/2945/2817 2549/2953/2819
f 2550/2952/2820 2548/2947/2818 2549/2953/2819
f 2550/2952/2820 2549/2953/2819 2551/2954/2821
f 2550/2952/2820 2551/2954/2821 2552/2957/2822
f 2553/2956/2823 2552/2957/2822 2551/2954/2821
f 2553/2956/2823 2554/2958/2824 2552/2957/2822
f 2553/2956/2823 2544/2959/2814 2554/2958/2824
f 2553/2956/2823 2555/2961/2825 2544/2959/2814
f 2544/2959/2814 2555/2961/2825 2541/2956/2811
f 2555/2961/2825 2556/2962/2826 2541/2956/2811
f 2541/2956/2811 2556/2962/2826 2540/2955/2810
f 2557/2963/2827 2540/2955/2810 2556/2962/2826
f 2530/2945/2800 2540/2955/2810 2557/2963/2827
f 2530/2945/2800 2557/2963/2827 2558/2960/2828
f 2558/2960/2828 2531/2946/2801 2530/2945/2800
f 2558/2960/2828 2559/2964/2829 2531/2946/2801
f 2551/2954/2821 2549/2953/2819 2547/2945/2817
f 2551/2954/2821 2547/2945/2817 2560/2955/2830
f 2553/2956/2823 2551/2954/2821 2560/2955/2830
f 2553/2956/2823 2560/2955/2830 2561/2962/2831
f 2561/2962/2831 2555/2961/2825 2553/2956/2823
f 2561/2962/2831 2562/2965/2832 2555/2961/2825
f 2555/2961/2825 2562/2965/2832 2556/2962/2826
f 2563/2966/2833 2556/2962/2826 2562/2965/2832
f 2563/2966/2833 2564/2967/2834 2556/2962/2826
f 2557/2963/2827 2556/2962/2826 2564/2967/2834
f 2565/2963/2835 2547/2945/2817 2546/2960/2816
f 2565/2963/2835 2560/2955/2830 2547/2945/2817
f 2561/2962/2831 2560/2955/2830 2565/2963/2835
f 2561/2962/2831 2565/2963/2835 2566/2967/2836
f 2563/2966/2833 2561/2962/2831 2566/2967/2836
f 2563/2966/2833 2562/2965/2832 2561/2962/2831
f 2567/2968/2837 2531/2946/2801 2559/2964/2829
f 2567/2968/2837 2534/2949/2804 2531/2946/2801
f 2567/2968/2837 2568/2969/2838 2534/2949/2804
f 2568/2969/2838 2533/2948/2803 2534/2949/2804
f 2568/2969/2838 2569/2970/2839 2533/2948/2803
f 2569/2970/2839 2535/2950/2805 2533/2948/2803
f 2569/2970/2839 2570/2971/2840 2535/2950/2805
f 2571/2972/2841 2570/2971/2840 2569/2970/2839
f 2571/2972/2841 2569/2970/2839 2572/2973/2842
f 2571/2972/2841 2572/2973/2842 2573/2974/2843
f 2573/2974/2843 2572/2973/2842 2574/2975/2844
f 2574/2975/2844 2572/2973/2842 2575/2976/2845
f 2574/2975/2844 2575/2976/2845 2576/2977/2846
f 2576/2977/2846 2575/2976/2845 2577/2978/2847
f 2575/2976/2845 2578/2979/2848 2577/2978/2847
f 2578/2979/2848 2575/2976/2845 2579/2980/2849
f 2580/2981/2850 2579/2980/2849 2575/2976/2845
f 2580/2981/2850 2575/2976/2845 2568/2969/2838
f 2567/2968/2837 2580/2981/2850 2568/2969/2838
f 2572/2973/2842 2568/2969/2838 2575/2976/2845
f 2572/2973/2842 2569/2970/2839 2568/2969/2838
f 2581/2936/2851 2582/2937/2852 2583/2932/2853
f 2584/2929/2854 2585/2928/2855 2586/2927/2856
f 2584/2929/2854 2586/2927/2856 2587/2930/2857
f 2587/2930/2857 2586/2927/2856 2588/2931/2858
f 2587/2930/2857 2588/2931/2858 2583/2932/2853
f 2583/2932/2853 2588/2931/2858 2589/2933/2859
f 2583/2932/2853 2589/2933/2859 2581/2936/2851
f 2589/2933/2859 2590/2934/2860 2581/2936/2851
f 2589/2933/2859 2591/2935/2861 2590/2934/2860
f 2515/2982/2786 2592/2983/2862 2593/2984/2862
f 2515/2982/2786 2517/2985/2788 2592/2983/2862
f 2508/2982/2863 2594/2983/2864 2509/2985/2865
f 2508/2982/2863 2595/2984/2864 2594/2983/2864
f 2520/2986/2866 2502/2987/2867 2501/2988/2866
f 2520/2986/2868 2522/2989/2869 2502/2987/2870
f 2521/2990/2871 2502/2987/2870 2522/2989/2869
f 2521/2990/2871 2503/2991/2872 2502/2987/2870
f 2503/2991/2872 2521/2990/2871 2519/2992/2873
f 2503/2991/2872 2519/2992/2873 2504/2993/2874
f 2512/2994/2875 2504/2993/2874 2519/2992/2873
f 2512/2994/2875 2506/2995/2876 2504/2993/2874
f 2506/2995/2876 2512/2994/2875 2514/2996/2877
f 2506/2995/2876 2514/2996/2877 2511/2997/2878
f 2513/2998/2879 2511/2997/2878 2514/2996/2877
f 2513/2998/2879 2510/2999/2880 2511/2997/2878
f 2510/2999/2880 2513/2998/2879 2515/3000/2881
f 2510/2999/2880 2515/3000/2881 2508/3001/2882
f 2515/3000/2881 2595/3002/2883 2508/3001/2882
f 2515/3000/2881 2593/3003/2884 2595/3002/2883
f 2593/3003/2884 2594/3004/2885 2595/3002/2883
f 2593/3003/2886 2592/3005/2887 2594/3004/2885
f 2517/3006/2888 2507/3007/2889 2509/3008/2890
f 2517/3006/2890 2516/3009/2891 2507/3007/2889
f 2516/3009/2891 2505/3010/2892 2507/3007/2889
f 2516/3009/2893 2518/3011/2892 2505/3010/2894
f 2596/3012/2895 2597/3013/2896 2598/3014/2896
f 2596/3012/2895 2598/3014/2896 2599/3015/2897
f 2600/3016/2898 2596/3012/2895 2599/3015/2897
f 2600/3016/2898 2599/3015/2897 2601/3017/2899
f 2599/3015/2897 2602/3018/2900 2601/3017/2899
f 2527/3019/2901 2529/3020/2902 2597/3021/2902
f 2527/3019/2901 2597/3021/2902 2596/3022/2903
f 2596/3022/2903 2526/3023/2904 2527/3019/2901
f 2596/3022/2903 2600/3024/2904 2526/3023/2904
f 2526/3023/2904 2600/3024/2904 2601/3025/2905
f 2526/3023/2904 2601/3025/2905 2525/3026/2905
f 2601/3025/2905 2523/3027/2906 2525/3026/2905
f 2601/3025/2905 2602/3028/2906 2523/3027/2906
f 2602/3028/2906 2524/3029/2907 2523/3027/2906
f 2602/3028/2906 2599/3030/2907 2524/3029/2907
f 2599/3030/2907 2528/3031/2908 2524/3029/2907
f 2599/3030/2907 2598/3032/2908 2528/3031/2908
f 2528/2183/2909 2597/2182/2909 2529/2184/2909
f 2528/2183/2909 2598/2185/2909 2597/2182/2909
f 2603/3033/2910 2604/3034/2910 2605/3035/2911
f 2603/3033/2910 2606/3036/2911 2604/3034/2910
f 2605/3037/2912 2607/3038/2912 2608/3039/2912
f 2605/3037/2913 2604/3040/2912 2607/3038/2913
f 2608/3041/2914 2609/3042/2915 2610/3043/2916
f 2608/3041/2914 2607/3044/2917 2609/3042/2915
f 2603/3045/2918 2609/3046/2918 2606/3047/2918
f 2603/3045/2918 2610/3048/2919 2609/3046/2918
f 2611/3049/2920 2612/3050/2921 2613/3051/2922
f 2611/3049/2920 2614/3052/2923 2612/3050/2921
f 2614/3052/2923 2615/3053/2924 2616/3054/2925
f 2617/3055/2926 2614/3052/2923 2616/3054/2925
f 2617/3055/2926 2612/3050/2921 2614/3052/2923
f 2618/3056/2927 2612/3050/2921 2617/3055/2926
f 2619/3057/2928 2612/3050/2921 2618/3056/2927
f 2612/3050/2921 2619/3057/2928 2620/3058/2929
f 2612/3050/2921 2620/3058/2929 2613/3051/2922
f 2621/3059/2930 2613/3051/2922 2620/3058/2929
f 2613/3051/2922 2621/3059/2930 2622/3060/2931
f 2613/3051/2922 2622/3060/2931 2623/3061/2932
f 2624/3062/2933 2613/3051/2922 2623/3061/2932
f 2624/3062/2933 2611/3049/2920 2613/3051/2922
f 2625/3063/2934 2611/3049/2920 2624/3062/2933
f 2625/3063/2934 2614/3052/2923 2611/3049/2920
f 2625/3063/2934 2626/3064/2935 2614/3052/2923
f 2625/3063/2934 2627/3065/2936 2626/3064/2935
f 2625/3063/2934 2628/3066/2937 2627/3065/2936
f 2629/3067/2938 2627/3065/2936 2628/3066/2937
f 2630/3068/2939 2628/3066/2937 2631/3069/2940
f 2628/3066/2937 2632/3070/2941 2631/3069/2940
f 2628/3066/2937 2625/3063/2934 2632/3070/2941
f 2625/3063/2934 2624/3062/2933 2632/3070/2941
f 2629/3067/2938 2633/3071/2942 2627/3065/2936
f 2634/3072/2943 2633/3071/2942 2629/3067/2938
f 2634/3072/2943 2635/3073/2944 2633/3071/2942
f 2630/3068/2939 2629/3067/2938 2628/3066/2937
f 2636/3074/2945 2629/3067/2938 2630/3068/2939
f 2636/3074/2945 2634/3072/2943 2629/3067/2938
f 2636/3074/2945 2637/3075/2946 2634/3072/2943
f 2635/3073/2944 2634/3072/2943 2637/3075/2946
f 2635/3073/2944 2637/3075/2946 2638/3076/2947
f 2637/3075/2946 2639/3077/2948 2638/3076/2947
f 2637/3075/2946 2640/3078/2949 2639/3077/2948
f 2639/3077/2948 2640/3078/2949 2641/3075/2950
f 2641/3075/2950 2640/3078/2949 2642/3079/2951
f 2642/3079/2951 2640/3078/2949 2637/3075/2946
f 2642/3079/2951 2637/3075/2946 2643/3080/2952
f 2636/3074/2945 2643/3080/2952 2637/3075/2946
f 2644/3071/2953 2645/3081/2954 2646/3082/2955
f 2644/3071/2953 2646/3082/2955 2647/3073/2956
f 2644/3071/2953 2647/3073/2956 2648/3072/2957
f 2647/3073/2956 2641/3075/2950 2648/3072/2957
f 2647/3073/2956 2649/3076/2958 2641/3075/2950
f 2639/3077/2948 2641/3075/2950 2649/3076/2958
f 2649/3076/2958 2650/3083/2959 2639/3077/2948
f 2638/3076/2947 2639/3077/2948 2650/3083/2959
f 2638/3076/2947 2650/3083/2959 2651/3084/2960
f 2635/3073/2944 2638/3076/2947 2651/3084/2960
f 2635/3073/2944 2651/3084/2960 2652/3082/2961
f 2633/3071/2942 2635/3073/2944 2652/3082/2961
f 2633/3071/2942 2652/3082/2961 2653/3081/2962
f 2627/3065/2936 2633/3071/2942 2653/3081/2962
f 2627/3065/2936 2653/3081/2962 2654/3085/2963
f 2626/3064/2935 2627/3065/2936 2654/3085/2963
f 2626/3064/2935 2654/3085/2963 2615/3053/2924
f 2614/3052/2923 2626/3064/2935 2615/3053/2924
f 2655/3084/2964 2647/3073/2956 2646/3082/2955
f 2655/3084/2964 2649/3076/2958 2647/3073/2956
f 2649/3076/2958 2655/3084/2964 2650/3083/2959
f 2641/3075/2950 2642/3079/2951 2656/3080/2965
f 2641/3075/2950 2656/3080/2965 2657/3074/2966
f 2641/3075/2950 2657/3074/2966 2648/3072/2957
f 2657/3074/2966 2658/3067/2967 2648/3072/2957
f 2644/3071/2953 2648/3072/2957 2658/3067/2967
f 2659/3065/2968 2644/3071/2953 2658/3067/2967
f 2659/3065/2968 2645/3081/2954 2644/3071/2953
f 2659/3065/2968 2660/3085/2969 2645/3081/2954
f 2660/3085/2969 2659/3065/2968 2661/3064/2970
f 2660/3085/2969 2661/3064/2970 2662/3053/2971
f 2662/3053/2971 2661/3064/2970 2663/3052/2972
f 2662/3053/2971 2663/3052/2972 2664/3054/2973
f 2665/3055/2974 2664/3054/2973 2663/3052/2972
f 2665/3055/2974 2663/3052/2972 2666/3050/2975
f 2667/3056/2976 2665/3055/2974 2666/3050/2975
f 2668/3057/2977 2667/3056/2976 2666/3050/2975
f 2666/3050/2975 2669/3058/2978 2668/3057/2977
f 2666/3050/2975 2670/3051/2979 2669/3058/2978
f 2671/3049/2980 2666/3050/2975 2663/3052/2972
f 2671/3049/2980 2670/3051/2979 2666/3050/2975
f 2672/3059/2981 2669/3058/2978 2670/3051/2979
f 2670/3051/2979 2673/3060/2982 2672/3059/2981
f 2670/3051/2979 2674/3061/2983 2673/3060/2982
f 2675/3062/2984 2674/3061/2983 2670/3051/2979
f 2675/3062/2984 2670/3051/2979 2671/3049/2980
f 2675/3062/2984 2671/3049/2980 2676/3063/2985
f 2676/3063/2985 2671/3049/2980 2663/3052/2972
f 2676/3063/2985 2663/3052/2972 2661/3064/2970
f 2659/3065/2968 2676/3063/2985 2661/3064/2970
f 2659/3065/2968 2677/3066/2986 2676/3063/2985
f 2659/3065/2968 2658/3067/2967 2677/3066/2986
f 2678/3068/2987 2677/3066/2986 2658/3067/2967
f 2657/3074/2966 2678/3068/2987 2658/3067/2967
f 2678/3068/2987 2679/3069/2988 2677/3066/2986
f 2677/3066/2986 2679/3069/2988 2680/3070/2989
f 2677/3066/2986 2680/3070/2989 2676/3063/2985
f 2675/3062/2984 2676/3063/2985 2680/3070/2989
f 2681/2973/2990 2682/2969/2991 2683/2970/2992
f 2681/2973/2990 2684/2976/2993 2682/2969/2991
f 2684/2976/2993 2685/2981/2994 2682/2969/2991
f 2682/2969/2991 2685/2981/2994 2686/2968/2995
f 2684/2976/2993 2687/2980/2996 2685/2981/2994
f 2688/2979/2997 2687/2980/2996 2684/2976/2993
f 2684/2976/2993 2689/2978/2998 2688/2979/2997
f 2690/2977/2999 2689/2978/2998 2684/2976/2993
f 2691/2975/3000 2690/2977/2999 2684/2976/2993
f 2691/2975/3000 2684/2976/2993 2681/2973/2990
f 2692/2974/3001 2691/2975/3000 2681/2973/2990
f 2693/2972/3002 2692/2974/3001 2681/2973/2990
f 2693/2972/3002 2681/2973/2990 2683/2970/2992
f 2693/2972/3002 2683/2970/2992 2694/2971/3003
f 2683/2970/2992 2695/2950/3004 2694/2971/3003
f 2683/2970/2992 2696/2948/3005 2695/2950/3004
f 2682/2969/2991 2696/2948/3005 2683/2970/2992
f 2682/2969/2991 2697/2949/3006 2696/2948/3005
f 2682/2969/2991 2686/2968/2995 2697/2949/3006
f 2686/2968/2995 2545/2946/2815 2697/2949/3006
f 2686/2968/2995 2698/2964/3007 2545/2946/2815
f 2545/2946/2815 2698/2964/3007 2546/2960/2816
f 2550/2952/2820 2699/2951/3008 2548/2947/2818
f 2548/2947/2818 2699/2951/3008 2695/2950/3004
f 2548/2947/2818 2695/2950/3004 2696/2948/3005
f 2545/2946/2815 2548/2947/2818 2696/2948/3005
f 2545/2946/2815 2696/2948/3005 2697/2949/3006
f 2700/3086/3009 2701/3087/3010 2702/3088/3011
f 2700/3086/3009 2703/3089/3012 2701/3087/3010
f 2704/3090/3013 2705/3091/3013 2706/3092/3013
f 2704/3090/3013 2707/3093/3013 2705/3091/3013
f 2705/3094/3014 2702/3095/3015 2706/3096/3016
f 2705/3094/3014 2700/3097/3014 2702/3095/3015
f 2704/3098/3017 2702/3099/3018 2701/3100/3019
f 2704/3098/3017 2706/3101/3019 2702/3099/3018
f 2704/3094/3020 2703/3095/3021 2707/3096/3022
f 2704/3094/3020 2701/3097/3022 2703/3095/3021
f 2707/3102/3023 2700/3103/3024 2705/3104/3024
f 2707/3102/3023 2703/3105/3025 2700/3103/3024
f 2708/3106/3026 2709/3107/3027 2710/3108/3026
f 2708/3106/3026 2711/3109/3028 2709/3107/3027
f 2712/3110/3029 2709/3107/3027 2711/3109/3028
f 2712/3110/3029 2713/3111/3030 2709/3107/3027
f 2714/3112/3031 2713/3111/3030 2712/3110/3029
f 2714/3112/3031 2715/3113/3031 2713/3111/3030
f 2716/3114/3032 2715/3113/3031 2714/3112/3031
f 2716/3114/3032 2714/3112/3031 2717/3115/3032
f 2718/3116/3033 2716/3114/3032 2717/3115/3032
f 2718/3116/3033 2719/3117/3034 2716/3114/3032
f 2718/3116/3033 2720/3118/3035 2719/3117/3034
f 2718/3116/3033 2721/3119/3036 2720/3118/3035
f 2720/3118/3035 2721/3119/3036 2722/3120/3037
f 2720/3118/3035 2722/3120/3037 2723/3121/3037
f 2724/2932/3038 2725/2937/3039 2726/2936/3040
f 2727/2929/3041 2728/2927/3042 2729/2928/3043
f 2727/2929/3041 2730/2930/3044 2728/2927/3042
f 2730/2930/3044 2731/2931/3045 2728/2927/3042
f 2730/2930/3044 2724/2932/3038 2731/2931/3045
f 2726/2936/3040 2731/2931/3045 2724/2932/3038
f 2726/2936/3040 2732/2933/3046 2731/2931/3045
f 2733/2934/3047 2732/2933/3046 2726/2936/3040
f 2733/2934/3047 2734/2935/3048 2732/2933/3046
f 2722/3122/3049 2721/3123/3049 2718/3124/3050
f 2722/3122/3049 2718/3124/3050 2735/3125/3051
f 2718/3124/3050 2736/3126/3052 2735/3125/3051
f 2718/3124/3050 2717/3127/3053 2736/3126/3052
f 2717/3127/3053 2737/3128/3053 2736/3126/3052
f 2717/3127/3053 2714/3129/3053 2737/3128/3053
f 2712/3130/3054 2737/3128/3053 2714/3129/3053
f 2712/3130/3054 2738/3131/3055 2737/3128/3053
f 2712/3130/3054 2708/3132/3056 2738/3131/3055
f 2712/3130/3054 2711/3133/3057 2708/3132/3056
f 2739/3134/3058 2740/3135/3059 2741/3136/3060
f 2741/3136/3060 2740/3135/3059 2742/3137/3061
f 2741/3136/3060 2742/3137/3061 2743/3138/3062
f 2744/3139/3063 2743/3138/3062 2742/3137/3061
f 2744/3139/3063 2742/3137/3061 2745/3140/3064
f 2744/3139/3063 2745/3140/3064 2746/3141/3065
f 2747/3142/3066 2746/3141/3065 2745/3140/3064
f 2748/3143/3067 2747/3142/3066 2745/3140/3064
f 2748/3143/3067 2745/3140/3064 2749/3144/3068
f 2750/3145/3069 2748/3143/3067 2749/3144/3068
f 2750/3145/3069 2749/3144/3068 2751/3146/3070
f 2750/3145/3069 2751/3146/3070 2752/3147/3071
f 2753/3148/3072 2752/3147/3071 2751/3146/3070
f 2753/3148/3072 2751/3146/3070 2754/3149/3073
f 2753/3148/3072 2754/3149/3073 2755/3150/3074
f 2740/3135/3059 2756/3151/3075 2742/3137/3061
f 2742/3137/3061 2756/3151/3075 2745/3140/3064
f 2745/3140/3064 2756/3151/3075 2749/3144/3068
f 2749/3144/3068 2756/3151/3075 2751/3146/3070
f 2751/3146/3070 2756/3151/3075 2754/3149/3073
f 2747/3142/3066 2757/3152/3076 2758/3153/3077
f 2747/3142/3066 2748/3143/3067 2757/3152/3076
f 2748/3143/3067 2759/3154/3078 2757/3152/3076
f 2748/3143/3067 2750/3145/3069 2759/3154/3078
f 2750/3145/3069 2760/3155/3079 2759/3154/3078
f 2750/3145/3069 2752/3147/3071 2760/3155/3079
f 2752/3147/3071 2761/3156/3080 2760/3155/3079
f 2752/3147/3071 2753/3148/3072 2761/3156/3080
f 2753/3148/3072 2762/3157/3081 2761/3156/3080
f 2753/3148/3072 2755/3150/3074 2762/3157/3081
f 2755/3150/3074 2763/3158/3082 2762/3157/3081
f 2755/3150/3074 2764/3159/3083 2763/3158/3082
f 2764/3159/3083 2755/3150/3074 2754/3149/3073
f 2764/3159/3083 2754/3149/3073 2765/3160/3084
f 2754/3149/3073 2756/3151/3075 2765/3160/3084
f 2765/3160/3084 2756/3151/3075 2766/3161/3085
f 2766/3161/3085 2756/3151/3075 2740/3135/3059
f 2739/3134/3058 2766/3161/3085 2740/3135/3059
f 2764/3159/3083 2765/3160/3084 2767/3162/3086
f 2768/3163/3087 2767/3162/3086 2765/3160/3084
f 2769/3164/3088 2768/3163/3087 2765/3160/3084
f 2769/3164/3088 2765/3160/3084 2766/3161/3085
f 2739/3134/3058 2769/3164/3088 2766/3161/3085
f 2764/3159/3083 2770/3165/3089 2763/3158/3082
f 2764/3159/3083 2767/3162/3086 2770/3165/3089
f 2767/3162/3086 2771/3166/3090 2770/3165/3089
f 2767/3162/3086 2768/3163/3087 2771/3166/3090
f 2768/3163/3087 2772/3167/3091 2771/3166/3090
f 2768/3163/3087 2769/3164/3088 2772/3167/3091
f 2769/3164/3088 2773/3168/3092 2772/3167/3091
f 2769/3164/3088 2739/3134/3058 2773/3168/3092
f 2739/3134/3058 2774/3169/3093 2773/3168/3092
f 2739/3134/3058 2741/3136/3060 2774/3169/3093
f 2741/3136/3060 2775/3170/3094 2774/3169/3093
f 2741/3136/3060 2743/3138/3062 2775/3170/3094
f 2743/3138/3062 2776/3171/3095 2775/3170/3094
f 2743/3138/3062 2744/3139/3063 2776/3171/3095
f 2744/3139/3063 2777/3172/3096 2776/3171/3095
f 2744/3139/3063 2746/3141/3065 2777/3172/3096
f 2746/3141/3065 2758/3153/3077 2777/3172/3096
f 2746/3141/3065 2747/3142/3066 2758/3153/3077
f 2713/3173/3097 2710/3174/3098 2709/3175/3098
f 2713/3173/3097 2778/3176/3099 2710/3174/3098
f 2713/3173/3097 2779/3177/3100 2778/3176/3099
f 2713/3173/3097 2715/3178/3100 2779/3177/3100
f 2715/3178/3100 2780/3179/3101 2779/3177/3100
f 2715/3178/3100 2716/3180/3101 2780/3179/3101
f 2719/3181/3102 2780/3179/3101 2716/3180/3101
f 2719/3181/3102 2781/3182/3103 2780/3179/3101
f 2719/3181/3102 2723/3183/3104 2781/3182/3103
f 2719/3181/3102 2720/3184/3104 2723/3183/3104
f 2782/3185/3105 2783/3186/3106 2784/3187/3107
f 2782/3185/3105 2785/3188/3108 2783/3186/3106
f 2785/3188/3108 2786/3189/3109 2783/3186/3106
f 2785/3188/3108 2787/3190/3110 2786/3189/3109
f 2788/3191/3111 2786/3189/3109 2787/3190/3110
f 2788/3191/3111 2787/3190/3110 2789/3192/3112
f 2790/3193/3113 2788/3191/3111 2789/3192/3112
f 2790/3193/3113 2789/3192/3112 2791/3194/3114
f 2792/3195/3115 2790/3193/3113 2791/3194/3114
f 2792/3195/3115 2791/3194/3114 2793/3196/3116
f 2794/3197/3117 2792/3195/3115 2793/3196/3116
f 2794/3197/3117 2793/3196/3116 2795/3198/3118
f 2796/3199/3119 2794/3197/3117 2795/3198/3118
f 2796/3199/3119 2795/3198/3118 2797/3200/3120
f 2798/3201/3121 2796/3199/3119 2797/3200/3120
f 2798/3201/3121 2797/3200/3120 2799/3202/3122
f 2800/3203/3123 2798/3201/3121 2799/3202/3122
f 2800/3203/3123 2799/3202/3122 2801/3204/3124
f 2800/3203/3123 2801/3204/3124 2802/3205/3125
f 2800/3203/3123 2802/3205/3125 2803/3206/3126
f 2802/3205/3125 2804/3207/3127 2803/3206/3126
f 2802/3205/3125 2805/3208/3128 2804/3207/3127
f 2804/3207/3127 2805/3208/3128 2806/3209/3129
f 2804/3207/3127 2806/3209/3129 2807/3210/3130
f 2808/3211/3131 2809/2299/3132 2810/2300/3133
f 2808/3211/3131 2810/2300/3132 2811/3212/3134
f 2811/3212/3134 2812/3213/3135 2808/3211/3131
f 2811/3212/3134 2813/3214/3136 2812/3213/3135
f 2813/3214/3136 2814/3215/3137 2812/3213/3135
f 2813/3214/3136 2815/3216/3138 2814/3215/3137
f 2815/3216/3138 2816/3217/3139 2814/3215/3137
f 2815/3216/3138 2817/3218/3140 2816/3217/3139
f 2817/3218/3140 2818/3219/3141 2816/3217/3139
f 2817/3218/3140 2819/3220/3142 2818/3219/3141
f 2819/3220/3142 2820/3221/3143 2818/3219/3141
f 2819/3220/3142 2821/3222/3144 2820/3221/3143
f 2821/3222/3144 2822/3223/3145 2820/3221/3143
f 2821/3222/3144 2823/3224/3146 2822/3223/3145
f 2823/3224/3146 2824/3225/3147 2822/3223/3145
f 2823/3224/3146 2825/3226/3148 2824/3225/3147
f 2825/3226/3148 2784/3187/3107 2824/3225/3147
f 2825/3226/3148 2782/3185/3105 2784/3187/3107
f 2826/3227/3149 2827/3228/3150 2828/3229/3151
f 2826/3227/3149 2829/3230/3152 2827/3228/3150
f 2830/3231/3153 2829/3230/3152 2826/3227/3149
f 2830/3231/3153 2826/3227/3149 2831/3232/3153
f 2832/3233/3154 2830/3234/3155 2831/3235/3155
f 2832/3233/3154 2833/3236/3156 2830/3234/3155
f 2832/3233/3154 2834/3237/3157 2833/3236/3156
f 2832/3233/3154 2835/3238/3158 2834/3237/3157
f 2835/3238/3158 2836/3239/3159 2834/3237/3157
f 2835/3238/3158 2837/3240/3160 2836/3239/3159
f 2837/3240/3160 2838/3241/3161 2836/3239/3159
f 2837/3240/3160 2839/3242/3162 2838/3241/3161
f 2839/3242/3162 2840/3243/3163 2838/3241/3161
f 2839/3242/3162 2841/3244/3164 2840/3243/3163
f 2842/3245/3165 2840/3243/3163 2841/3244/3164
f 2842/3245/3165 2843/3246/3166 2840/3243/3163
f 2844/3247/3167 2843/3246/3166 2842/3245/3165
f 2844/3247/3167 2845/3248/3168 2843/3246/3166
f 2844/3247/3167 2827/3249/3169 2845/3248/3168
f 2844/3247/3167 2828/3250/3169 2827/3249/3169
f 2836/3251/3170 2846/3252/3171 2834/3253/3172
f 2836/3251/3170 2838/3254/3173 2846/3252/3171
f 2840/3255/3174 2846/3252/3171 2838/3254/3173
f 2840/3255/3174 2843/3256/3175 2846/3252/3171
f 2843/3256/3175 2847/3257/3176 2846/3252/3171
f 2843/3256/3175 2845/3258/3177 2847/3257/3176
f 2845/3258/3177 2829/3259/3178 2847/3257/3176
f 2845/3258/3177 2827/3260/3179 2829/3259/3178
f 2833/3261/3180 2829/3259/3178 2830/3262/3181
f 2833/3261/3180 2847/3257/3176 2829/3259/3178
f 2834/3253/3172 2847/3257/3176 2833/3261/3180
f 2834/3253/3172 2846/3252/3171 2847/3257/3176
f 2812/3263/3182 2814/3264/3183 2848/3265/3184
f 2848/3265/3184 2849/3266/3185 2850/3267/3186
f 2812/3263/3182 2848/3265/3184 2850/3267/3186
f 2812/3263/3182 2850/3267/3186 2851/3268/3187
f 2812/3263/3182 2851/3268/3187 2808/3269/3188
f 2851/3268/3187 2852/3270/3189 2808/3269/3188
f 2808/3269/3188 2852/3270/3189 2853/3271/3190
f 2808/3269/3188 2853/3271/3190 2809/3272/3191
f 2809/3272/3191 2853/3271/3190 2854/3273/3192
f 2809/3272/3191 2854/3273/3192 2855/3274/3193
f 2854/3273/3192 2856/3275/3194 2855/3274/3193
f 2854/3273/3192 2857/3276/3195 2856/3275/3194
f 2858/3277/3196 2789/3278/3197 2787/3279/3198
f 2858/3277/3196 2787/3279/3198 2859/3280/3199
f 2787/3279/3198 2860/3281/3200 2859/3280/3199
f 2787/3279/3198 2785/3282/3201 2860/3281/3200
f 2785/3282/3201 2861/3283/3202 2860/3281/3200
f 2785/3282/3201 2782/3284/3203 2861/3283/3202
f 2782/3284/3203 2862/3285/3204 2861/3283/3202
f 2782/3284/3203 2825/3286/3205 2862/3285/3204
f 2825/3286/3205 2863/3287/3206 2862/3285/3204
f 2825/3286/3205 2823/3288/3207 2863/3287/3206
f 2821/3289/3208 2863/3287/3206 2823/3288/3207
f 2821/3289/3208 2864/3290/3209 2863/3287/3206
f 2821/3289/3208 2865/3291/3210 2864/3290/3209
f 2821/3289/3208 2819/3292/3211 2865/3291/3210
f 2817/3293/3212 2865/3291/3210 2819/3292/3211
f 2817/3293/3212 2866/3294/3213 2865/3291/3210
f 2817/3293/3212 2867/3295/3214 2866/3294/3213
f 2817/3293/3212 2815/3296/3215 2867/3295/3214
f 2805/3297/3216 2868/2228/3217 2806/2229/3218
f 2805/3297/3216 2869/3298/3219 2868/2228/3217
f 2870/3299/3220 2869/3298/3219 2805/3297/3216
f 2870/3299/3220 2805/3297/3216 2802/3300/3221
f 2801/3301/3222 2870/3299/3220 2802/3300/3221
f 2801/3301/3222 2871/3302/3223 2870/3299/3220
f 2871/3302/3223 2801/3301/3222 2799/3303/3224
f 2871/3302/3223 2799/3303/3224 2872/3304/3225
f 2872/3304/3225 2799/3303/3224 2797/3305/3226
f 2872/3304/3225 2797/3305/3226 2873/3306/3227
f 2795/3307/3228 2873/3306/3227 2797/3305/3226
f 2795/3307/3228 2874/3308/3229 2873/3306/3227
f 2874/3308/3229 2795/3307/3228 2793/3309/3230
f 2874/3308/3229 2793/3309/3230 2875/3310/3231
f 2875/3310/3231 2793/3309/3230 2791/3311/3232
f 2875/3310/3231 2791/3311/3232 2876/3312/3233
f 2789/3278/3197 2876/3312/3233 2791/3311/3232
f 2789/3278/3197 2858/3277/3196 2876/3312/3233
f 2877/3313/3234 2878/3314/3235 2879/3315/3236
f 2879/3315/3236 2880/3316/3237 2877/3313/3234
f 2880/3316/3237 2881/3317/3238 2877/3313/3234
f 2880/3316/3237 2882/3318/3239 2881/3317/3238
f 2880/3316/3237 2883/3319/3240 2882/3318/3239
f 2884/3320/3241 2882/3318/3239 2883/3319/3240
f 2884/3320/3241 2885/3321/3242 2882/3318/3239
f 2886/3322/3243 2885/3321/3242 2884/3320/3241
f 2886/3322/3243 2887/3323/3244 2885/3321/3242
f 2879/3315/3236 2888/3324/3245 2880/3316/3237
f 2889/3325/3246 2890/3326/3247 2891/3327/3248
f 2889/3325/3246 2892/3328/3249 2890/3326/3247
f 2889/3325/3246 2893/3329/3250 2892/3328/3249
f 2889/3325/3246 2894/3330/3251 2893/3329/3250
f 2894/3330/3251 2895/3331/3252 2893/3329/3250
f 2894/3330/3251 2896/3332/3253 2895/3331/3252
f 2895/3331/3252 2897/3333/3254 2893/3329/3250
f 2898/3334/3255 2788/3335/3256 2790/3336/3257
f 2898/3334/3255 2790/3336/3257 2899/3337/3258
f 2899/3337/3258 2790/3336/3257 2792/3338/3259
f 2899/3337/3258 2792/3338/3259 2900/3339/3260
f 2901/3340/3261 2900/3339/3260 2792/3338/3259
f 2901/3340/3261 2792/3338/3259 2794/3341/3262
f 2902/3342/3263 2901/3340/3261 2794/3341/3262
f 2902/3342/3263 2794/3341/3262 2796/3343/3264
f 2903/3344/3265 2902/3342/3263 2796/3343/3264
f 2903/3344/3265 2796/3343/3264 2798/3345/3266
f 2904/3346/3267 2903/3344/3265 2798/3345/3266
f 2904/3346/3267 2798/3345/3266 2800/3347/3268
f 2904/3346/3267 2800/3347/3268 2803/3348/3269
f 2904/3346/3267 2803/3348/3269 2905/3349/3270
f 2803/3348/3269 2906/3350/3271 2905/3349/3270
f 2803/3348/3269 2804/3351/3272 2906/3350/3271
f 2906/3350/3271 2804/3351/3272 2807/3352/3273
f 2906/3350/3271 2807/3352/3273 2907/3353/3274
f 2816/3354/3275 2848/3296/3184 2814/3295/3183
f 2816/3354/3275 2908/3355/3276 2848/3296/3184
f 2816/3354/3275 2909/3356/3277 2908/3355/3276
f 2816/3354/3275 2818/3357/3278 2909/3356/3277
f 2820/3358/3279 2909/3356/3277 2818/3357/3278
f 2820/3358/3279 2910/3359/3280 2909/3356/3277
f 2820/3358/3279 2911/3360/3281 2910/3359/3280
f 2820/3358/3279 2822/3361/3282 2911/3360/3281
f 2824/3362/3283 2911/3360/3281 2822/3361/3282
f 2824/3362/3283 2912/3363/3284 2911/3360/3281
f 2824/3362/3283 2913/3364/3285 2912/3363/3284
f 2824/3362/3283 2784/3365/3286 2913/3364/3285
f 2784/3365/3286 2914/3366/3287 2913/3364/3285
f 2784/3365/3286 2783/3367/3288 2914/3366/3287
f 2783/3367/3288 2915/3368/3289 2914/3366/3287
f 2783/3367/3288 2786/3369/3290 2915/3368/3289
f 2788/3335/3256 2915/3368/3289 2786/3369/3290
f 2788/3335/3256 2898/3334/3255 2915/3368/3289
f 2826/3370/3291 2828/3371/3292 2844/3372/3293
f 2837/3373/3294 2916/3374/3295 2839/3375/3296
f 2916/3374/3295 2841/3376/3297 2839/3375/3296
f 2916/3374/3295 2842/3377/3298 2841/3376/3297
f 2916/3374/3295 2844/3372/3293 2842/3377/3298
f 2916/3374/3295 2917/3378/3299 2844/3372/3293
f 2826/3370/3291 2844/3372/3293 2917/3378/3299
f 2917/3378/3299 2831/3379/3300 2826/3370/3291
f 2917/3378/3299 2832/3380/3301 2831/3379/3300
f 2916/3374/3295 2832/3380/3301 2917/3378/3299
f 2916/3374/3295 2835/3381/3302 2832/3380/3301
f 2837/3373/3294 2835/3381/3302 2916/3374/3295
f 2918/3315/3303 2919/3314/3304 2920/3313/3305
f 2921/3324/3306 2918/3315/3303 2920/3313/3305
f 2921/3324/3306 2920/3313/3305 2922/3316/3307
f 2920/3313/3305 2923/3317/3308 2922/3316/3307
f 2923/3317/3308 2924/3319/3309 2922/3316/3307
f 2923/3317/3308 2925/3318/3310 2924/3319/3309
f 2925/3318/3310 2926/3320/3311 2924/3319/3309
f 2925/3318/3310 2927/3321/3312 2926/3320/3311
f 2927/3321/3312 2928/3322/3313 2926/3320/3311
f 2927/3321/3312 2929/3323/3313 2928/3322/3313
f 2930/3329/3314 2931/3333/3315 2932/3331/3316
f 2932/3331/3316 2933/3330/3317 2930/3329/3314
f 2933/3330/3317 2934/3328/3318 2930/3329/3314
f 2933/3330/3317 2935/3325/3319 2934/3328/3318
f 2936/3327/3320 2934/3328/3321 2935/3325/3322
f 2936/3327/3320 2937/3326/3323 2934/3328/3321
f 2932/3331/3316 2938/3332/3324 2933/3330/3317
f 2918/3382/3325 2939/3383/3326 2879/3384/3327
f 2918/3382/3325 2940/3385/3328 2939/3383/3326
f 2940/3385/3328 2941/3386/3329 2939/3383/3326
f 2940/3385/3328 2942/3387/3330 2941/3386/3329
f 2942/3387/3330 2943/3388/3331 2941/3386/3329
f 2942/3387/3330 2944/3389/3332 2943/3388/3331
f 2944/3389/3332 2938/3390/3333 2943/3388/3331
f 2944/3389/3332 2896/3391/3334 2938/3390/3333
f 2896/3391/3334 2933/3392/3335 2938/3390/3333
f 2896/3391/3334 2894/3393/3336 2933/3392/3337
f 2935/3394/3338 2891/3395/3339 2936/3396/3340
f 2935/3394/3338 2889/3397/3341 2891/3395/3339
f 2921/3398/3306 2940/3399/3342 2918/3400/3303
f 2921/3398/3306 2945/3401/3343 2940/3399/3342
f 2945/3401/3343 2942/3402/3344 2940/3399/3342
f 2945/3401/3343 2946/3403/3345 2942/3402/3344
f 2946/3403/3345 2944/3404/3346 2942/3402/3344
f 2946/3403/3345 2947/3405/3347 2944/3404/3346
f 2947/3405/3347 2896/3406/3253 2944/3404/3346
f 2947/3405/3347 2895/3407/3252 2896/3406/3253
f 1764/3408/3348 1762/3409/3349 1760/3410/3350
f 1764/3408/3348 1760/3410/3350 1758/3411/3351
f 1758/3411/3351 1766/3412/3352 1764/3408/3348
f 1758/3411/3351 1756/3413/3353 1766/3412/3352
f 1756/3413/3354 1632/3414/3355 1766/3412/3352
f 1756/3413/3354 1630/3415/1649 1632/3414/3355
f 1756/3413/3354 1647/3416/1650 1630/3415/1649
f 1756/3413/3354 1753/3417/3356 1647/3416/1650
f 2948/2398/3357 2949/2399/3358 2950/2400/3358
f 2948/2398/3357 2951/2401/3357 2949/2399/3358
f 2952/2402/3359 2951/2401/3357 2948/2398/3357
f 2952/2402/3359 2953/2403/3360 2951/2401/3357
f 2954/2404/3361 2953/2403/3360 2952/2402/3359
f 2954/2404/3361 2955/2405/3362 2953/2403/3360
f 2956/2406/3363 2955/2405/3362 2954/2404/3361
f 2956/2406/3363 2957/2407/3364 2955/2405/3362
f 2958/2408/3365 2957/2407/3364 2956/2406/3363
f 2958/2408/3365 2959/2409/3365 2957/2407/3364
f 2958/2408/3365 2960/2410/3366 2959/2409/3365
f 2958/2408/3365 2961/2411/3366 2960/2410/3366
f 2960/2410/3366 2961/2411/3366 2962/2487/3367
f 2960/2410/3366 2962/2487/3367 2963/2488/3368
f 2963/2488/3368 2962/2487/3367 2964/2489/3369
f 2963/2488/3368 2964/2489/3369 2965/2490/3370
f 2965/2490/3370 2964/2489/3369 2966/2491/3371
f 2965/2490/3370 2966/2491/3371 2967/2492/3371
f 2918/3418/3325 2879/3419/3327 2878/3420/3372
f 2918/3418/3325 2878/3420/3372 2919/3421/3373
f 2877/3422/3374 2919/3421/3373 2878/3420/3372
f 2877/3422/3374 2920/3423/3375 2919/3421/3373
f 2920/3423/3375 2877/3422/3374 2881/3424/3376
f 2920/3423/3375 2881/3424/3376 2923/3425/3377
f 2882/3426/3378 2923/3425/3377 2881/3424/3376
f 2882/3426/3378 2925/3427/3379 2923/3425/3377
f 2885/3428/3380 2925/3427/3379 2882/3426/3378
f 2885/3428/3380 2927/3429/3381 2925/3427/3379
f 2927/3429/3381 2885/3428/3380 2887/3430/3382
f 2927/3429/3381 2887/3430/3382 2929/3431/3383
f 2936/3432/3340 2891/3433/3339 2890/3434/3384
f 2936/3432/3340 2890/3434/3384 2937/3435/3385
f 2890/3434/3384 2934/3436/3386 2937/3435/3385
f 2890/3434/3384 2892/3437/3387 2934/3436/3386
f 2934/3436/3386 2892/3437/3387 2893/3438/3388
f 2934/3436/3386 2893/3438/3388 2930/3439/3389
f 2897/3440/3390 2930/3439/3389 2893/3438/3388
f 2897/3440/3390 2931/3441/3391 2930/3439/3389
f 2895/3442/3392 2931/3441/3391 2897/3440/3390
f 2895/3442/3392 2932/3443/3393 2931/3441/3391
f 2939/3401/3394 2888/3400/3245 2879/3398/3236
f 2939/3401/3394 2968/3399/3395 2888/3400/3245
f 2968/3399/3395 2939/3401/3394 2941/3403/3396
f 2968/3399/3395 2941/3403/3396 2969/3402/3397
f 2969/3402/3397 2941/3403/3396 2943/3405/3398
f 2969/3402/3397 2943/3405/3398 2970/3404/3399
f 2938/3407/3324 2970/3404/3399 2943/3405/3398
f 2938/3407/3324 2932/3406/3316 2970/3404/3399
f 2886/3444/3400 2929/3445/3383 2887/3446/3382
f 2886/3444/3400 2928/3447/3401 2929/3445/3383
f 2926/3448/3402 2928/3447/3401 2886/3444/3400
f 2926/3448/3402 2886/3444/3400 2884/3449/3403
f 2924/3450/3404 2926/3448/3402 2884/3449/3403
f 2924/3450/3404 2884/3449/3403 2883/3451/3405
f 2922/3452/3406 2924/3450/3404 2883/3451/3405
f 2922/3452/3406 2883/3451/3405 2880/3453/3407
f 2921/3454/3408 2922/3452/3406 2880/3453/3407
f 2921/3454/3408 2880/3453/3407 2888/3455/3409
f 2968/3456/3410 2921/3454/3408 2888/3455/3409
f 2968/3456/3410 2945/3457/3411 2921/3454/3408
f 2945/3457/3411 2968/3456/3410 2969/3458/3412
f 2945/3457/3411 2969/3458/3412 2946/3459/3413
f 2946/3459/3413 2969/3458/3412 2970/3460/3414
f 2946/3459/3413 2970/3460/3414 2947/3461/3415
f 2932/3462/3393 2947/3461/3415 2970/3460/3414
f 2932/3462/3393 2895/3463/3392 2947/3461/3415
f 1631/3414/3416 1629/3415/1756 1735/3416/1758
f 1757/3411/3417 1759/3410/3418 1761/3409/3418
f 1757/3411/3417 1761/3409/3418 1763/3408/3419
f 1757/3411/3417 1763/3408/3419 1765/3412/3420
f 1757/3411/3417 1765/3412/3420 1755/3413/3421
f 1755/3413/3421 1765/3412/3420 1631/3414/3416
f 1631/3414/3416 1735/3416/1758 1755/3413/3421
f 1735/3416/1758 1754/3417/3422 1755/3413/3421
f 2971/3464/3423 2972/3465/3424 2973/3466/3425
f 2974/3464/3426 2973/3466/3425 2972/3465/3424
f 2975/3467/3427 2973/3466/3425 2974/3464/3426
f 2975/3467/3427 2974/3464/3426 2976/3468/3428
f 2977/3469/3429 2975/3467/3427 2976/3468/3428
f 2977/3469/3429 2978/3470/3430 2975/3467/3427
f 2979/3471/3431 2978/3470/3430 2977/3469/3429
f 2979/3471/3431 2980/3472/3432 2978/3470/3430
f 2981/3473/3433 2980/3472/3432 2979/3471/3431
f 2982/3474/3434 2980/3472/3432 2981/3473/3433
f 2982/3474/3434 2981/3473/3433 2983/3475/3435
f 2984/3476/3436 2982/3474/3434 2983/3475/3435
f 2985/3477/3437 2982/3474/3434 2984/3476/3436
f 2985/3477/3437 2984/3476/3436 2986/3478/3438
f 2987/3479/3439 2985/3477/3437 2986/3478/3438
f 2987/3479/3439 2988/3480/3440 2985/3477/3437
f 2989/3481/3441 2988/3480/3440 2987/3479/3439
f 2989/3481/3441 2987/3479/3439 2990/3482/3442
f 2991/3483/3443 2989/3481/3441 2990/3482/3442
f 2991/3483/3443 2992/3482/3444 2989/3481/3441
f 2993/3479/3445 2989/3481/3441 2992/3482/3444
f 2993/3479/3445 2994/3480/3446 2989/3481/3441
f 2993/3479/3445 2995/3477/3447 2994/3480/3446
f 2993/3479/3445 2996/3478/3448 2995/3477/3447
f 2997/3476/3449 2995/3477/3447 2996/3478/3448
f 2997/3476/3449 2998/3474/3450 2995/3477/3447
f 2997/3476/3449 2999/3475/3451 2998/3474/3450
f 3000/3473/3452 2998/3474/3450 2999/3475/3451
f 3000/3473/3452 3001/3472/3453 2998/3474/3450
f 3000/3473/3452 3002/3471/3454 3001/3472/3453
f 3002/3471/3454 3003/3470/3455 3001/3472/3453
f 3002/3471/3454 3004/3469/3456 3003/3470/3455
f 3004/3469/3456 3005/3467/3457 3003/3470/3455
f 3004/3469/3456 3006/3468/3458 3005/3467/3457
f 2971/3464/3423 3005/3467/3457 3006/3468/3458
f 2971/3464/3423 2973/3466/3425 3005/3467/3457
f 3007/2412/3459 3008/2413/3460 3009/2414/3461
f 3007/2412/3459 3010/2415/3462 3008/2413/3460
f 2998/3484/3463 3011/3485/3464 3012/3486/3465
f 2998/3484/3463 3001/3487/3466 3011/3485/3464
f 3001/3487/3466 3003/3488/3467 3011/3485/3464
f 3011/3485/3464 3003/3488/3467 3005/3489/3468
f 3005/3489/3468 2973/3490/3469 3011/3485/3464
f 2975/3489/3470 3011/3485/3464 2973/3490/3469
f 3011/3485/3464 2975/3489/3470 2978/3488/3471
f 2980/3487/3472 3011/3485/3464 2978/3488/3471
f 2982/3484/3473 3011/3485/3464 2980/3487/3472
f 2982/3484/3473 3012/3486/3465 3011/3485/3464
f 2985/3491/3474 3012/3486/3465 2982/3484/3473
f 2988/3492/3475 3012/3486/3465 2985/3491/3474
f 2988/3492/3475 2989/3493/3476 3012/3486/3465
f 2994/3492/3477 3012/3486/3465 2989/3493/3476
f 2994/3492/3477 2995/3491/3478 3012/3486/3465
f 2995/3491/3478 2998/3484/3463 3012/3486/3465
f 3013/3464/3479 3014/3466/3480 3015/3465/3481
f 3016/3464/3482 3015/3465/3481 3014/3466/3480
f 3016/3464/3482 3014/3466/3480 3017/3467/3483
f 3016/3464/3482 3017/3467/3483 3018/3468/3484
f 3019/3469/3485 3018/3468/3484 3017/3467/3483
f 3019/3469/3485 3017/3467/3483 3020/3470/3486
f 3021/3471/3487 3019/3469/3485 3020/3470/3486
f 3021/3471/3487 3020/3470/3486 3022/3472/3488
f 3023/3473/3489 3021/3471/3487 3022/3472/3488
f 3023/3473/3489 3022/3472/3488 3024/3474/3490
f 3023/3473/3489 3024/3474/3490 3025/3475/3491
f 3026/3476/3492 3025/3475/3491 3024/3474/3490
f 3026/3476/3492 3024/3474/3490 3027/3477/3493
f 3026/3476/3492 3027/3477/3493 3028/3478/3494
f 3029/3479/3495 3028/3478/3494 3027/3477/3493
f 3029/3479/3495 3027/3477/3493 3030/3480/3496
f 3029/3479/3495 3030/3480/3496 3031/3481/3497
f 3029/3479/3495 3031/3481/3497 3032/3482/3498
f 3033/3483/3499 3032/3482/3498 3031/3481/3497
f 3033/3483/3499 3031/3481/3497 3034/3482/3500
f 3031/3481/3497 3035/3479/3501 3034/3482/3500
f 3031/3481/3497 3036/3480/3502 3035/3479/3501
f 3035/3479/3501 3036/3480/3502 3037/3477/3503
f 3035/3479/3501 3037/3477/3503 3038/3478/3504
f 3037/3477/3503 3039/3476/3505 3038/3478/3504
f 3037/3477/3503 3040/3474/3506 3039/3476/3505
f 3039/3476/3505 3040/3474/3506 3041/3475/3507
f 3040/3474/3506 3042/3473/3508 3041/3475/3507
f 3040/3474/3506 3043/3472/3509 3042/3473/3508
f 3042/3473/3508 3043/3472/3509 3044/3471/3510
f 3044/3471/3510 3043/3472/3509 3045/3470/3511
f 3044/3471/3510 3045/3470/3511 3046/3469/3512
f 3046/3469/3512 3045/3470/3511 3047/3467/3513
f 3046/3469/3512 3047/3467/3513 3048/3468/3514
f 3047/3467/3513 3013/3464/3479 3048/3468/3514
f 3047/3467/3513 3014/3466/3480 3013/3464/3479
f 3040/3484/3515 3049/3485/3516 3043/3487/3517
f 3043/3487/3517 3049/3485/3516 3045/3488/3518
f 3049/3485/3516 3047/3489/3519 3045/3488/3518
f 3047/3489/3519 3049/3485/3516 3014/3490/3520
f 3017/3489/3521 3014/3490/3520 3049/3485/3516
f 3049/3485/3516 3020/3488/3522 3017/3489/3521
f 3022/3487/3523 3020/3488/3522 3049/3485/3516
f 3024/3484/3524 3022/3487/3523 3049/3485/3516
f 3024/3484/3524 3049/3485/3516 3050/3486/3525
f 3027/3491/3526 3024/3484/3524 3050/3486/3525
f 3030/3492/3527 3027/3491/3526 3050/3486/3525
f 3030/3492/3527 3050/3486/3525 3031/3493/3528
f 3036/3492/3529 3031/3493/3528 3050/3486/3525
f 3036/3492/3529 3050/3486/3525 3037/3491/3530
f 3037/3491/3530 3050/3486/3525 3040/3484/3515
f 3040/3484/3515 3050/3486/3525 3049/3485/3516
f 3051/3012/3531 3052/3013/3532 3053/3014/3533
f 3051/3012/3531 3053/3014/3533 3054/3015/3534
f 3055/3016/3535 3051/3012/3531 3054/3015/3534
f 3055/3016/3535 3054/3015/3534 3056/3017/3536
f 3054/3015/3534 3057/3018/3537 3056/3017/3536
f 3058/3019/3538 3059/3020/3539 3052/3021/3540
f 3058/3019/3538 3052/3021/3540 3051/3022/3541
f 3051/3022/3541 3060/3023/3542 3058/3019/3538
f 3051/3022/3541 3055/3024/3543 3060/3023/3542
f 3060/3023/3542 3055/3024/3543 3056/3025/3544
f 3060/3023/3542 3056/3025/3544 3061/3026/3545
f 3056/3025/3544 3062/3027/3546 3061/3026/3545
f 3056/3025/3544 3057/3028/3547 3062/3027/3546
f 3057/3028/3547 3063/3029/3548 3062/3027/3546
f 3057/3028/3547 3054/3030/3549 3063/3029/3548
f 3054/3030/3549 3064/3031/3550 3063/3029/3548
f 3054/3030/3549 3053/3032/3551 3064/3031/3550
f 3064/2183/3552 3052/2182/3553 3059/2184/3554
f 3064/2183/3552 3053/2185/3553 3052/2182/3553
f 2491/3494/2740 3065/3495/3555 3066/3496/3556
f 2491/3494/2740 2483/3497/2732 3065/3495/3555
f 3067/3498/3557 3065/3495/3555 2483/3497/2732
f 3068/3499/3558 3065/3495/3555 3067/3498/3557
f 3068/3499/3558 3067/3498/3557 3069/3500/3559
f 3070/3501/3560 3068/3499/3558 3069/3500/3559
f 3070/3501/3560 3069/3500/3559 3071/3502/3561
f 3069/3500/3559 3072/3503/3562 3071/3502/3561
f 3069/3500/3559 3073/3504/3563 3072/3503/3562
f 3073/3504/3563 3069/3500/3559 3067/3498/3557
f 3073/3504/3563 3067/3498/3557 3074/3505/3564
f 3075/3506/3565 3070/3501/3560 3076/3507/3566
f 3075/3506/3565 3068/3499/3558 3070/3501/3560
f 3066/3496/3556 3068/3499/3558 3075/3506/3565
f 3066/3496/3556 3065/3495/3555 3068/3499/3558
f 2246/3508/2478 2245/3509/2477 3072/3503/3562
f 2246/3508/2478 3072/3503/3562 3073/3504/3563
f 2247/3510/2479 2246/3508/2478 3073/3504/3563
f 2247/3510/2479 3073/3504/3563 3074/3505/3564
f 2258/3511/2490 2247/3510/2479 3074/3505/3564
f 2258/3511/2490 3074/3505/3564 2481/3512/2730
f 3067/3498/3557 2481/3512/2730 3074/3505/3564
f 3067/3498/3557 2482/3513/2731 2481/3512/2730
f 3067/3498/3557 2483/3497/2732 2482/3513/2731
f 3077/2717/3567 3078/2716/3568 3079/2718/3569
f 3079/2718/3569 3078/2716/3568 3080/2725/3570
f 2489/2732/2738 2488/2731/2737 3081/2730/3571
f 3082/2729/3572 3081/2730/3571 2488/2731/2737
f 3083/2728/3573 3081/2730/3571 3082/2729/3572
f 3080/2725/3570 3083/2728/3573 3082/2729/3572
f 3080/2725/3570 3082/2729/3572 3084/2723/3574
f 3079/2718/3569 3080/2725/3570 3084/2723/3574
f 3079/2718/3569 3084/2723/3574 2486/2720/2735
f 3079/2718/3569 2486/2720/2735 2485/2719/2734
f 3079/2718/3569 2485/2719/2734 2484/2721/2733
f 3079/2718/3569 2484/2721/2733 3077/2717/3567
f 3077/2717/3567 2484/2721/2733 2491/2722/2740
f 3082/2729/3572 2488/2731/2737 2487/2724/2736
f 3084/2723/3574 3082/2729/3572 2487/2724/2736
f 3084/2723/3574 2487/2724/2736 2486/2720/2735
f 3066/2711/3556 3085/2712/3575 2491/2722/2740
f 3077/2717/3567 2491/2722/2740 3085/2712/3575
f 3085/2712/3575 3086/2713/3576 3077/2717/3567
f 3077/2717/3567 3086/2713/3576 3078/2716/3568
f 3086/2713/3576 3087/2714/3577 3078/2716/3568
f 3078/2716/3568 3087/2714/3577 3088/2726/3578
f 3078/2716/3568 3088/2726/3578 3080/2725/3570
f 3089/2727/3579 3080/2725/3570 3088/2726/3578
f 3089/2727/3579 3083/2728/3573 3080/2725/3570
f 3089/2727/3579 3090/2735/3580 3083/2728/3573
f 3083/2728/3573 3090/2735/3580 3081/2730/3571
f 3090/2735/3580 3091/2733/3581 3081/2730/3571
f 2489/2732/2738 3081/2730/3571 3091/2733/3581
f 3091/2733/3581 2490/2734/2739 2489/2732/2738
f 3087/2714/3577 3092/2715/3582 3088/2726/3578
f 3092/2715/3582 3089/2727/3579 3088/2726/3578
f 3093/2617/3583 2459/2618/2708 3094/2619/3584
f 2458/2620/2707 3094/2619/3584 2459/2618/2708
f 2458/2620/2707 3095/2638/3585 3094/2619/3584
f 2457/2736/2706 3095/2638/3585 2458/2620/2707
f 2457/2736/2706 3096/2636/3586 3095/2638/3585
f 3096/2636/3586 2457/2736/2706 2455/2737/2704
f 3096/2636/3586 2455/2737/2704 3097/2634/3587
f 2453/2738/2702 3097/2634/3587 2455/2737/2704
f 2453/2738/2702 3098/2632/3588 3097/2634/3587
f 3098/2632/3588 2453/2738/2702 2490/2734/2739
f 3098/2632/3588 2490/2734/2739 3099/2629/3589
f 3091/2733/3581 3099/2629/3589 2490/2734/2739
f 3100/2659/3590 3099/2629/3589 3091/2733/3581
f 3090/2735/3580 3100/2659/3590 3091/2733/3581
f 3101/2658/3591 3100/2659/3590 3090/2735/3580
f 3089/2727/3579 3101/2658/3591 3090/2735/3580
f 3101/2658/3591 3089/2727/3579 3102/2657/3592
f 3092/2715/3582 3102/2657/3592 3089/2727/3579
f 3103/2643/3593 3102/2657/3592 3104/2656/3594
f 3101/2658/3591 3102/2657/3592 3103/2643/3593
f 3103/2643/3593 3105/2642/3595 3101/2658/3591
f 3101/2658/3591 3105/2642/3595 3100/2659/3590
f 3105/2642/3595 3106/2631/3596 3100/2659/3590
f 3100/2659/3590 3106/2631/3596 3099/2629/3589
f 3099/2629/3589 3106/2631/3596 3107/2630/3597
f 3099/2629/3589 3107/2630/3597 3098/2632/3588
f 3108/2633/3598 3098/2632/3588 3107/2630/3597
f 3108/2633/3598 3097/2634/3587 3098/2632/3588
f 3097/2634/3587 3108/2633/3598 3109/2635/3599
f 3097/2634/3587 3109/2635/3599 3096/2636/3586
f 3096/2636/3586 3109/2635/3599 3110/2637/3600
f 3096/2636/3586 3110/2637/3600 3095/2638/3585
f 3095/2638/3585 3110/2637/3600 3111/2622/3601
f 3095/2638/3585 3111/2622/3601 3094/2619/3584
f 3112/2623/3602 3094/2619/3584 3111/2622/3601
f 3112/2623/3602 3093/2617/3583 3094/2619/3584
f 3105/2642/3595 3113/2641/3603 3106/2631/3596
f 3113/2641/3603 3107/2630/3597 3106/2631/3596
f 3113/2641/3603 3114/2640/3604 3107/2630/3597
f 3107/2630/3597 3114/2640/3604 3115/2639/3605
f 3107/2630/3597 3115/2639/3605 3108/2633/3598
f 3116/2648/3606 3108/2633/3598 3115/2639/3605
f 3116/2648/3606 3109/2635/3599 3108/2633/3598
f 3109/2635/3599 3116/2648/3606 3117/2649/3607
f 3109/2635/3599 3117/2649/3607 3110/2637/3600
f 3117/2649/3607 3111/2622/3601 3110/2637/3600
f 3117/2649/3607 3118/2627/3608 3111/2622/3601
f 3119/2621/3609 3111/2622/3601 3118/2627/3608
f 3119/2621/3609 3112/2623/3602 3111/2622/3601
f 3119/2621/3609 3120/2624/3610 3112/2623/3602
f 3119/2621/3609 3121/2626/3611 3120/2624/3610
f 3120/2624/3610 3121/2626/3611 3122/2625/3612
f 3120/2624/3610 3093/2617/3583 3112/2623/3602
f 3120/2624/3610 3123/2614/3613 3093/2617/3583
f 3124/2612/3614 3123/2614/3613 3120/2624/3610
f 3124/2612/3614 3120/2624/3610 3122/2625/3612
f 3125/2610/3615 3124/2612/3614 3122/2625/3612
f 3125/2610/3615 3122/2625/3612 3126/2609/3616
f 3121/2626/3611 3126/2609/3616 3122/2625/3612
f 3121/2626/3611 3127/2608/3617 3126/2609/3616
f 3128/2607/3618 3127/2608/3617 3121/2626/3611
f 3128/2607/3618 3121/2626/3611 3119/2621/3609
f 3119/2621/3609 3129/2606/3619 3128/2607/3618
f 3119/2621/3609 3118/2627/3608 3129/2606/3619
f 3130/2628/3620 3129/2606/3619 3118/2627/3608
f 3130/2628/3620 3118/2627/3608 3117/2649/3607
f 3131/2650/3621 3130/2628/3620 3117/2649/3607
f 3131/2650/3621 3117/2649/3607 3116/2648/3606
f 3116/2648/3606 3132/2647/3622 3131/2650/3621
f 3116/2648/3606 3115/2639/3605 3132/2647/3622
f 3130/2628/3620 3133/2598/3623 3129/2606/3619
f 3134/2597/3624 3129/2606/3619 3133/2598/3623
f 3134/2597/3624 3128/2607/3618 3129/2606/3619
f 3135/2596/3625 3128/2607/3618 3134/2597/3624
f 3135/2596/3625 3127/2608/3617 3128/2607/3618
f 3127/2608/3617 3135/2596/3625 3136/2595/3626
f 3127/2608/3617 3136/2595/3626 3126/2609/3616
f 3137/2593/3627 3126/2609/3616 3136/2595/3626
f 3137/2593/3627 3125/2610/3615 3126/2609/3616
f 2425/2594/2674 3125/2610/3615 3137/2593/3627
f 2425/2594/2674 2463/2611/2712 3125/2610/3615
f 3124/2612/3614 3125/2610/3615 2463/2611/2712
f 3124/2612/3614 2463/2611/2712 2462/2613/2711
f 3123/2614/3613 3124/2612/3614 2462/2613/2711
f 3123/2614/3613 2462/2613/2711 2461/2615/2710
f 3123/2614/3613 2461/2615/2710 2460/2616/2709
f 3123/2614/3613 2460/2616/2709 3093/2617/3583
f 3093/2617/3583 2460/2616/2709 2459/2618/2708
f 3133/2598/3623 3138/2584/3628 3134/2597/3624
f 3139/2586/3629 3134/2597/3624 3138/2584/3628
f 3139/2586/3629 3135/2596/3625 3134/2597/3624
f 3135/2596/3625 3139/2586/3629 3140/2588/3630
f 3135/2596/3625 3140/2588/3630 3136/2595/3626
f 3141/2590/3631 3136/2595/3626 3140/2588/3630
f 3141/2590/3631 3137/2593/3627 3136/2595/3626
f 2427/2592/2676 2425/2594/2674 3137/2593/3627
f 2427/2592/2676 3137/2593/3627 3141/2590/3631
f 2429/2591/2678 2427/2592/2676 3141/2590/3631
f 2429/2591/2678 3141/2590/3631 3142/2589/3632
f 3142/2589/3632 3141/2590/3631 3140/2588/3630
f 3142/2589/3632 3140/2588/3630 3143/2587/3633
f 3139/2586/3629 3143/2587/3633 3140/2588/3630
f 3139/2586/3629 3144/2585/3634 3143/2587/3633
f 3144/2585/3634 3139/2586/3629 3138/2584/3628
f 3144/2585/3634 3138/2584/3628 3145/2582/3635
f 3146/2581/3636 3145/2582/3635 3138/2584/3628
f 3133/2598/3623 3146/2581/3636 3138/2584/3628
f 3133/2598/3623 3147/2599/3637 3146/2581/3636
f 3133/2598/3623 3148/2605/3638 3147/2599/3637
f 3148/2605/3638 3149/2603/3639 3147/2599/3637
f 3150/2602/3640 3147/2599/3637 3149/2603/3639
f 3151/2604/3641 3150/2602/3640 3149/2603/3639
f 3150/2602/3640 3152/2601/3642 3147/2599/3637
f 3152/2601/3642 3153/2600/3643 3147/2599/3637
f 3147/2599/3637 3153/2600/3643 3154/2583/3644
f 3147/2599/3637 3154/2583/3644 3146/2581/3636
f 3146/2581/3636 3154/2583/3644 3145/2582/3635
f 3103/2643/3593 3104/2656/3594 3155/2655/3645
f 3155/2655/3645 3104/2656/3594 3156/2660/3646
f 3155/2655/3645 3156/2660/3646 3157/2662/3647
f 3157/2662/3647 3156/2660/3646 3158/2669/3648
f 3157/2662/3647 3158/2669/3648 3159/2670/3649
f 3160/2663/3650 3157/2662/3647 3159/2670/3649
f 3160/2663/3650 3159/2670/3649 3161/2671/3651
f 3162/2672/3652 3160/2663/3650 3161/2671/3651
f 3162/2672/3652 3163/2664/3653 3160/2663/3650
f 3164/2673/3654 3163/2664/3653 3162/2672/3652
f 3164/2673/3654 3165/2665/3655 3163/2664/3653
f 3151/2604/3641 3165/2665/3655 3164/2673/3654
f 3151/2604/3641 3166/2666/3656 3165/2665/3655
f 3151/2604/3641 3149/2603/3639 3166/2666/3656
f 3167/2667/3657 3166/2666/3656 3149/2603/3639
f 3148/2605/3638 3167/2667/3657 3149/2603/3639
f 3130/2628/3620 3167/2667/3657 3148/2605/3638
f 3130/2628/3620 3148/2605/3638 3133/2598/3623
f 3168/2646/3658 3132/2647/3622 3115/2639/3605
f 3168/2646/3658 3115/2639/3605 3114/2640/3604
f 3114/2640/3604 3169/2645/3659 3168/2646/3658
f 3114/2640/3604 3113/2641/3603 3169/2645/3659
f 3113/2641/3603 3170/2644/3660 3169/2645/3659
f 3113/2641/3603 3105/2642/3595 3170/2644/3660
f 3103/2643/3593 3170/2644/3660 3105/2642/3595
f 3170/2644/3660 3103/2643/3593 3155/2655/3645
f 3170/2644/3660 3155/2655/3645 3171/2654/3661
f 3171/2654/3661 3155/2655/3645 3157/2662/3647
f 3171/2654/3661 3157/2662/3647 3160/2663/3650
f 3163/2664/3653 3171/2654/3661 3160/2663/3650
f 3163/2664/3653 3172/2653/3662 3171/2654/3661
f 3165/2665/3655 3172/2653/3662 3163/2664/3653
f 3165/2665/3655 3173/2652/3663 3172/2653/3662
f 3166/2666/3656 3173/2652/3663 3165/2665/3655
f 3166/2666/3656 3174/2651/3664 3173/2652/3663
f 3167/2667/3657 3174/2651/3664 3166/2666/3656
f 3131/2650/3621 3174/2651/3664 3167/2667/3657
f 3130/2628/3620 3131/2650/3621 3167/2667/3657
f 3131/2650/3621 3132/2647/3622 3174/2651/3664
f 3174/2651/3664 3132/2647/3622 3168/2646/3658
f 3174/2651/3664 3168/2646/3658 3173/2652/3663
f 3173/2652/3663 3168/2646/3658 3169/2645/3659
f 3173/2652/3663 3169/2645/3659 3172/2653/3662
f 3169/2645/3659 3171/2654/3661 3172/2653/3662
f 3169/2645/3659 3170/2644/3660 3171/2654/3661
f 3175/2699/3665 3176/2696/3666 3177/2698/3667
f 3176/2696/3666 3175/2699/3665 3178/2700/3668
f 3176/2696/3666 3178/2700/3668 3179/2694/3669
f 3180/2701/3670 3178/2700/3668 3175/2699/3665
f 3180/2701/3670 3181/2703/3671 3182/2702/3672
f 3180/2701/3670 3183/2704/3673 3181/2703/3671
f 3183/2704/3673 3180/2701/3670 3184/2705/3674
f 3180/2701/3670 3175/2699/3665 3184/2705/3674
f 3184/2705/3674 3175/2699/3665 3185/2706/3675
f 3175/2699/3665 3177/2698/3667 3185/2706/3675
f 3185/2706/3675 3177/2698/3667 3186/2707/3676
f 3187/2675/3677 3186/2707/3676 3177/2698/3667
f 3187/2675/3677 3177/2698/3667 3188/2697/3678
f 3176/2696/3666 3188/2697/3678 3177/2698/3667
f 3176/2696/3666 3189/2695/3679 3188/2697/3678
f 3189/2695/3679 3176/2696/3666 3179/2694/3669
f 3189/2695/3679 3179/2694/3669 3190/2693/3680
f 3087/2714/3577 3186/2707/3676 3092/2715/3582
f 3187/2675/3677 3092/2715/3582 3186/2707/3676
f 3187/2675/3677 3191/2661/3681 3092/2715/3582
f 3192/2668/3682 3191/2661/3681 3187/2675/3677
f 3192/2668/3682 3187/2675/3677 3193/2674/3683
f 3193/2674/3683 3187/2675/3677 3188/2697/3678
f 3193/2674/3683 3188/2697/3678 3194/2678/3684
f 3194/2678/3684 3188/2697/3678 3189/2695/3679
f 3194/2678/3684 3189/2695/3679 3195/2680/3685
f 3195/2680/3685 3189/2695/3679 3190/2693/3680
f 3195/2680/3685 3190/2693/3680 3196/2682/3686
f 3196/2682/3686 3190/2693/3680 3197/2685/3687
f 3190/2693/3680 3198/2688/3688 3197/2685/3687
f 3190/2693/3680 3179/2694/3669 3198/2688/3688
f 3179/2694/3669 3199/2690/3689 3198/2688/3688
f 3179/2694/3669 3178/2700/3668 3199/2690/3689
f 3178/2700/3668 3182/2702/3672 3199/2690/3689
f 3178/2700/3668 3180/2701/3670 3182/2702/3672
f 3104/2656/3594 3102/2657/3592 3092/2715/3582
f 3104/2656/3594 3092/2715/3582 3191/2661/3681
f 3156/2660/3646 3104/2656/3594 3191/2661/3681
f 3156/2660/3646 3191/2661/3681 3192/2668/3682
f 3158/2669/3648 3156/2660/3646 3192/2668/3682
f 3158/2669/3648 3192/2668/3682 3200/2676/3690
f 3200/2676/3690 3192/2668/3682 3193/2674/3683
f 3200/2676/3690 3193/2674/3683 3201/2677/3691
f 3201/2677/3691 3193/2674/3683 3194/2678/3684
f 3201/2677/3691 3194/2678/3684 3202/2679/3692
f 3202/2679/3692 3194/2678/3684 3195/2680/3685
f 3202/2679/3692 3195/2680/3685 3203/2681/3693
f 3203/2681/3693 3195/2680/3685 3196/2682/3686
f 3203/2681/3693 3196/2682/3686 3204/2683/3694
f 3205/2684/3695 3204/2683/3694 3196/2682/3686
f 3205/2684/3695 3196/2682/3686 3197/2685/3687
f 3206/2686/3696 3205/2684/3695 3197/2685/3687
f 3207/2687/3697 3206/2686/3696 3197/2685/3687
f 3207/2687/3697 3197/2685/3687 3198/2688/3688
f 3208/2689/3698 3207/2687/3697 3198/2688/3688
f 3208/2689/3698 3198/2688/3688 3199/2690/3689
f 3209/2691/3699 3208/2689/3698 3199/2690/3689
f 3210/2692/3700 3209/2691/3699 3199/2690/3689
f 3210/2692/3700 3199/2690/3689 3182/2702/3672
f 3211/2708/3701 3210/2692/3700 3182/2702/3672
f 3211/2708/3701 3182/2702/3672 3181/2703/3671
f 3076/2709/3566 3211/2708/3701 3181/2703/3671
f 3076/2709/3566 3181/2703/3671 3075/2710/3565
f 3181/2703/3671 3066/2711/3556 3075/2710/3565
f 3181/2703/3671 3183/2704/3673 3066/2711/3556
f 3066/2711/3556 3183/2704/3673 3085/2712/3575
f 3183/2704/3673 3184/2705/3674 3085/2712/3575
f 3085/2712/3575 3184/2705/3674 3086/2713/3576
f 3184/2705/3674 3185/2706/3675 3086/2713/3576
f 3086/2713/3576 3185/2706/3675 3087/2714/3577
f 3185/2706/3675 3186/2707/3676 3087/2714/3577
f 2585/2987/3702 2728/2986/3703 2586/2988/3704
f 2585/2987/3702 2729/2989/3705 2728/2986/3703
f 2585/2987/3702 2727/2990/3706 2729/2989/3705
f 2585/2987/3702 2584/2991/3707 2727/2990/3706
f 2584/2991/3707 2730/2992/3708 2727/2990/3706
f 2584/2991/3707 2587/2993/3709 2730/2992/3708
f 2587/2993/3709 2724/2994/3710 2730/2992/3708
f 2587/2993/3709 2583/2995/3711 2724/2994/3710
f 2583/2995/3711 2725/2996/3712 2724/2994/3710
f 2583/2995/3711 2582/2997/3713 2725/2996/3712
f 2726/2998/3714 2725/2996/3712 2582/2997/3713
f 2726/2998/3714 2582/2997/3713 2581/2999/3715
f 2581/2999/3715 2733/3000/3716 2726/2998/3714
f 2581/2999/3715 2590/3001/3717 2733/3000/3716
f 3212/3002/3718 2733/3000/3716 2590/3001/3717
f 3212/3002/3718 3213/3003/3719 2733/3000/3716
f 3214/3004/3720 3213/3003/3719 3212/3002/3718
f 3214/3004/3720 3215/3005/3721 3213/3003/3719
f 3216/3019/3722 1613/3021/3723 1615/3020/3723
f 3216/3019/3722 3217/3022/3724 1613/3021/3723
f 3218/3023/3725 3217/3022/3724 3216/3019/3722
f 3218/3023/3725 3219/3024/3726 3217/3022/3724
f 3218/3023/3725 3220/3025/3727 3219/3024/3726
f 3218/3023/3725 3221/3026/3728 3220/3025/3727
f 3222/3027/3729 3220/3025/3727 3221/3026/3728
f 3222/3027/3729 3223/3028/3730 3220/3025/3727
f 3224/3029/3731 3223/3028/3730 3222/3027/3729
f 3224/3029/3731 3225/3030/3732 3223/3028/3730
f 1614/3031/3733 3225/3030/3732 3224/3029/3731
f 1614/3031/3733 1616/3032/3733 3225/3030/3732
f 3222/2938/3734 3221/2940/3735 3224/2939/3736
f 3224/2939/3736 3221/2940/3735 3218/2941/3737
f 3224/2939/3736 3218/2941/3737 3216/2942/3738
f 1614/2943/3739 3224/2939/3736 3216/2942/3738
f 1614/2943/3739 3216/2942/3738 1615/2944/3740
f 3226/3033/3741 3227/3034/3742 3228/3036/3741
f 3226/3033/3741 3229/3035/3742 3227/3034/3742
f 3229/3037/3743 3230/3038/3743 3227/3040/3744
f 3229/3037/3743 3231/3039/3745 3230/3038/3743
f 3231/3041/3746 3232/3042/3747 3230/3044/3748
f 3231/3041/3746 3233/3043/3749 3232/3042/3747
f 3232/3046/3750 3226/3045/3750 3228/3047/3751
f 3232/3046/3751 3233/3048/3751 3226/3045/3750
f 3215/2983/3752 2733/2982/3047 3213/2984/3752
f 3215/2983/3752 2734/2985/3048 2733/2982/3047
f 2590/2982/2860 3214/2983/3753 3212/2984/3753
f 2590/2982/2860 2591/2985/2861 3214/2983/3753
f 2589/3007/3754 2734/3006/3755 2591/3008/3756
f 2589/3007/3754 2732/3009/3757 2734/3006/3755
f 2588/3010/3758 2732/3009/3757 2589/3007/3754
f 2588/3010/3758 2731/3011/3759 2732/3009/3757
f 2667/3514/3760 2692/3515/3761 2693/3516/3762
f 2667/3514/3760 2693/3516/3762 2665/3517/3763
f 2694/3518/3764 2665/3517/3763 2693/3516/3762
f 2694/3518/3764 2664/3519/3765 2665/3517/3763
f 2694/3518/3764 2662/3520/3766 2664/3519/3765
f 2694/3518/3764 2695/3521/3767 2662/3520/3766
f 2695/3521/3767 2660/3522/3768 2662/3520/3766
f 2695/3521/3767 2699/3523/3769 2660/3522/3768
f 2698/3524/3770 2678/3525/3771 2546/3526/3772
f 2698/3524/3770 2679/3527/3773 2678/3525/3771
f 2698/3524/3770 2680/3528/3774 2679/3527/3773
f 2698/3524/3770 2686/3529/3775 2680/3528/3774
f 2686/3529/3775 2675/3530/3776 2680/3528/3774
f 2686/3529/3775 2685/3531/3777 2675/3530/3776
f 2685/3531/3777 2674/3532/3778 2675/3530/3776
f 2685/3531/3777 2687/3533/3779 2674/3532/3778
f 2687/3533/3779 2673/3534/3780 2674/3532/3778
f 2687/3533/3779 2688/3535/3781 2673/3534/3780
f 2673/3534/3780 2688/3535/3781 2689/3536/3782
f 2673/3534/3780 2689/3536/3782 2672/3537/3783
f 2690/3538/3784 2672/3537/3783 2689/3536/3782
f 2690/3538/3784 2669/3539/3785 2672/3537/3783
f 2691/3540/3786 2669/3539/3785 2690/3538/3784
f 2691/3540/3786 2668/3541/3787 2669/3539/3785
f 2691/3540/3786 2667/3514/3760 2668/3541/3787
f 2691/3540/3786 2692/3515/3761 2667/3514/3760
f 2567/3529/3788 2624/3530/3789 2580/3531/3790
f 2567/3529/3788 2632/3528/3791 2624/3530/3789
f 2559/3524/3792 2632/3528/3791 2567/3529/3788
f 2559/3524/3792 2631/3527/3793 2632/3528/3791
f 2630/3525/3794 2631/3527/3793 2559/3524/3792
f 2630/3525/3794 2559/3524/3792 2558/3526/3795
f 2557/3542/3796 2630/3525/3794 2558/3526/3795
f 2557/3542/3796 2636/3543/3797 2630/3525/3794
f 2636/3543/3797 2557/3542/3796 2564/3544/3798
f 2636/3543/3797 2564/3544/3798 2643/3545/3799
f 2564/3544/3798 2642/3546/3800 2643/3545/3799
f 2564/3544/3798 2563/3547/3800 2642/3546/3800
f 2566/3544/3801 2642/3546/3800 2563/3547/3800
f 2566/3544/3801 2656/3545/3802 2642/3546/3800
f 2657/3543/3803 2656/3545/3802 2566/3544/3801
f 2657/3543/3803 2566/3544/3801 2565/3542/3804
f 2565/3542/3804 2678/3525/3771 2657/3543/3803
f 2565/3542/3804 2546/3526/3772 2678/3525/3771
f 2570/3518/3805 2615/3520/3806 2535/3521/3807
f 2570/3518/3805 2616/3519/3808 2615/3520/3806
f 2617/3517/3809 2616/3519/3808 2570/3518/3805
f 2617/3517/3809 2570/3518/3805 2571/3516/3810
f 2618/3514/3811 2617/3517/3809 2571/3516/3810
f 2618/3514/3811 2571/3516/3810 2573/3515/3812
f 2618/3514/3811 2573/3515/3812 2574/3540/3813
f 2618/3514/3811 2574/3540/3813 2619/3541/3814
f 2620/3539/3815 2619/3541/3814 2574/3540/3813
f 2620/3539/3815 2574/3540/3813 2576/3538/3816
f 2621/3537/3817 2620/3539/3815 2576/3538/3816
f 2621/3537/3817 2576/3538/3816 2577/3536/3818
f 2622/3534/3819 2621/3537/3817 2577/3536/3818
f 2622/3534/3819 2577/3536/3818 2578/3535/3820
f 2579/3533/3821 2622/3534/3819 2578/3535/3820
f 2579/3533/3821 2623/3532/3822 2622/3534/3819
f 2580/3531/3790 2623/3532/3822 2579/3533/3821
f 2580/3531/3790 2624/3530/3789 2623/3532/3822
f 2699/3523/3769 2645/3548/3823 2660/3522/3768
f 2699/3523/3769 2550/3549/3824 2645/3548/3823
f 2550/3549/3824 2646/3550/3825 2645/3548/3823
f 2550/3549/3824 2552/3551/3826 2646/3550/3825
f 2554/3552/3827 2646/3550/3825 2552/3551/3826
f 2554/3552/3827 2655/3553/3828 2646/3550/3825
f 2554/3552/3827 2650/3554/3829 2655/3553/3828
f 2554/3552/3827 2544/3555/3829 2650/3554/3829
f 2543/3552/3830 2650/3554/3829 2544/3555/3829
f 2543/3552/3830 2651/3553/3831 2650/3554/3829
f 2652/3550/3832 2651/3553/3831 2543/3552/3830
f 2652/3550/3832 2543/3552/3830 2542/3551/3833
f 2537/3549/3834 2652/3550/3832 2542/3551/3833
f 2537/3549/3834 2653/3548/3835 2652/3550/3832
f 2536/3523/3836 2653/3548/3835 2537/3549/3834
f 2536/3523/3836 2654/3522/3837 2653/3548/3835
f 2535/3521/3807 2654/3522/3837 2536/3523/3836
f 2535/3521/3807 2615/3520/3806 2654/3522/3837
f 3062/2938/3838 3063/2939/3839 3061/2940/3840
f 3060/2941/3841 3061/2940/3840 3063/2939/3839
f 3060/2941/3841 3063/2939/3839 3058/2942/3842
f 3058/2942/3842 3063/2939/3839 3064/2943/3843
f 3058/2942/3842 3064/2943/3843 3059/2944/3843
f 2899/3556/3844 2858/3557/3845 2898/3558/3846
f 2899/3556/3844 2876/3559/3847 2858/3557/3845
f 2900/3560/3848 2876/3559/3847 2899/3556/3844
f 2900/3560/3848 2875/3561/3849 2876/3559/3847
f 2901/3562/3850 2875/3561/3849 2900/3560/3848
f 2901/3562/3850 2874/3563/3851 2875/3561/3849
f 2902/3564/3852 2874/3563/3851 2901/3562/3850
f 2902/3564/3852 2873/3565/3853 2874/3563/3851
f 2903/3566/3854 2873/3565/3853 2902/3564/3852
f 2903/3566/3854 2872/3567/3855 2873/3565/3853
f 2904/3568/3856 2872/3567/3855 2903/3566/3854
f 2904/3568/3856 2871/3569/3857 2872/3567/3855
f 2905/3570/3858 2871/3569/3857 2904/3568/3856
f 2905/3570/3858 2870/3571/3859 2871/3569/3857
f 2869/3572/3860 2870/3571/3859 2905/3570/3858
f 2869/3572/3860 2905/3570/3858 2906/3573/3861
f 2907/3209/3862 2869/3572/3860 2906/3573/3861
f 2907/3209/3862 2868/3210/3862 2869/3572/3860
f 2908/3574/3863 2867/3575/3864 2848/3576/3864
f 2908/3574/3863 2866/3577/3865 2867/3575/3864
f 2909/3578/3866 2866/3577/3865 2908/3574/3863
f 2909/3578/3866 2865/3579/3867 2866/3577/3865
f 2910/3580/3868 2865/3579/3867 2909/3578/3866
f 2910/3580/3868 2864/3581/3869 2865/3579/3867
f 2911/3582/3870 2864/3581/3869 2910/3580/3868
f 2911/3582/3870 2863/3583/3871 2864/3581/3869
f 2912/3584/3872 2863/3583/3871 2911/3582/3870
f 2912/3584/3872 2862/3585/3873 2863/3583/3871
f 2913/3586/3874 2862/3585/3873 2912/3584/3872
f 2913/3586/3874 2861/3587/3875 2862/3585/3873
f 2914/3588/3876 2861/3587/3875 2913/3586/3874
f 2914/3588/3876 2860/3589/3877 2861/3587/3875
f 2915/3590/3878 2860/3589/3877 2914/3588/3876
f 2915/3590/3878 2859/3591/3879 2860/3589/3877
f 2898/3558/3846 2859/3591/3879 2915/3590/3878
f 2898/3558/3846 2858/3557/3845 2859/3591/3879
f 3234/3592/3880 2849/3593/3881 3235/3594/3881
f 3234/3592/3880 2850/3595/3882 2849/3593/3881
f 3236/3596/3883 2850/3595/3882 3234/3592/3880
f 3236/3596/3883 2851/3597/3884 2850/3595/3882
f 3237/3598/3885 2851/3597/3884 3236/3596/3883
f 3237/3598/3885 2852/3599/3886 2851/3597/3884
f 3238/3600/3887 2852/3599/3886 3237/3598/3885
f 3238/3600/3887 2853/3601/3888 2852/3599/3886
f 3239/3602/3889 2853/3601/3888 3238/3600/3887
f 3239/3602/3889 2854/3603/3890 2853/3601/3888
f 3240/3604/3891 2854/3603/3890 3239/3602/3889
f 3240/3604/3891 2857/3605/3892 2854/3603/3890
f 2856/3606/3893 2857/3605/3892 3240/3604/3891
f 2856/3606/3893 3240/3604/3891 3241/3607/3894
f 2855/3608/3895 2856/3606/3893 3241/3607/3894
f 2855/3608/3895 3241/3607/3896 3242/3609/3897
f 3225/3015/3898 3220/3017/3899 3223/3018/3900
f 3219/3016/3901 3220/3017/3899 3225/3015/3898
f 3219/3016/3901 3225/3015/3898 3217/3012/3902
f 1616/3014/3903 3217/3012/3902 3225/3015/3898
f 1616/3014/3903 1613/3013/3904 3217/3012/3902
f 1698/3610/3905 1657/3611/3906 1655/3612/3907
f 1698/3610/3905 1655/3612/3907 1699/3613/3908
f 1653/3614/3909 1699/3613/3908 1655/3612/3907
f 1653/3614/3909 1701/3615/3910 1699/3613/3908
f 1648/3616/3911 1701/3615/3910 1653/3614/3909
f 1648/3616/3911 1704/3617/3912 1701/3615/3910
f 1648/3616/3911 1705/3618/3913 1704/3617/3912
f 1648/3616/3914 1650/3619/3915 1705/3618/3913
f 1618/3620/1615 1742/3621/3916 1619/3622/1616
f 1618/3620/1615 1639/3623/3917 1742/3621/3916
f 1742/3621/3916 1639/3623/3917 1637/3624/3918
f 1742/3621/3916 1637/3624/3918 1744/3625/3919
f 1744/3625/3919 1637/3624/3918 1633/3626/3920
f 1744/3625/3919 1633/3626/3920 1685/3627/3921
f 1685/3627/3921 1633/3626/3920 1635/3628/3922
f 1685/3627/3921 1635/3628/3922 1688/3629/3923
f 1688/3629/3923 1635/3628/3922 1665/3630/3924
f 1688/3629/3923 1665/3630/3924 1690/3631/3925
f 1690/3631/3925 1665/3630/3924 1662/3632/3926
f 1690/3631/3925 1662/3632/3926 1691/3633/3927
f 1691/3633/3927 1662/3632/3926 1661/3634/3928
f 1691/3633/3927 1661/3634/3928 1694/3635/3929
f 1661/3634/3928 1695/3636/3930 1694/3635/3929
f 1661/3634/3928 1659/3637/3931 1695/3636/3930
f 1659/3637/3931 1698/3610/3905 1695/3636/3930
f 1659/3637/3931 1657/3611/3906 1698/3610/3905
f 3008/2416/3932 3243/2417/3933 3009/2418/3934
f 3008/2416/3932 3244/2419/3935 3243/2417/3933
f 3245/2420/3936 3243/2417/3933 3244/2419/3935
f 3245/2420/3936 3246/2421/3937 3243/2417/3933
f 3247/2422/3938 3246/2421/3937 3245/2420/3936
f 3247/2422/3938 3248/2423/3939 3246/2421/3937
f 3249/2466/3940 1932/2467/3941 3250/2468/3942
f 3249/2466/3940 1921/2465/3943 1932/2467/3941
f 3251/2464/3944 1921/2465/3943 3249/2466/3940
f 1922/2462/3945 1921/2465/3943 3251/2464/3944
f 1922/2462/3945 3251/2464/3944 3252/2463/3946
f 3253/2461/3947 1922/2462/3945 3252/2463/3946
f 3253/2461/3947 1923/2460/3948 1922/2462/3945
f 3254/2459/3949 1923/2460/3948 3253/2461/3947
f 1928/2458/3950 1923/2460/3948 3254/2459/3949
f 1928/2458/3950 3254/2459/3949 3255/2455/3951
f 1925/2456/3952 1928/2458/3950 3255/2455/3951
f 1925/2456/3952 3255/2455/3951 3256/2457/3953
f 3257/2486/3954 1925/2456/3952 3256/2457/3953
f 3258/2485/3955 1925/2456/3952 3257/2486/3954
f 3258/2485/3955 1926/2484/3956 1925/2456/3952
f 3259/2483/3957 1926/2484/3956 3258/2485/3955
f 3259/2483/3957 1924/2482/3958 1926/2484/3956
f 3260/2481/3959 1924/2482/3958 3259/2483/3957
f 1935/2479/3960 1924/2482/3958 3260/2481/3959
f 1935/2479/3960 3260/2481/3959 3261/2480/3961
f 3262/2478/3962 1935/2479/3960 3261/2480/3961
f 3262/2478/3962 1934/2477/3963 1935/2479/3960
f 3263/2476/3964 1934/2477/3963 3262/2478/3962
f 1933/2475/3965 1934/2477/3963 3263/2476/3964
f 1933/2475/3965 3263/2476/3964 3264/2474/3966
f 1931/2470/3967 1933/2475/3965 3264/2474/3966
f 1931/2470/3967 3264/2474/3966 3265/2473/3968
f 3266/2472/3969 1931/2470/3967 3265/2473/3968
f 3250/2469/3942 1931/2470/3967 3266/2472/3969
f 3250/2469/3942 1932/2471/3941 1931/2470/3967
f 2335/3638/3970 3142/3639/3971 2334/3640/3972
f 2335/3638/3970 2429/3641/3973 3142/3639/3971
f 2335/3638/3970 2430/3642/3974 2429/3641/3973
f 2335/3638/3970 2336/3643/3975 2430/3642/3974
f 2423/3644/3976 2430/3642/3974 2336/3643/3975
f 2423/3644/3976 2336/3643/3975 2337/3645/3976
f 2355/3643/3977 2423/3644/3976 2337/3645/3976
f 2355/3643/3977 2422/3642/3978 2423/3644/3976
f 2354/3638/3979 2422/3642/3978 2355/3643/3977
f 2354/3638/3979 2127/3641/3980 2422/3642/3978
f 2354/3638/3979 2125/3639/3981 2127/3641/3980
f 2354/3638/3979 2353/3640/3982 2125/3639/3981
f 2353/3640/3982 2123/3646/3983 2125/3639/3981
f 2123/3646/3983 2353/3640/3982 2356/3647/3984
f 2123/3646/3983 2356/3647/3984 2121/3648/3985
f 2118/3649/3986 2121/3648/3985 2356/3647/3984
f 2118/3649/3986 2356/3647/3984 2357/3650/3987
f 2118/3649/3986 2357/3650/3987 2358/3651/3988
f 2118/3649/3986 2358/3651/3988 2119/3652/3989
f 2359/3653/3990 2119/3652/3989 2358/3651/3988
f 2359/3653/3990 2136/3654/3991 2119/3652/3989
f 2360/3655/3992 2136/3654/3991 2359/3653/3990
f 2360/3655/3992 2137/3656/3993 2136/3654/3991
f 2361/3657/3994 2137/3656/3993 2360/3655/3992
f 2361/3657/3994 2138/3658/3995 2137/3656/3993
f 2362/3659/3996 2138/3658/3995 2361/3657/3994
f 2362/3659/3996 2140/3660/3997 2138/3658/3995
f 2363/3661/3998 2140/3660/3997 2362/3659/3996
f 2363/3661/3998 2209/3662/3999 2140/3660/3997
f 2364/3663/4000 2209/3662/3999 2363/3661/3998
f 2364/3663/4000 2208/3664/4001 2209/3662/3999
f 2365/3665/4002 2208/3664/4001 2364/3663/4000
f 2365/3665/4002 2207/3666/4003 2208/3664/4001
f 2366/3667/4004 2207/3666/4003 2365/3665/4002
f 2366/3667/4004 2206/3668/4005 2207/3666/4003
f 2367/3669/4006 2206/3668/4005 2366/3667/4004
f 2367/3669/4006 2205/3670/4007 2206/3668/4005
f 2368/3671/4008 2205/3670/4007 2367/3669/4006
f 2368/3671/4008 2212/3672/4009 2205/3670/4007
f 2381/3673/4010 2212/3672/4009 2368/3671/4008
f 2381/3673/4010 2213/3674/4011 2212/3672/4009
f 2382/3675/4012 2213/3674/4011 2381/3673/4010
f 2382/3675/4012 2215/3676/4013 2213/3674/4011
f 2383/3677/4014 2215/3676/4013 2382/3675/4012
f 2383/3677/4014 2217/3678/4015 2215/3676/4013
f 2384/3679/4016 2217/3678/4015 2383/3677/4014
f 2384/3679/4016 2219/3680/4017 2217/3678/4015
f 2385/3681/4018 2219/3680/4017 2384/3679/4016
f 2385/3681/4018 2220/3682/4019 2219/3680/4017
f 2386/3683/4020 2220/3682/4019 2385/3681/4018
f 2386/3683/4020 2222/3684/4021 2220/3682/4019
f 2387/3685/4022 2222/3684/4021 2386/3683/4020
f 2387/3685/4022 2223/3686/4023 2222/3684/4021
f 2388/3687/4024 2223/3686/4023 2387/3685/4022
f 2388/3687/4024 2225/3688/4025 2223/3686/4023
f 2389/3689/4026 2225/3688/4025 2388/3687/4024
f 2389/3689/4026 2227/3690/4027 2225/3688/4025
f 2390/3691/4028 2227/3690/4027 2389/3689/4026
f 2390/3691/4028 2228/3692/4029 2227/3690/4027
f 2391/3693/4030 2228/3692/4029 2390/3691/4028
f 2391/3693/4030 2244/3694/4031 2228/3692/4029
f 2393/3695/4032 2244/3694/4031 2391/3693/4030
f 2393/3695/4032 2245/3696/4033 2244/3694/4031
f 2394/3697/4034 2245/3696/4033 2393/3695/4032
f 2394/3697/4034 3072/3698/4035 2245/3696/4033
f 3071/3699/4036 3072/3698/4035 2394/3697/4034
f 3071/3699/4036 2394/3697/4034 2396/3700/4037
f 2397/3697/4038 3071/3699/4036 2396/3700/4037
f 2397/3697/4038 3070/3698/4039 3071/3699/4036
f 2397/3697/4038 3076/3696/4040 3070/3698/4039
f 2397/3697/4038 2399/3695/4041 3076/3696/4040
f 2399/3695/4041 3211/3694/4042 3076/3696/4040
f 2399/3695/4041 2400/3693/4043 3211/3694/4042
f 3210/3692/4044 3211/3694/4042 2400/3693/4043
f 3210/3692/4044 2400/3693/4043 2402/3691/4045
f 3209/3690/4046 3210/3692/4044 2402/3691/4045
f 3209/3690/4046 2402/3691/4045 2403/3689/4047
f 2403/3689/4047 3208/3688/4048 3209/3690/4046
f 2403/3689/4047 2404/3687/4049 3208/3688/4048
f 3207/3686/4050 3208/3688/4048 2404/3687/4049
f 3207/3686/4050 2404/3687/4049 2405/3685/4051
f 3206/3684/4052 3207/3686/4050 2405/3685/4051
f 3206/3684/4052 2405/3685/4051 2406/3683/4053
f 2406/3683/4053 3205/3682/4054 3206/3684/4052
f 2406/3683/4053 2407/3681/4055 3205/3682/4054
f 3204/3680/4056 3205/3682/4054 2407/3681/4055
f 3204/3680/4056 2407/3681/4055 2408/3679/4057
f 2408/3679/4057 3203/3678/4058 3204/3680/4056
f 2408/3679/4057 2315/3677/4059 3203/3678/4058
f 2315/3677/4059 3202/3676/4060 3203/3678/4058
f 2315/3677/4059 2314/3675/4061 3202/3676/4060
f 2314/3675/4061 3201/3674/4062 3202/3676/4060
f 2314/3675/4061 2316/3673/4063 3201/3674/4062
f 2316/3673/4063 3200/3672/4064 3201/3674/4062
f 2316/3673/4063 2317/3671/4065 3200/3672/4064
f 2317/3671/4065 3158/3670/4066 3200/3672/4064
f 2317/3671/4065 2318/3669/4067 3158/3670/4066
f 2318/3669/4067 3159/3668/4068 3158/3670/4066
f 2318/3669/4067 2319/3667/4069 3159/3668/4068
f 2319/3667/4069 3161/3666/4070 3159/3668/4068
f 2319/3667/4069 2320/3665/4071 3161/3666/4070
f 2320/3665/4071 3162/3664/4072 3161/3666/4070
f 2320/3665/4071 2321/3663/4073 3162/3664/4072
f 2321/3663/4073 3164/3662/4074 3162/3664/4072
f 2321/3663/4073 2322/3661/4075 3164/3662/4074
f 2322/3661/4075 3151/3660/4076 3164/3662/4074
f 2322/3661/4075 2323/3659/4077 3151/3660/4076
f 2323/3659/4077 3150/3658/4078 3151/3660/4076
f 2323/3659/4077 2324/3657/4079 3150/3658/4078
f 2324/3657/4079 3152/3656/4080 3150/3658/4078
f 2324/3657/4079 2325/3655/4081 3152/3656/4080
f 2325/3655/4081 3153/3654/4082 3152/3656/4080
f 2325/3655/4081 2326/3653/4083 3153/3654/4082
f 2326/3653/4083 3154/3652/4084 3153/3654/4082
f 2326/3653/4083 2331/3651/4085 3154/3652/4084
f 3145/3649/4086 3154/3652/4084 2331/3651/4085
f 3145/3649/4086 2331/3651/4085 2332/3650/4087
f 2333/3647/4088 3145/3649/4086 2332/3650/4087
f 2333/3647/4088 3144/3648/4089 3145/3649/4086
f 3143/3646/4090 3144/3648/4089 2333/3647/4088
f 3143/3646/4090 2333/3647/4088 2334/3640/3972
f 2334/3640/3972 3142/3639/3971 3143/3646/4090
f 2041/2741/4091 2040/2740/4092 2037/2739/4093
f 2041/2741/4091 2037/2739/4093 1998/2742/4094
f 2000/2743/4095 2041/2741/4091 1998/2742/4094
f 2000/2743/4095 2043/2744/4096 2041/2741/4091
f 2002/2745/4097 2043/2744/4096 2000/2743/4095
f 2002/2745/4097 2045/2746/4098 2043/2744/4096
f 2045/2746/4098 2002/2745/4097 2003/2747/4099
f 2003/2747/4099 2048/2748/4100 2045/2746/4098
f 2048/2748/4100 2003/2747/4099 2006/2749/4101
f 2048/2748/4100 2006/2749/4101 2008/2750/4102
f 2048/2748/4100 2008/2750/4102 2010/2751/4103
f 2048/2748/4104 2010/2751/4103 3267/2752/4103
f 3268/2396/4105 2950/2395/4106 2949/2397/4107
f 3268/2396/4105 3269/2394/4108 2950/2395/4106
f 2948/2392/4109 2950/2395/4106 3269/2394/4108
f 2948/2392/4109 3269/2394/4108 3270/2393/4110
f 2948/2392/4109 3270/2393/4110 3271/2391/4111
f 2948/2392/4109 3271/2391/4111 2952/2390/4112
f 2952/2390/4112 3271/2391/4111 3272/2389/4113
f 2954/2386/4114 2952/2390/4112 3272/2389/4113
f 2954/2386/4114 3272/2389/4113 3273/2388/4115
f 2954/2386/4114 3273/2388/4115 3274/2387/4116
f 2954/2386/4114 3274/2387/4116 3275/2374/4117
f 2954/2386/4114 3275/2374/4117 2956/2385/4118
f 3007/2375/4119 2956/2385/4118 3275/2374/4117
f 2956/2385/4118 3007/2375/4119 3009/2373/4120
f 2956/2385/4118 3009/2373/4120 2958/2384/4121
f 3009/2373/4120 2961/2382/4122 2958/2384/4121
f 3009/2373/4120 3243/2383/4123 2961/2382/4122
f 3246/2381/4124 2961/2382/4122 3243/2383/4123
f 3246/2381/4124 2962/2380/4125 2961/2382/4122
f 3248/2379/4126 2962/2380/4125 3246/2381/4124
f 3248/2379/4126 2964/2378/4127 2962/2380/4125
f 3276/2376/4128 2964/2378/4127 3248/2379/4126
f 3276/2376/4128 2966/2377/4129 2964/2378/4127
f 2967/2354/4130 2966/2377/4129 3276/2376/4128
f 2967/2354/4130 3276/2376/4128 3277/2355/4131
f 3247/2353/4132 2967/2354/4130 3277/2355/4131
f 3247/2353/4132 2965/2356/4133 2967/2354/4134
f 3245/2357/4135 2965/2356/4133 3247/2353/4132
f 3245/2357/4135 2963/2358/4136 2965/2356/4133
f 2960/2359/4137 2963/2358/4136 3245/2357/4135
f 2960/2359/4137 3245/2357/4135 3244/2360/4138
f 2959/2361/4139 2960/2359/4137 3244/2360/4138
f 2959/2361/4139 3244/2360/4138 3008/2351/4140
f 3008/2351/4140 2957/2362/4141 2959/2361/4139
f 3010/2352/4142 2957/2362/4141 3008/2351/4140
f 2957/2362/4141 3010/2352/4142 3278/2350/4143
f 3278/2350/4143 2955/2363/4144 2957/2362/4141
f 3278/2350/4143 3279/2364/4145 2955/2363/4144
f 3279/2364/4145 3280/2365/4146 2955/2363/4144
f 3281/2366/4147 2955/2363/4144 3280/2365/4146
f 3281/2366/4147 2953/2367/4148 2955/2363/4144
f 3281/2366/4147 3282/2368/4149 2953/2367/4148
f 3283/2369/4150 2953/2367/4148 3282/2368/4149
f 3283/2369/4150 2951/2370/4151 2953/2367/4148
f 2951/2370/4151 3283/2369/4150 3268/2371/4105
f 2951/2370/4151 3268/2371/4105 2949/2372/4107
f 3242/3274/4152 3241/3275/4153 3240/3276/4154
f 3242/3274/4152 3240/3276/4154 3239/3273/4155
f 2810/3272/4156 3242/3274/4152 3239/3273/4155
f 2810/3272/4156 3239/3273/4155 3238/3271/4157
f 2811/3269/4158 2810/3272/4156 3238/3271/4157
f 2811/3269/4158 3238/3271/4157 3237/3270/4159
f 2811/3269/4158 3237/3270/4159 3236/3268/4160
f 3236/3268/4160 2813/3263/4161 2811/3269/4158
f 3236/3268/4160 3234/3267/4162 2813/3263/4161
f 3234/3267/4162 2815/3264/3215 2813/3263/4161
f 3234/3267/4162 2867/3265/3214 2815/3264/3215
f 3234/3267/4162 3235/3266/4163 2867/3265/4164
f 3278/2424/4165 3010/2425/4166 3007/2426/4167
f 3278/2424/4165 3007/2426/4167 3275/2427/4168
f 3275/2427/4168 3279/2428/4169 3278/2424/4165
f 3275/2427/4168 3274/2429/4170 3279/2428/4169
f 3274/2429/4170 3280/2430/4171 3279/2428/4169
f 3274/2429/4170 3273/2431/4172 3280/2430/4171
f 3280/2430/4171 3273/2431/4172 3272/2432/4173
f 3280/2430/4171 3272/2432/4173 3281/2433/4173
f 3281/2433/4173 3272/2432/4173 3271/2434/4174
f 3281/2433/4173 3271/2434/4174 3282/2435/4174
f 3282/2435/4174 3271/2434/4174 3270/2436/4175
f 3282/2435/4174 3270/2436/4175 3283/2437/4176
f 3270/2436/4175 3268/2438/4177 3283/2437/4176
f 3270/2436/4175 3269/2439/4178 3268/2438/4177
f 1687/3701/4179 1686/3702/4180 1634/3703/4181
f 1687/3701/4179 1634/3703/4181 1636/3704/4182
f 1743/3705/4183 1687/3701/4179 1636/3704/4182
f 1743/3705/4183 1636/3704/4182 1638/3706/4184
f 1741/3707/4185 1743/3705/4183 1638/3706/4184
f 1741/3707/4185 1638/3706/4184 1640/3708/4186
f 1740/3709/4187 1741/3707/4185 1640/3708/4186
f 1740/3709/4187 1640/3708/4186 1641/3710/4188
f 1739/3711/4189 1740/3709/4187 1641/3710/4188
f 1739/3711/4189 1641/3710/4188 1642/3712/4190
f 1738/3713/4191 1739/3711/4189 1642/3712/4190
f 1738/3713/4191 1642/3712/4190 1643/3714/4192
f 1737/3715/4193 1738/3713/4191 1643/3714/4192
f 1737/3715/4193 1643/3714/4192 1644/3716/4194
f 1736/3717/4195 1737/3715/4193 1644/3716/4194
f 1736/3717/4195 1644/3716/4194 1645/3718/4196
f 1734/3719/4197 1736/3717/4195 1645/3718/4196
f 1734/3719/4197 1645/3718/4196 1646/3720/4198
f 1735/3721/1790 1734/3719/4197 1646/3720/4198
f 1735/3721/1790 1646/3720/4198 1647/3722/1791
f 1703/3723/4199 1706/3209/4200 1649/3210/4200
f 1703/3723/4201 1649/3210/4202 1651/3724/4203
f 1702/3725/4204 1703/3723/4201 1651/3724/4203
f 1702/3725/4204 1651/3724/4203 1652/3726/4205
f 1652/3726/4205 1700/3727/4206 1702/3725/4204
f 1652/3726/4205 1654/3728/4207 1700/3727/4206
f 1654/3728/4207 1697/3729/4208 1700/3727/4206
f 1654/3728/4207 1656/3730/4209 1697/3729/4208
f 1656/3730/4209 1696/3731/4210 1697/3729/4208
f 1656/3730/4209 1658/3732/4211 1696/3731/4210
f 1658/3732/4211 1693/3733/4212 1696/3731/4210
f 1658/3732/4211 1660/3734/4213 1693/3733/4212
f 1660/3734/4213 1692/3735/4214 1693/3733/4212
f 1660/3734/4213 1663/3736/4215 1692/3735/4214
f 1689/3737/4216 1692/3735/4214 1663/3736/4215
f 1689/3737/4216 1663/3736/4215 1664/3738/4217
f 1686/3702/4180 1689/3737/4216 1664/3738/4217
f 1686/3702/4180 1664/3738/4217 1634/3703/4181
o helmet_medium
v -2.320168 2.804054 3.107474
v -2.422100 2.786583 3.120863
v -2.627667 2.835167 2.500774
v -2.545960 2.849998 2.490509
v 2.176802 1.481083 3.499423
v 2.098967 1.494373 3.451856
v 2.337760 1.535984 3.245096
v 2.415236 1.518909 3.291230
v 2.411749 1.543087 3.053992
v 2.482440 1.525986 3.102479
v -1.944554 1.406765 3.441761
v -2.246976 1.515923 2.765144
v -2.166250 1.546284 2.735527
v -1.867168 1.428898 3.399727
v -1.468048 1.346569 3.938725
v -1.397159 1.361591 3.884039
v -1.108345 1.313145 4.345077
v -1.046832 1.317978 4.279843
v -0.576411 1.295639 4.738528
v -0.538578 1.286892 4.659205
v 0.019926 1.306641 4.887204
v 0.019926 1.292625 4.800058
v 0.598107 1.302261 4.678813
v 0.637429 1.309837 4.758154
v 1.103369 1.356346 4.330121
v 1.167278 1.350883 4.395268
v 1.728388 1.425648 3.771119
v 1.806887 1.417076 3.820634
v -1.654120 2.004494 -3.207078
v -1.595115 2.017021 -3.074642
v -2.077221 1.955681 -2.645820
v -2.140776 1.939030 -2.769878
v -2.387176 1.904915 -2.342380
v -2.459055 1.893799 -2.384268
v -2.660929 1.839115 -1.631247
v -2.586181 1.845253 -1.593652
v -2.829021 1.789444 -0.824508
v -2.750480 1.790672 -0.792404
v -2.779660 1.736401 0.148382
v -2.690293 1.752937 0.131586
v -2.621099 1.687351 1.037937
v -2.532675 1.708988 1.022691
v -2.466562 1.627056 1.779277
v -2.380053 1.654167 1.764145
v -2.349678 1.569965 2.350574
v -2.265050 1.598560 2.330769
v 2.304846 2.162498 3.531469
v 2.546452 2.192627 3.353938
v 2.667966 2.179893 3.235281
v 2.621002 2.169914 3.111916
v 2.418527 1.533279 2.983053
v -2.520641 2.156860 2.713782
v -2.203289 2.078743 3.335881
v -1.657841 2.005638 3.885732
v -1.236067 1.967876 4.281190
v -0.591803 1.957844 4.633854
v 0.026867 1.956532 4.786161
v 0.662198 1.961624 4.648958
v 1.327350 2.012199 4.271731
v 1.914691 2.087700 3.807924
v -1.870896 2.634140 -3.074310
v -2.273951 2.573334 -2.766224
v -2.524390 2.530037 -2.396488
v -2.754483 2.480949 -1.590073
v -2.888973 2.427811 -0.714638
v -2.895689 2.371887 0.223650
v -2.789655 2.321823 1.067167
v -2.699570 2.256485 1.790289
v -2.594846 2.196693 2.428640
v 2.700953 2.573143 2.959176
v 2.669398 2.566467 3.039786
v 2.644963 2.460083 3.020468
v 2.548978 2.354881 2.973923
v 2.574655 2.357384 2.906239
v 2.676174 2.470688 2.943156
v 2.929878 2.411369 2.212435
v 2.888808 2.347298 2.271956
v 2.902482 2.289749 2.189904
v 2.531353 2.601349 2.991792
v 2.563825 2.609451 2.911613
v 2.792723 2.447594 2.165113
v 2.919506 2.479324 1.843690
v 3.076444 2.437973 1.897785
v -2.454542 2.540329 -2.352647
v -2.213053 2.590157 -2.622414
v -1.726045 2.645409 -2.958969
v -1.590178 2.019432 3.827270
v -2.126028 2.100067 3.292365
v -2.439588 2.186485 2.682489
v -2.509952 2.225067 2.409266
v -2.611739 2.283478 1.780329
v -2.699314 2.343231 1.060416
v -2.804351 2.387856 0.215744
v -2.811829 2.428864 -0.680446
v -2.681549 2.486610 -1.550268
v 2.560660 2.194893 3.193452
v 2.471194 2.207954 3.305772
v 2.230915 2.174561 3.481082
v 1.841090 2.094246 3.754416
v 1.271341 2.015152 4.200425
v 0.629753 1.952343 4.566468
v 0.026867 1.942493 4.697906
v -0.559601 1.948483 4.551289
v -1.181236 1.970165 4.209556
v 2.771363 2.253304 2.976804
v 2.899428 2.171021 2.496324
v 2.817929 2.221809 2.471152
v 2.778667 2.299149 2.302266
v 2.818891 2.366440 2.248951
v 2.751286 2.380150 2.225879
v 2.712188 2.316727 2.279248
v 2.650732 2.272278 2.410897
v 2.717825 2.253525 2.435454
v 2.693042 2.321548 2.946239
v 2.668740 2.316246 3.008148
v 2.747288 2.247536 3.039068
v 2.507855 2.376869 2.882386
v 2.578813 1.644585 2.328160
v 2.774211 1.626518 2.400394
v 2.680531 1.622147 2.365502
v 2.543309 2.518501 2.898427
v 2.508783 2.498192 2.973292
v 2.480768 2.373283 2.951164
v 2.875418 2.127533 2.487839
v 2.771527 1.675541 2.408207
v 2.864043 1.748581 2.214014
v 2.944069 2.094093 2.274887
v 2.561018 1.441566 2.896510
v 2.585531 1.447712 2.834392
v 2.770984 1.773319 2.181616
v 2.678949 1.700199 2.375926
v 2.782445 2.152191 2.455559
v 2.850692 2.118843 2.242489
v 2.566201 1.492233 2.905058
v 2.729113 2.199173 3.030068
v 2.705303 2.193626 3.090599
v 2.542068 1.486313 2.965440
v 2.609935 2.215912 3.088044
v 2.548959 2.201950 3.240667
v 2.428656 2.233986 3.198733
v 2.488597 2.248222 3.045873
v 2.416511 2.271965 2.981216
v 2.522918 2.254250 2.956821
v 2.437946 2.276825 2.927267
v 2.644712 2.221901 2.999198
v 2.337372 1.398449 3.161376
v 2.544993 2.283821 3.318805
v 2.422557 2.316406 3.276133
v 2.213036 1.433048 3.118648
v 2.665328 2.313049 3.015261
v 2.543433 2.345413 2.972883
v 2.874193 2.314323 2.087862
v 2.797414 2.332382 2.061237
v 2.861747 2.348244 1.898447
v 3.016315 2.307350 1.951732
v 2.831429 2.307861 2.165437
v 2.382986 1.490837 3.114381
v 2.458737 1.426159 2.858055
v 2.444721 1.505367 2.962068
v 2.481075 1.515800 2.874154
v 2.261138 1.524494 3.072400
v 2.250497 1.567959 2.855970
v 2.322077 1.539032 2.919836
v 2.720321 1.648403 1.970541
v 2.645029 1.670601 1.944645
v 2.864257 1.529430 1.737768
v 2.708843 1.570782 1.683624
v 2.272533 1.572975 2.802163
v 2.358209 1.549507 2.831743
v 2.335559 1.460136 2.815630
v 2.624479 1.626583 2.183773
v 2.652290 1.522293 2.026799
v 2.678360 1.646004 2.048712
v 2.708575 1.686466 1.781855
v 2.862030 1.645676 1.835261
v 2.799518 1.628746 1.996088
v 2.584478 1.540035 2.003880
v 2.558450 1.644165 2.160755
v 2.511668 1.662022 2.303350
v 2.292921 1.475826 2.728949
v 2.267196 1.470154 2.790820
v 2.462581 1.423306 2.854924
v 2.337391 1.451351 2.814573
v 2.294409 3.968643 -3.370161
v 2.258592 3.884453 -3.422934
v 2.318676 3.959579 -3.421926
v 1.926176 3.437096 -3.396420
v 1.969824 3.549690 -3.325690
v 1.704829 3.181129 -3.313931
v 1.828470 3.301453 -3.394103
v 1.786711 3.118134 -3.548957
v 1.859708 3.277412 -3.483765
v 2.048585 3.489014 -3.551820
v 1.957413 3.413063 -3.486082
v 2.064173 3.625565 -3.403881
v 2.156348 3.748367 -3.412717
v 2.181142 3.729324 -3.483867
v 2.278507 3.869125 -3.480114
v 2.343593 3.930786 -3.511426
v 2.338591 3.944252 -3.479081
v 2.092951 3.603455 -3.486415
v 2.153446 2.651558 -3.296877
v 2.120747 2.680130 -3.198941
v 1.911255 2.571068 -3.244648
v 1.944896 2.545189 -3.341207
v 1.763117 2.593254 -3.418156
v 1.729637 2.619019 -3.322058
v 1.623296 2.775833 -3.399858
v 1.656937 2.749947 -3.496416
v 1.692200 2.979553 -3.545488
v 1.659760 3.007950 -3.447413
v 2.771461 1.506630 1.974575
v 2.752681 3.532394 -3.224878
v 2.732998 3.547729 -3.167700
v 2.785242 3.628548 -3.171014
v 2.804886 3.613235 -3.228178
v 2.655007 3.392609 -3.228648
v 2.566694 3.266693 -3.231163
v 2.630425 3.411667 -3.157507
v 2.430969 3.076332 -3.230846
v 2.333244 2.940681 -3.228529
v 2.302025 2.964714 -3.138867
v 2.399827 3.100357 -3.141185
v 2.507723 3.167313 -3.035965
v 2.179589 2.693672 -3.015780
v 2.262689 2.629738 -3.254309
v 2.586004 3.106644 -3.262150
v 2.795109 3.595482 -3.092938
v 2.845202 3.556366 -3.238835
v 2.172655 2.848457 -3.061777
v 2.254531 2.785469 -3.296803
v 2.538124 3.288795 -3.148621
v 2.441865 3.214310 -3.071476
v 2.765027 3.634888 -3.117190
v 2.813590 3.597031 -3.258453
v 2.520211 3.153648 -3.297622
v 2.295377 3.946815 -3.534785
v 2.244565 3.985924 -3.388885
v 1.636976 3.074684 -3.591568
v 1.982618 3.535675 -3.587346
v 2.073174 2.715660 -3.059204
v 1.609422 3.045433 -3.309165
v 1.553874 3.138618 -3.353038
v 1.903850 3.596329 -3.361148
v 2.912172 5.008415 -3.280726
v 2.911171 4.880203 -3.283069
v 2.920681 4.871254 -3.181890
v 2.968189 4.780449 -3.225575
v 3.003861 4.819168 -3.096032
v 3.056759 4.755836 -3.135146
v 3.074895 4.904480 -3.025887
v 3.135515 4.817863 -3.054095
v 3.167404 4.937515 -3.020349
v 3.040741 5.064384 -3.064387
v 3.137361 5.058792 -3.049693
v 3.059606 5.124977 -3.128402
v 2.921964 5.036888 -3.184536
v 2.970712 5.105072 -3.219643
v 3.532341 4.897850 -3.372022
v 3.475674 4.801003 -3.435386
v 3.390141 4.781197 -3.530008
v 3.315840 4.847694 -3.611616
v 3.287351 4.969383 -3.642020
v 3.533398 5.026421 -3.369565
v 3.478367 5.126556 -3.429165
v 3.317866 5.089325 -3.606998
v 3.393226 5.151398 -3.522934
v 3.477864 5.037766 -3.274866
v 3.476611 4.884819 -3.277787
v 3.412266 5.156876 -3.345763
v 3.310850 5.186432 -3.457307
v 3.221135 5.112595 -3.557305
v 3.184821 4.969917 -3.598967
v 3.218728 4.825157 -3.562799
v 3.307189 4.746056 -3.465723
v 3.409077 4.769615 -3.353162
v -2.858801 5.032280 -3.177673
v -2.978431 5.066597 -3.059901
v -2.864953 4.866791 -3.172791
v -3.020421 4.908875 -3.019838
v -2.951957 4.819595 -3.087643
v -2.848573 5.002075 -3.273307
v -2.903839 5.102036 -3.214509
v -2.993405 5.127083 -3.125040
v -3.075490 5.065445 -3.046759
v -3.111484 4.946007 -3.016297
v -3.084345 4.824631 -3.047906
v -3.006923 4.758102 -3.126798
v -2.915681 4.777580 -3.216057
v -2.853239 4.873917 -3.273916
v -3.468055 5.037292 -3.291348
v -3.523455 5.025948 -3.386048
v -3.522403 4.897377 -3.388505
v -3.402328 5.156403 -3.362247
v -3.468334 5.126083 -3.445649
v -3.300766 5.185951 -3.473791
v -3.383096 5.150925 -3.539418
v -3.210972 5.112122 -3.573789
v -3.307683 5.088852 -3.623481
v -3.174638 4.969444 -3.615450
v -3.277157 4.968910 -3.658504
v -3.208569 4.824684 -3.579282
v -3.305660 4.847221 -3.628099
v -3.297117 4.745583 -3.482206
v -3.380019 4.780724 -3.546492
v -3.399155 4.769142 -3.369647
v -3.465654 4.800529 -3.451869
v -3.466812 4.884346 -3.294271
v -3.068659 5.436562 2.495491
v -3.126945 5.442223 2.508995
v -3.126314 5.346275 2.502361
v -3.193092 5.173813 2.513533
v -3.190135 5.344215 2.514685
v -3.113632 5.176338 2.498206
v -3.013660 4.908043 2.477605
v -3.102200 5.023041 2.494445
v -3.085477 4.622574 2.487700
v -3.185675 4.619362 2.507028
v -3.256062 4.445961 2.523177
v -2.993509 4.454384 2.472513
v -3.090800 4.789665 2.490148
v -3.266351 4.899872 2.526372
v -3.194416 5.020103 2.512247
v -3.226272 5.431503 2.525939
v -3.190712 5.440178 2.521326
v -3.191003 4.786446 2.509475
v -3.063236 4.005547 2.803592
v -3.107984 4.073326 2.614322
v -3.140097 4.284508 2.504250
v -3.001681 4.279373 3.109857
v -3.021681 4.070114 2.992620
v -2.913359 5.416161 3.163196
v -3.075033 5.410919 3.194648
v -3.103664 4.893677 3.232462
v -2.852828 4.901833 3.183687
v -3.088150 4.317696 3.240063
v -2.823799 4.326248 3.188643
v -3.051790 5.014824 3.134382
v -2.960175 5.017761 3.116599
v -2.971710 5.171059 3.120238
v -2.948745 4.784386 3.112241
v -2.943458 4.617294 3.109794
v -3.285990 4.900398 2.439854
v -3.240006 5.417038 2.473323
v -3.077137 5.422279 2.441875
v -3.033031 4.908554 2.391109
v -3.276932 4.324677 2.418053
v -3.010303 4.333229 2.366634
v -3.047942 5.338928 3.136779
v -2.984530 5.340988 3.124450
v -2.987703 5.437027 3.120552
v -3.051078 5.434982 3.132863
v -3.050650 5.168533 3.135584
v -3.042993 4.614082 3.129122
v -3.048286 4.781174 3.131569
v -3.114719 4.440742 3.137760
v -2.853865 4.449165 3.087096
v -3.123764 4.894608 3.145936
v -3.085254 5.426270 3.142519
v -2.928632 5.431320 3.112063
v -2.872724 4.902786 3.097209
v -3.249469 4.278275 2.525175
v -2.985257 4.288589 2.472461
v -2.847002 4.283417 3.081700
v -3.110293 4.273132 3.131122
v -3.215562 4.069862 2.635138
v -3.170069 4.002098 2.824307
v -3.128846 4.066650 3.013435
v 3.042838 4.279373 3.109857
v 3.103623 4.005547 2.803592
v 3.062650 4.070114 2.992620
v 3.179110 4.284508 2.504250
v 3.147633 4.073326 2.614322
v 3.315318 4.324677 2.418053
v 3.049376 4.333229 2.366633
v 3.071949 4.908554 2.391109
v 3.324251 4.900398 2.439854
v 3.116604 5.422279 2.441875
v 3.279065 5.417038 2.473323
v 3.108292 5.436562 2.495491
v 3.165641 5.346275 2.502361
v 3.166446 5.442223 2.508994
v 3.152752 5.176338 2.498206
v 3.052823 4.908043 2.477605
v 3.232013 5.173813 2.513533
v 3.229304 5.344215 2.514685
v 3.265514 5.431503 2.525939
v 3.230056 5.440178 2.521326
v 3.304868 4.899872 2.526372
v 3.233179 5.020103 2.512247
v 3.141197 5.023041 2.494444
v 3.129707 4.789665 2.490148
v 3.229654 4.786446 2.509475
v 3.224338 4.619362 2.507028
v 3.294645 4.445961 2.523177
v 3.124398 4.622574 2.487700
v 3.032760 4.454384 2.472513
v 3.151229 4.273132 3.131122
v 3.169591 4.066650 3.013435
v 3.210224 4.002098 2.824307
v 3.254967 4.069862 2.635137
v 3.288226 4.278275 2.525175
v 3.092786 5.014824 3.134382
v 3.001375 5.017761 3.116599
v 3.013017 5.171059 3.120237
v 2.984590 4.617294 3.109793
v 2.989866 4.784386 3.112241
v 3.089291 5.338928 3.136778
v 3.026017 5.340988 3.124449
v 3.029309 5.437027 3.120551
v 3.092546 5.434982 3.132863
v 3.091784 5.168533 3.135584
v 3.089184 4.781174 3.131569
v 3.083902 4.614082 3.129121
v 2.894514 4.901833 3.183687
v 2.865709 4.326248 3.188643
v 3.129489 4.317696 3.240063
v 3.144801 4.893677 3.232462
v 2.955285 5.416161 3.163196
v 3.116611 5.410919 3.194648
v 2.895260 4.449165 3.087096
v 3.155533 4.440742 3.137760
v 2.914060 4.902786 3.097209
v 2.970369 5.431320 3.112063
v 3.126650 5.426270 3.142519
v 3.164537 4.894608 3.145936
v 2.888525 4.283417 3.081700
v 3.024674 4.288589 2.472461
v 2.610770 3.159500 2.895876
v 2.698420 3.138412 2.918626
v 2.752369 3.153625 2.598777
v 2.664485 3.174713 2.576029
v 2.799389 3.135605 2.269824
v 2.711324 3.156693 2.247074
v 2.550028 1.576397 1.582075
v 2.458120 1.515022 2.008646
v 2.493622 2.055450 2.383224
v 2.196329 1.456860 2.644728
v 2.024669 1.453918 3.038567
v 2.254966 2.020988 3.116998
v 2.581312 2.642876 2.468746
v 2.412570 2.617195 3.176370
v 2.756598 2.693382 1.753008
v 2.688982 2.124672 1.658136
v 2.636730 1.555309 1.604823
v 2.776234 2.103584 1.680884
v 2.580545 2.034332 2.405980
v 2.844421 2.672302 1.775757
v 2.668735 2.621727 2.491510
v 2.499569 2.596107 3.199118
v 2.341647 1.999802 3.139750
v 2.112470 1.431580 3.061351
v 2.284062 1.434692 2.667508
v 2.544788 1.493855 2.031396
v -0.395471 3.258408 -3.162913
v 0.025710 3.258408 -3.162913
v 0.025710 3.260155 -3.261800
v -1.213779 3.570595 -3.093285
v -1.237850 3.513474 -3.222737
v -1.648580 3.536331 -3.101502
v -0.982793 3.405487 -3.272213
v -0.967832 3.453835 -3.164428
v -0.744942 3.320923 -3.224502
v -0.934330 3.451698 -3.041425
v -0.720703 3.319191 -3.119970
v -0.410665 3.260155 -3.261800
v 0.025710 3.224106 -3.339218
v -0.417272 3.224106 -3.339218
v -0.754375 3.280991 -3.308743
v -1.552423 3.587196 -2.828032
v -1.169506 3.551704 -2.952808
v -1.996005 3.513283 -2.786427
v -2.042414 3.446693 -2.910983
v -2.253212 3.298615 -2.738854
v -1.610913 3.600212 -2.970035
v -1.973600 1.374664 -2.695048
v -2.187217 1.512043 -2.489616
v -2.228685 1.573086 -2.621486
v -2.261005 1.870853 -2.352353
v -2.102456 1.507759 -2.362770
v -2.170470 1.867935 -2.228593
v -2.193468 2.491493 -2.209091
v -2.285949 2.484543 -2.332915
v -2.284724 3.051460 -2.459058
v -2.323990 2.480888 -2.478706
v -2.318494 3.008232 -2.588271
v -2.212544 3.359985 -2.615872
v -2.127843 3.364616 -2.485145
v -1.922719 3.512962 -2.651293
v -2.296492 1.907997 -2.491318
v -2.192772 3.078491 -2.337547
v -1.588627 1.376541 -2.935892
v -1.530916 1.370632 -2.796659
v -1.900351 1.369835 -2.563286
v 0.802084 1.640232 -3.378758
v 1.271713 1.511162 -3.239294
v 1.246435 1.450291 -3.108768
v 0.791578 1.587997 -3.299270
v 0.466870 1.666878 -3.425727
v 0.459954 1.616798 -3.354108
v 0.025710 1.666878 -3.425727
v 0.025710 1.616798 -3.354108
v -0.408533 1.616798 -3.354108
v -0.394170 1.608898 -3.255749
v -0.740157 1.587997 -3.299270
v -0.717354 1.580856 -3.195414
v -1.195014 1.450291 -3.108768
v -1.152164 1.442951 -2.970428
v -1.626666 1.442860 -3.070165
v -2.019944 1.443047 -2.824466
v -1.220293 1.511162 -3.239294
v -0.750663 1.640232 -3.378758
v -0.415449 1.666878 -3.425727
v 0.025710 1.608898 -3.255749
v 0.445591 1.608898 -3.255749
v 0.768775 1.580856 -3.195414
v 1.203585 1.442951 -2.970428
v 1.582337 1.370632 -2.796659
v 1.640048 1.376541 -2.935892
v 2.178480 3.364616 -2.485145
v 2.263339 3.359985 -2.615872
v 2.047137 3.513283 -2.786427
v 2.335380 3.051460 -2.459058
v 2.243266 3.078491 -2.337547
v 2.244247 2.491493 -2.209091
v 2.336848 2.484543 -2.332915
v 2.375061 2.480888 -2.478706
v 2.312335 1.870853 -2.352353
v 2.347870 1.907997 -2.491318
v 2.280106 1.573086 -2.621486
v 2.238638 1.512043 -2.489616
v 2.153877 1.507759 -2.362770
v 2.025021 1.374664 -2.695048
v 1.951771 1.369835 -2.563286
v 1.678087 1.442860 -3.070165
v 2.071365 1.443047 -2.824466
v 2.221751 1.867935 -2.228593
v 2.369371 3.008232 -2.588271
v 2.304201 3.298615 -2.738854
v 0.446891 3.258408 -3.162913
v 0.462087 3.260155 -3.261800
v 0.468693 3.224106 -3.339218
v 0.796363 3.320923 -3.224502
v 0.805796 3.280991 -3.308743
v 1.034214 3.405487 -3.272213
v 1.019253 3.453835 -3.164428
v 0.985750 3.451698 -3.041425
v 1.265200 3.570595 -3.093285
v 1.220927 3.551704 -2.952808
v 1.603786 3.587196 -2.828032
v 1.662319 3.600212 -2.970035
v 1.700001 3.536331 -3.101502
v 2.093672 3.446693 -2.910983
v 1.289271 3.513474 -3.222737
v 1.973727 3.512962 -2.651293
v 0.772124 3.319191 -3.119970
v -1.258759 2.480667 -2.657774
v -2.006696 2.494987 -2.180214
v -1.984728 1.724926 -2.273548
v 0.025710 1.830624 -3.129240
v -0.375934 1.827911 -3.119148
v -0.790661 1.782211 -3.009983
v -1.290233 1.660782 -2.760516
v -2.038315 3.187126 -2.358983
v -1.307744 3.385941 -2.771236
v -0.570915 2.450478 -2.972978
v -0.795936 3.139053 -2.963499
v 0.427355 1.827911 -3.119148
v 0.025710 2.439636 -3.025343
v 0.025710 3.080750 -3.066563
v -0.377119 3.083473 -3.059060
v 0.428540 3.083473 -3.059060
v 0.622336 2.450478 -2.972978
v 0.842082 1.782211 -3.009983
v 1.341654 1.660782 -2.760516
v 2.036133 1.724926 -2.273548
v 2.057586 2.494987 -2.180214
v 1.310179 2.480667 -2.657774
v 2.088925 3.187126 -2.358983
v 1.359159 3.385941 -2.771236
v 0.847357 3.139053 -2.963499
v -2.240971 3.968643 -3.370161
v -2.265230 3.959579 -3.421926
v -2.205145 3.884453 -3.422934
v -2.127694 3.729324 -3.483867
v -2.225059 3.869125 -3.480114
v -2.102901 3.748367 -3.412717
v -1.916376 3.549690 -3.325690
v -2.010726 3.625565 -3.403881
v -1.775023 3.301453 -3.394103
v -1.806260 3.277412 -3.483765
v -1.733264 3.118134 -3.548957
v -1.651382 3.181129 -3.313931
v -1.872728 3.437096 -3.396420
v -1.995137 3.489014 -3.551820
v -2.039503 3.603455 -3.486415
v -2.290145 3.930786 -3.511426
v -2.285144 3.944252 -3.479081
v -1.903966 3.413063 -3.486082
v -0.573065 2.456451 -3.324484
v -1.337754 2.518913 -3.165555
v -2.080841 2.486359 -2.763395
v 0.025710 2.454498 -3.335748
v 0.624486 2.456451 -3.324484
v 1.389175 2.518913 -3.165555
v 2.132232 2.486359 -2.763395
v -1.676190 2.619019 -3.322058
v -1.569849 2.775833 -3.399858
v -1.606313 3.007950 -3.447413
v -2.067300 2.680130 -3.198941
v -1.857808 2.571068 -3.244648
v -2.741976 3.595482 -3.092938
v -2.791910 3.556366 -3.238835
v -2.532569 3.106644 -3.262150
v -2.454409 3.167313 -3.035965
v -2.209242 2.629738 -3.254309
v -2.126142 2.693672 -3.015780
v -2.513286 3.266693 -3.231163
v -2.484762 3.288795 -3.148621
v -2.577109 3.411667 -3.157507
v -2.346408 3.100365 -3.141185
v -2.248583 2.964714 -3.138867
v -1.929170 3.535675 -3.587346
v -2.241930 3.946815 -3.534785
v -2.191120 3.985924 -3.388885
v -1.850403 3.596329 -3.361148
v -1.583529 3.074684 -3.591568
v -1.500427 3.138611 -3.353038
v -2.699370 3.532394 -3.224878
v -2.679739 3.547729 -3.167700
v -2.732019 3.628548 -3.171014
v -2.751605 3.613235 -3.228178
v -2.601639 3.392609 -3.228648
v -2.279797 2.940681 -3.228529
v -2.377526 3.076332 -3.230846
v -2.201084 2.785469 -3.296803
v -2.119209 2.848457 -3.061777
v -2.466767 3.153648 -3.297623
v -2.760279 3.597031 -3.258453
v -2.711861 3.634888 -3.117190
v -2.388516 3.214310 -3.071476
v -1.638753 2.979553 -3.545488
v -1.555975 3.045433 -3.309165
v -2.019727 2.715660 -3.059204
v -2.099999 2.651558 -3.296877
v -1.603489 2.749947 -3.496416
v -1.709670 2.593254 -3.418156
v -1.891449 2.545189 -3.341207
v 4.559284 5.379150 2.017310
v 4.319631 5.757233 2.371870
v 4.036048 5.675209 2.233795
v 4.200526 5.308022 1.978732
v 4.847066 4.754936 1.621416
v 4.434390 4.710823 1.591705
v 4.982983 4.400436 1.218723
v 4.549789 4.354073 1.205858
v 5.083280 4.170456 0.697664
v 4.665011 4.109192 0.716597
v 0.709205 6.374886 5.571391
v 0.025941 6.387627 5.610451
v 0.025941 6.360870 5.219970
v 0.640759 6.345963 5.200800
v 1.346952 6.323830 5.052090
v 1.483677 6.353279 5.399863
v 2.209451 6.324287 5.094979
v 2.007583 6.292908 4.775271
v 2.676992 6.240784 4.276795
v 2.937124 6.280579 4.559030
v 3.364267 6.240311 4.050028
v 3.084860 6.179398 3.801080
v 3.708001 6.180817 3.472325
v 3.427757 6.086426 3.261186
v 3.641547 6.011169 2.897022
v 3.910645 6.117386 3.058243
v 4.109859 5.997711 2.708053
v 3.833545 5.903580 2.558365
v 4.545883 5.123489 0.458845
v 4.592620 4.661560 0.778091
v 4.483808 4.986626 1.241356
v 4.645038 4.420120 -0.364992
v 3.711493 7.480049 0.869498
v 3.869569 6.724693 0.846448
v 3.813405 6.574524 1.667616
v 4.208871 5.864479 1.631531
v 4.329488 6.012482 0.610306
v 4.722909 3.995407 0.240538
v 4.735578 3.926697 -0.321004
v 4.687028 3.882118 -0.750404
v 4.221313 4.304176 -1.956337
v 4.521937 3.847084 -1.376690
v 4.343391 3.830070 -1.827216
v 4.099894 3.812065 -2.256918
v 3.316858 8.173477 1.917701
v 3.431484 8.440063 0.924158
v 3.795320 7.443985 -0.412949
v 3.946993 6.596397 -0.335001
v 4.310256 5.996750 -0.355628
v 4.512173 5.061523 -0.380330
v 4.184749 4.934319 -1.854681
v 3.601481 4.297729 -2.686844
v 3.571294 3.815483 -2.801477
v 2.764658 4.297539 -3.582311
v 2.949489 3.804298 -3.488983
v 2.487454 3.805565 -3.842812
v 1.688727 4.387276 -4.163962
v 4.190429 5.542389 -1.663497
v 3.874926 6.228783 -1.760224
v 3.690416 7.194481 -1.812289
v 2.944238 9.158165 -0.612258
v 3.518011 8.362411 -0.509450
v 3.350398 7.975082 -1.980326
v 3.466395 6.626610 -2.649787
v 3.782881 5.724510 -2.200274
v 3.660786 4.940758 -2.488758
v 2.863126 5.097488 -3.433228
v 1.754982 5.238846 -4.079483
v 0.849853 5.299728 -4.323410
v 0.825094 4.398758 -4.301103
v 0.025941 5.340446 -4.428713
v -0.797969 5.299728 -4.323410
v 0.025941 6.477913 -4.377540
v 0.929066 6.415665 -4.249278
v 1.916261 6.332893 -3.956109
v 3.053056 6.057877 -3.196742
v 2.997348 6.931862 -3.149829
v 2.772607 8.627945 -2.248817
v 2.083212 9.040535 -2.479103
v 2.101608 9.698608 -0.678048
v 1.082209 9.285927 -2.650330
v 1.777003 7.383286 -3.836646
v 2.398829 7.202934 -3.551974
v 1.998252 8.656433 -3.068642
v 1.033347 8.829697 -3.273713
v 0.916995 7.487511 -4.038303
v 0.025941 7.540955 -4.145323
v -0.877183 6.415665 -4.249278
v -1.703099 5.238846 -4.079483
v -1.864378 6.332893 -3.956109
v -2.811301 5.097488 -3.433228
v -3.001342 6.057877 -3.196742
v -3.611611 4.940758 -2.488758
v -3.734344 5.724510 -2.200274
v -4.144544 5.542389 -1.663497
v -2.346947 7.202934 -3.551974
v -1.725119 7.383286 -3.836646
v -0.865112 7.487511 -4.038303
v 0.025941 8.920319 -3.389210
v 0.025941 9.415428 -2.754021
v -0.981463 8.829697 -3.273713
v -3.415429 6.626610 -2.649787
v -2.945476 6.931862 -3.149829
v -2.720723 8.627945 -2.248817
v -1.946369 8.656433 -3.068642
v -1.030326 9.285927 -2.650330
v 0.025941 10.113495 -0.635782
v 1.155985 9.962410 -0.676073
v 1.117380 10.072350 1.152761
v 2.063966 9.801781 1.064519
v 2.829025 9.274353 0.999452
v -4.172944 5.864479 1.631531
v -4.291790 6.012482 0.610306
v -3.829334 6.724693 0.846448
v -3.904209 6.596397 -0.335001
v -3.749075 7.443985 -0.412949
v -3.640815 7.194481 -1.812289
v -3.299017 7.975082 -1.980326
v -3.468276 8.362411 -0.509450
v -3.827486 6.228783 -1.760224
v -4.165775 5.308022 1.978732
v -4.400553 4.710823 1.591705
v -2.031328 9.040535 -2.479103
v -2.892545 9.158165 -0.612258
v -3.383268 8.440063 0.924158
v -3.667655 7.480049 0.869498
v -3.774323 6.574524 1.667616
v -4.026874 6.006882 1.982652
v -3.999974 5.675209 2.233795
v -3.641604 6.284401 2.507124
v -3.795883 5.903580 2.558365
v -3.602311 6.011169 2.897022
v -3.386798 6.086426 3.261186
v -3.338086 6.466286 3.103680
v -2.590131 8.380562 3.273625
v -2.675070 9.023270 2.234185
v -1.979442 9.530197 2.396450
v -3.269794 8.173477 1.917701
v -3.035204 7.716949 2.908418
v -3.500888 7.335068 1.813397
v -3.348994 6.940300 2.654800
v -2.777833 9.274353 0.999452
v -2.049724 9.698608 -0.678048
v -1.104102 9.962410 -0.676073
v -1.065498 10.072350 1.152761
v -2.012084 9.801781 1.064519
v -3.020734 6.707703 3.640305
v -2.570638 7.777328 3.660405
v -1.939619 8.860138 3.543470
v -1.028823 9.804665 2.529102
v 0.025941 10.215088 1.228940
v -3.041009 6.179398 3.801080
v -2.590550 6.906364 4.056203
v -1.902470 8.048225 4.152699
v -0.993536 9.131607 3.723278
v 0.025941 9.944588 2.609257
v 1.080703 9.804665 2.529102
v 2.031309 9.530197 2.396450
v 2.725847 9.023270 2.234185
v 0.025941 9.271919 3.812683
v -1.924001 7.131569 4.502628
v -0.972516 8.220367 4.439381
v 0.025941 8.330353 4.571906
v 1.045455 9.131607 3.723278
v 1.991300 8.860138 3.543470
v 2.640091 8.380562 3.273625
v -2.630470 6.240784 4.276795
v -1.958072 6.292908 4.775271
v -1.273705 7.219070 4.780094
v 0.025941 7.259453 4.980596
v 1.024399 8.220367 4.439381
v 1.953632 8.048225 4.152699
v 2.619548 7.777328 3.660405
v 3.081805 7.716949 2.908418
v 3.543852 7.335068 1.813397
v 1.325246 7.219070 4.780094
v -0.588851 6.345963 5.200800
v -1.295773 6.323830 5.052090
v 3.391439 6.940300 2.654800
v 3.680644 6.284401 2.507124
v 3.379820 6.466286 3.103680
v 3.065500 6.707703 3.640305
v 4.063634 6.006882 1.982652
v 2.637974 6.906364 4.056203
v 1.974242 7.131569 4.502628
v 4.997225 4.670631 0.688322
v 5.108347 4.057991 0.207099
v 5.026122 4.551773 0.142036
v 4.980873 4.468849 -0.619719
v 5.100005 3.992424 -0.367187
v 5.057294 3.946007 -0.810809
v 4.749917 4.397331 -1.654187
v 4.904641 3.902794 -1.454530
v 4.716619 3.873329 -1.944398
v 3.947012 6.390106 2.571019
v 4.333757 6.083900 2.074226
v 4.631965 5.650627 1.673453
v 4.863962 5.094177 1.266078
v 4.883966 5.170929 0.758800
v 4.889870 5.145370 -0.104918
v 4.728486 5.036057 -1.472799
v 4.419473 4.361351 -2.336852
v 4.418756 3.851028 -2.448594
v 3.849164 4.356308 -2.941315
v 3.840908 3.848068 -3.069823
v 3.220709 4.356567 -3.668194
v 4.425956 6.243958 1.639514
v 4.021363 6.625603 2.020051
v 4.713977 5.899872 0.963402
v 4.642065 5.715981 -1.318291
v 4.745655 5.850235 -0.052250
v 4.531112 6.317459 1.111380
v 4.160749 6.732231 1.282548
v 3.931976 7.603844 1.383736
v 3.791250 7.351700 2.175276
v 3.478626 8.225693 2.388743
v 2.919326 9.079269 2.663487
v 3.021831 9.412086 1.496406
v 2.280396 9.992897 1.601219
v 3.652858 8.492432 1.522437
v 4.049419 7.704544 0.434938
v 4.248794 6.730087 0.437291
v 4.589361 6.287460 -0.005729
v 4.521980 6.090233 -1.250820
v 4.416472 5.694016 -1.931525
v 4.395925 4.995369 -2.173268
v 3.933719 5.008842 -2.698439
v 4.075578 5.797112 -2.369421
v 3.578917 6.000877 -3.218753
v 2.365241 9.818466 -1.372459
v 3.147859 9.258865 -1.338955
v 3.087840 9.094513 -1.874648
v 2.397597 9.986656 -0.538080
v 3.192883 9.418785 -0.471925
v 2.386605 10.079681 0.505540
v 3.165537 9.493202 0.462504
v 3.800209 8.562523 0.436361
v 4.085917 7.660370 -0.467019
v 4.286488 6.655640 -0.366337
v 4.264772 6.529709 -1.107641
v 4.185732 6.309196 -1.848228
v 3.732600 6.656761 -2.845915
v 4.048173 7.557526 -1.232251
v 3.773346 8.378532 -1.388913
v 3.832761 8.522789 -0.368277
v 3.625578 8.133492 -2.121194
v 3.936677 7.360443 -1.917184
v 3.029491 8.685135 -2.536273
v 3.458235 7.700012 -2.877797
v 3.840118 7.137459 -2.388635
v 2.314815 9.594948 -2.048895
v 1.579049 10.108391 -1.403664
v 3.267208 6.981262 -3.406545
v 2.835314 8.165085 -3.268663
v 2.247969 9.058083 -2.881858
v 1.545532 9.858253 -2.148722
v 0.726115 9.991142 -2.204941
v 1.501792 9.291588 -3.035804
v 2.089266 8.453583 -3.588089
v 3.380718 5.077911 -3.476837
v 3.067208 6.177040 -3.709100
v 2.513292 7.303680 -3.889373
v 1.944068 7.436241 -4.119892
v 1.385139 8.581543 -3.796405
v 0.708474 9.409775 -3.134466
v 0.025941 9.461754 -3.166247
v 0.648772 8.621841 -3.945796
v 0.025941 8.623192 -4.011539
v 0.025941 7.637131 -4.488727
v -0.596890 8.621841 -3.945796
v -0.886401 7.584068 -4.384727
v -0.656592 9.409775 -3.134466
v -1.333219 8.581543 -3.796405
v 0.938283 7.584068 -4.384727
v 2.071449 6.366150 -4.282190
v 2.830609 5.160988 -3.928124
v 2.692005 4.356018 -4.073092
v 1.041252 6.442184 -4.588053
v 0.025941 6.502556 -4.750444
v -0.989332 6.442184 -4.588053
v -2.019566 6.366150 -4.282190
v -3.015324 6.177040 -3.709100
v -2.778725 5.160988 -3.928124
v -3.329004 5.077911 -3.476837
v -1.849570 5.254143 -4.402000
v -0.926431 5.300125 -4.655375
v 0.025941 5.331352 -4.798524
v 0.978313 5.300125 -4.655375
v 1.901453 5.254143 -4.402000
v 1.792699 4.354012 -4.501904
v 0.921777 4.351463 -4.711250
v 0.025941 4.350769 -4.811619
v -0.869855 4.351463 -4.711250
v -1.740815 4.354012 -4.501904
v -2.640083 4.356018 -4.073092
v -3.168842 4.356567 -3.668194
v -3.798604 4.356308 -2.941315
v 3.190578 3.854927 -3.788906
v 2.669868 3.846954 -4.171674
v 1.794936 3.832542 -4.570499
v 0.922239 3.828880 -4.763340
v 0.025941 3.831543 -4.846135
v -0.870358 3.828880 -4.763340
v -1.743014 3.832542 -4.570499
v -2.617985 3.846954 -4.171674
v -3.138655 3.854927 -3.788906
v -3.789865 3.848068 -3.069823
v -4.369569 3.851028 -2.448594
v -4.371000 4.361351 -2.336852
v -4.669415 3.873329 -1.944398
v -4.704359 4.397331 -1.654187
v -4.859558 3.902794 -1.454530
v -5.015246 3.946007 -0.810809
v -4.940310 4.468849 -0.619719
v -5.060032 3.992424 -0.367187
v -5.070816 4.057991 0.207099
v -4.988972 4.551773 0.142036
v -4.961984 4.670631 0.688322
v -4.848660 5.170929 0.758800
v -4.829754 5.094177 1.266078
v -4.596770 5.650627 1.673453
v -4.813272 4.754936 1.621416
v -4.524433 5.379150 2.017310
v -4.296800 6.083900 2.074226
v -5.047522 4.170456 0.697664
v -4.948668 4.400436 1.218723
v -1.892146 7.436241 -4.119892
v -2.461410 7.303680 -3.889373
v -3.215285 6.981262 -3.406545
v -3.527332 6.000877 -3.218753
v -3.883923 5.008842 -2.698439
v -4.348150 4.995369 -2.173268
v -4.683843 5.036057 -1.472799
v -4.851617 5.145370 -0.104918
v -4.369246 5.694016 -1.931525
v -4.026492 5.797112 -2.369421
v -3.681314 6.656761 -2.845915
v -3.406352 7.700012 -2.877797
v -2.783430 8.165085 -3.268663
v -2.977607 8.685135 -2.536273
v -2.196086 9.058083 -2.881858
v -2.262913 9.594948 -2.048895
v -1.493651 9.858246 -2.148722
v -2.313339 9.818466 -1.372459
v -1.527167 10.108383 -1.403664
v -2.345713 9.986656 -0.538080
v -1.548143 10.281815 -0.555024
v -1.545405 10.386955 0.554644
v -0.695655 10.426041 -0.535257
v -4.477047 6.090233 -1.250820
v -3.035936 9.094513 -1.874648
v -3.095941 9.258865 -1.338955
v -3.573906 8.133492 -2.121194
v -3.722318 8.378532 -1.388913
v -3.782979 8.522789 -0.368277
v -3.141045 9.418785 -0.471925
v -4.137915 6.309196 -1.848228
v -3.789257 7.137459 -2.388635
v -3.886534 7.360443 -1.917184
v -3.999446 7.557526 -1.232251
v -4.038925 7.660370 -0.467019
v -3.751352 8.562523 0.436361
v -3.113974 9.493202 0.462504
v -2.334721 10.079681 0.505540
v -4.219357 6.529709 -1.107641
v -4.243495 6.655640 -0.366337
v 0.025941 10.590553 0.652644
v -0.697198 10.537003 0.610821
v -0.667388 10.466377 1.738598
v -1.478457 10.305557 1.676249
v -2.228513 9.992897 1.601219
v -2.970558 9.412086 1.496406
v -3.604808 8.492432 1.522437
v -4.004205 7.704544 0.434938
v -4.207965 6.730087 0.437291
v -4.548941 6.287460 -0.005729
v -1.454160 10.084793 2.491989
v -2.191799 9.786858 2.381039
v -2.868414 9.079269 2.663487
v -3.431206 8.225693 2.388743
v -3.888146 7.603844 1.383736
v -4.121174 6.732231 1.282548
v -4.493310 6.317459 1.111380
v -4.706377 5.850235 -0.052250
v -4.597483 5.715981 -1.318291
v -2.155101 9.470940 3.164023
v -2.829205 8.522659 3.480034
v -4.677475 5.899872 0.963402
v -4.388659 6.243958 1.639514
v -3.982115 6.625603 2.020051
v -3.748288 7.351700 2.175276
v -3.309901 7.805183 3.098592
v -2.806579 7.890808 3.896536
v -2.123812 9.061546 3.760750
v -1.429864 9.754150 3.310891
v -0.654159 10.232353 2.574471
v 0.025941 10.524269 1.768568
v 0.719269 10.466377 1.738598
v -3.190041 7.016617 3.740791
v -3.643333 6.971329 2.758463
v -3.577968 6.580673 3.288550
v -3.907776 6.390106 2.571019
v -4.283229 5.757233 2.371870
v -4.071798 5.997711 2.708053
v -3.870981 6.117386 3.058243
v -3.666461 6.180817 3.472325
v -3.254665 6.671310 3.898690
v -2.811705 7.347099 4.181600
v -2.093214 8.294708 4.393567
v -1.408806 9.345398 3.922106
v -0.640931 9.888435 3.413510
v 0.025941 10.280785 2.605178
v -1.397160 8.499725 4.656307
v -2.114681 7.580002 4.699603
v -1.406478 7.676910 5.009014
v -2.845410 6.732590 4.424758
v -2.145699 6.801521 4.962874
v -1.430142 6.842506 5.271653
v -2.890013 6.280579 4.559030
v -2.159421 6.324287 5.094979
v -3.319823 6.240311 4.050028
v 2.144762 8.294708 4.393567
v 2.175643 9.061546 3.760750
v 1.460728 9.345398 3.922106
v 1.481745 9.754150 3.310891
v 0.692853 9.888435 3.413510
v 0.706061 10.232353 2.574471
v 0.025941 9.927414 3.444950
v -0.627510 9.487549 4.020564
v -0.633295 8.598137 4.804752
v -0.640893 7.709557 5.190178
v -0.662721 6.865791 5.443793
v -1.432123 6.353279 5.399863
v 0.025941 6.872955 5.483634
v -0.657282 6.374886 5.571391
v 0.679393 9.487549 4.020564
v 0.025941 9.531158 4.039564
v 0.025941 8.616737 4.835699
v 0.685177 8.598137 4.804752
v 1.449081 8.499725 4.656307
v 2.165705 7.580002 4.699603
v 2.860242 7.347099 4.181600
v 2.893123 6.732590 4.424758
v 3.299769 6.671310 3.898690
v 2.196041 6.801521 4.962874
v 1.458367 7.676910 5.009014
v 0.692775 7.709557 5.190178
v 0.025941 7.724823 5.227394
v 1.481783 6.842506 5.271653
v 0.714642 6.865791 5.443793
v 3.620274 6.580673 3.288550
v 3.235840 7.016617 3.740791
v 2.855970 7.890808 3.896536
v 1.506060 10.084793 2.491989
v 2.206981 9.470940 3.164023
v 2.879531 8.522659 3.480034
v 3.356763 7.805183 3.098592
v 3.685684 6.971329 2.758463
v 0.025941 10.480545 -0.493498
v 0.749080 10.537003 0.610821
v 1.530376 10.305557 1.676249
v 2.243682 9.786858 2.381039
v 1.597286 10.386955 0.554644
v 0.747539 10.426041 -0.535257
v 0.025941 10.303879 -1.425171
v -0.686753 10.244247 -1.451195
v -0.674213 9.991142 -2.204941
v -1.449907 9.291588 -3.035804
v -2.037383 8.453583 -3.588089
v 0.025941 10.047974 -2.215644
v 0.738656 10.244255 -1.451195
v 1.600026 10.281815 -0.555024
v -4.629354 4.109192 0.716597
v -4.515462 4.354073 1.205858
v 1.678545 3.812378 -4.209723
v 0.864893 3.820076 -4.400381
v 0.025941 3.829559 -4.451658
v -0.812972 3.820076 -4.400381
v -1.626661 3.812378 -4.209723
v -2.435531 3.805565 -3.842812
v -2.897643 3.804298 -3.488983
v -3.520805 3.815483 -2.801477
v -4.051409 3.812065 -2.256918
v -4.296735 3.830070 -1.827216
v -4.477336 3.847084 -1.376690
v -4.645350 3.882118 -0.750404
v -4.695828 3.926697 -0.321004
v -4.685551 3.995407 0.240538
v 3.350491 6.896156 2.592221
v 3.384913 6.771927 2.600458
v 3.297568 6.747078 2.651347
v 3.379365 6.674408 2.683456
v 3.263725 6.695129 2.765667
v 3.336344 6.649208 2.802380
v 3.204903 6.777298 2.851620
v 3.276179 6.708138 2.901583
v 3.227182 6.823608 2.934649
v 3.186930 6.933708 2.792568
v 3.212138 6.941582 2.886105
v 3.237884 7.006882 2.778665
v 3.258503 6.908562 2.638377
v 3.292437 6.988937 2.662602
v -4.138389 4.934319 -1.854681
v -4.472832 5.061523 -0.380330
v -4.605755 4.420120 -0.364992
v -4.174428 4.304176 -1.956337
v -3.551557 4.297729 -2.686844
v 0.025941 4.432388 -4.315188
v -0.773173 4.398758 -4.301103
v -1.636843 4.387276 -4.163962
v -2.712781 4.297539 -3.582311
v -4.269400 5.996750 -0.355628
v -4.509816 5.123489 0.458845
v -4.557661 4.661560 0.778091
v -4.449627 4.986626 1.241356
v -3.219453 6.908562 2.638377
v -3.147321 6.933708 2.792568
v -3.259218 6.747078 2.651347
v -3.165807 6.777298 2.851620
v -3.225262 6.695129 2.765667
v -3.311754 6.896156 2.592221
v -3.253075 6.988937 2.662602
v -3.198112 7.006882 2.778665
v -3.172342 6.941582 2.886105
v -3.187757 6.823608 2.934649
v -3.237369 6.708138 2.901584
v -3.298115 6.649208 2.802380
v -3.341393 6.674408 2.683455
v -3.346733 6.771927 2.600458
v 3.675095 6.908302 3.075725
v 3.734968 6.815773 3.005376
v 3.789680 6.797897 2.888686
v 3.813376 6.863052 2.780255
v 3.794909 6.980743 2.730820
v 3.638098 7.032204 3.066816
v 3.641053 7.129494 2.982817
v 3.743160 7.095909 2.763511
v 3.682471 7.154655 2.863032
v 3.526765 7.015495 3.059431
v 3.570652 6.868103 3.070030
v 3.530332 7.131226 2.959509
v 3.579534 7.161156 2.817019
v 3.651611 7.091263 2.698632
v 3.713098 6.954277 2.659744
v 3.735045 6.814270 2.718551
v 3.706849 6.736771 2.847536
v 3.641783 6.758034 2.986346
v -3.751331 6.797897 2.888686
v -3.696183 6.815773 3.005376
v -3.635683 6.908302 3.075725
v -3.775044 6.863052 2.780255
v -3.756168 6.980743 2.730820
v -3.598167 7.032204 3.066816
v -3.600936 7.129494 2.982817
v -3.703796 7.095909 2.763511
v -3.642572 7.154655 2.863032
v -3.486779 7.015495 3.059431
v -3.490124 7.131226 2.959510
v -3.539582 7.161156 2.817019
v -3.612297 7.091263 2.698632
v -3.674531 6.954277 2.659744
v -3.696974 6.814270 2.718551
v -3.668756 6.736771 2.847536
v -3.603163 6.758034 2.986346
v -3.531281 6.868103 3.070030
v -2.313088 8.873924 1.724658
v -2.556007 8.891151 0.847670
v -2.875300 9.217773 0.776346
v -2.552126 9.168816 1.898119
v -2.327493 9.038910 2.494623
v -2.116539 8.757225 2.251990
v -2.078490 8.538635 2.539192
v -2.273633 8.802170 2.925870
v -2.104305 8.194939 2.813369
v -2.339870 8.473480 3.194945
v -2.428016 8.120605 3.324357
v -2.137845 7.911583 2.913387
v -2.552574 7.770081 3.358869
v -2.214387 7.648239 2.940875
v -2.323934 7.407753 2.916277
v -2.756403 7.518829 3.276824
v -2.498309 7.246338 2.750393
v -3.021910 7.341034 3.037722
v -2.857702 7.147102 2.084017
v -3.477137 7.206154 2.246984
v -3.752031 7.116203 1.217057
v -3.081162 7.151482 1.152036
v -3.223864 7.152512 0.549674
v -3.825412 7.129799 0.481730
v -3.807628 7.246391 0.161312
v -3.198921 7.260086 0.298113
v -3.103205 7.540916 0.062129
v -3.685949 7.604401 -0.086036
v -3.555297 8.016617 -0.195475
v -2.978987 7.948090 -0.033660
v -3.406385 8.449905 -0.168092
v -2.857947 8.286537 -0.026580
v -3.206980 8.869576 0.001430
v -2.823368 8.626709 0.112745
v -2.670087 8.829636 0.391249
v -3.057414 9.135727 0.318432
v -2.159905 8.782837 -2.527821
v -2.072208 8.605362 -2.379228
v -1.939581 8.376190 -2.658093
v -2.023576 8.525795 -2.859668
v -1.950148 8.029625 -2.894845
v -2.051267 8.103737 -3.165621
v -2.043476 7.668106 -3.022522
v -2.195617 7.709808 -3.361812
v -2.182929 7.309692 -3.073164
v -2.390102 7.325226 -3.441137
v -2.364112 7.022034 -2.979466
v -2.654814 6.985336 -3.388374
v -2.592866 6.911057 -2.746789
v -2.944582 6.847939 -3.168904
v -2.974446 6.930962 -2.260156
v -3.424842 6.903816 -2.535617
v -3.755440 6.979156 -1.588338
v -3.206401 7.007568 -1.412414
v -3.838349 7.090660 -0.703868
v -3.282973 7.119965 -0.818411
v -3.775968 7.327148 -0.397355
v -3.267023 7.262581 -0.581729
v -3.549807 7.973289 -0.304338
v -3.109561 7.814659 -0.436505
v -2.935522 8.277672 -0.512835
v -3.338640 8.508995 -0.368603
v -3.142034 8.815453 -0.512999
v -2.795116 8.523430 -0.612351
v -2.700218 8.670479 -0.818018
v -2.962009 9.004807 -0.778681
v -2.648587 8.717529 -1.141603
v -2.869437 9.025398 -1.166206
v -2.464572 8.894119 -2.132091
v -2.328938 8.693779 -2.013823
v -2.339350 7.756310 -2.676711
v -2.702240 7.788010 -2.182586
v -2.938010 7.809555 -1.369679
v -2.818266 8.330238 -0.906413
v -3.152400 7.335648 -0.848617
v -2.650934 7.965019 1.932461
v -2.283526 8.329178 2.537776
v -2.475032 7.606270 2.674174
v -2.841696 8.440994 0.406988
v -2.839185 7.940933 1.092852
v -3.096482 7.469940 0.492580
v 2.900726 7.147102 2.084017
v 3.519369 7.206154 2.246984
v 3.066817 7.341034 3.037722
v 2.543458 7.246338 2.750393
v 2.802944 7.518829 3.276824
v 2.370344 7.407753 2.916277
v 2.600462 7.770081 3.358869
v 2.261872 7.648239 2.940875
v 2.186263 7.911583 2.913387
v 2.477084 8.120605 3.324357
v 2.153488 8.194939 2.813369
v 2.389813 8.473480 3.194945
v 2.324150 8.802170 2.925870
v 2.128398 8.538635 2.539192
v 2.378197 9.038910 2.494623
v 2.166776 8.757225 2.251990
v 2.363251 8.873924 1.724658
v 2.602743 9.168816 1.898119
v 2.925921 9.217773 0.776346
v 2.606110 8.891151 0.847670
v 3.107978 9.135727 0.318432
v 2.720192 8.829636 0.391249
v 3.257087 8.869576 0.001430
v 2.873039 8.626709 0.112745
v 2.906761 8.286537 -0.026580
v 3.455385 8.449905 -0.168092
v 3.026545 7.948090 -0.033660
v 3.602775 8.016617 -0.195475
v 3.148912 7.540916 0.062129
v 3.731529 7.604401 -0.086036
v 3.851062 7.246391 0.161312
v 3.242883 7.260086 0.298113
v 3.266858 7.152512 0.549674
v 3.867622 7.129799 0.481730
v 3.793221 7.116203 1.217057
v 3.123656 7.151482 1.152036
v 1.782942 8.462791 -3.217394
v 1.544916 8.246483 -3.089520
v 1.662232 6.723846 -3.475025
v 1.467361 8.455414 -3.021960
v 1.688071 8.641281 -3.127159
v 1.346998 8.683685 -2.931305
v 1.477696 8.866714 -3.010612
v 1.200681 9.007347 -2.958098
v 1.082595 8.804893 -2.883482
v 0.700180 9.084190 -3.043029
v -1.567348 6.156960 -4.028940
v -1.382889 6.278496 -3.715146
v -1.543900 6.457382 -3.591047
v -1.159442 6.147606 -3.828666
v -1.290757 6.032921 -4.141577
v -0.579727 6.139481 -3.992711
v -0.633063 6.011574 -4.354972
v 0.025710 6.169189 -4.036817
v 0.025710 6.027016 -4.421700
v 0.684484 6.011574 -4.354972
v 0.631148 6.139481 -3.992711
v 1.342178 6.032921 -4.141577
v 1.210863 6.147606 -3.828666
v 1.618768 6.156960 -4.028940
v 1.434310 6.278496 -3.715146
v 1.595321 6.457382 -3.591047
v 1.865510 6.379745 -3.892872
v 1.950161 6.745842 -3.789942
v 0.592621 8.851372 -2.953842
v 0.025710 9.111229 -3.096663
v 0.025710 8.853699 -3.000283
v -0.541200 8.851372 -2.953842
v -0.648759 9.084190 -3.043029
v -1.031174 8.804893 -2.883482
v -1.149261 9.007347 -2.958098
v -1.295578 8.683685 -2.931305
v -1.426275 8.866714 -3.010612
v -1.636650 8.641281 -3.127159
v -1.415940 8.455414 -3.021960
v -1.731521 8.462791 -3.217394
v -1.493495 8.246483 -3.089520
v -1.610812 6.723846 -3.475025
v -1.898741 6.745842 -3.789942
v -1.814089 6.379745 -3.892872
v 1.354017 9.095932 3.101871
v 1.459186 9.371353 3.199232
v 1.859225 9.138519 3.269285
v 0.694627 9.229805 3.172596
v 0.778159 9.611580 3.298956
v 0.025710 9.665634 3.309824
v -0.630562 7.481323 4.323342
v -0.683198 7.355125 4.902570
v -1.255516 7.362984 4.710556
v 0.025710 7.504211 4.374884
v 0.025710 7.366295 4.934040
v 0.734619 7.355125 4.902570
v 0.681935 7.481323 4.323342
v 1.306653 7.362984 4.710556
v 1.188764 7.476151 4.158556
v 1.681070 7.449249 4.509186
v 1.475860 7.549416 4.024306
v 1.959603 7.682800 4.282202
v 1.614163 7.708366 3.860737
v 2.049184 7.990273 4.076240
v 1.703705 7.936096 3.710042
v 1.746316 8.629829 3.354878
v 2.054993 8.805107 3.521366
v 1.641973 8.907959 3.186104
v 0.961268 8.421127 3.818036
v 0.025710 8.490463 3.918859
v -0.909848 8.421127 3.818036
v -1.137922 7.476151 4.158556
v -1.425464 7.549416 4.024306
v -1.563931 7.708366 3.860737
v -1.653394 7.936096 3.710042
v -1.695286 8.629829 3.354878
v -1.590671 8.907959 3.186104
v -1.302596 9.095932 3.101871
v -0.643206 9.229805 3.172596
v 0.025710 9.257507 3.185919
v 3.803386 6.979156 -1.588338
v 3.254297 7.007568 -1.412414
v 3.024692 6.930962 -2.260156
v 3.475384 6.903816 -2.535617
v 2.995986 6.847939 -3.168904
v 2.644088 6.911057 -2.746789
v 2.706235 6.985336 -3.388374
v 2.415532 7.022034 -2.979466
v 2.441523 7.325226 -3.441137
v 2.234350 7.309692 -3.073164
v 2.247038 7.709808 -3.361812
v 2.094897 7.668106 -3.022522
v 2.102688 8.103737 -3.165621
v 2.001569 8.029625 -2.894845
v 2.074997 8.525795 -2.859668
v 1.991001 8.376190 -2.658093
v 2.211326 8.782837 -2.527821
v 2.123628 8.605362 -2.379228
v 2.380358 8.693779 -2.013823
v 2.515993 8.894119 -2.132091
v 2.699771 8.717529 -1.141603
v 2.920804 9.025398 -1.166206
v 3.013146 9.004807 -0.778681
v 2.751055 8.670479 -0.818018
v 3.192570 8.815453 -0.512999
v 2.845395 8.523430 -0.612351
v 2.984951 8.277672 -0.512835
v 3.388149 8.508995 -0.368603
v 3.597352 7.973289 -0.304338
v 3.157283 7.814659 -0.436505
v 3.313079 7.262581 -0.581729
v 3.821211 7.327148 -0.397355
v 3.329252 7.119965 -0.818411
v 3.883642 7.090660 -0.703868
v 0.025710 7.664284 -3.572196
v 1.155791 8.267090 -3.252810
v 1.252938 6.872673 -3.659330
v -1.104370 8.267090 -3.252810
v -1.201517 6.872673 -3.659330
v -0.726739 9.611580 3.298956
v -1.407765 9.371353 3.199232
v -1.807845 9.138519 3.269285
v -2.003882 8.805107 3.521366
v -1.998776 7.990273 4.076240
v -1.909314 7.682800 4.282202
v -1.630449 7.449249 4.509186
v 1.461114 9.784424 1.017873
v 2.177236 9.079788 1.331722
v 2.006845 9.128136 1.896242
v 2.281737 9.083321 0.752051
v 2.356506 9.064430 0.126805
v 2.386678 9.051224 -0.530395
v 1.475383 9.604362 -1.100190
v 2.251704 8.990273 -1.150804
v 1.964932 8.964874 -1.628443
v 1.455753 8.979034 -2.101280
v 0.777889 9.037270 -2.426575
v 0.025710 9.804161 -1.119407
v 0.025710 9.091637 -2.501367
v -0.726468 9.037270 -2.426575
v -1.423962 9.604362 -1.100190
v -1.404332 8.979034 -2.101280
v -1.913511 8.964874 -1.628443
v -2.200283 8.990273 -1.150804
v -2.335395 9.051224 -0.530395
v 0.025710 9.987381 1.037187
v -1.409693 9.784424 1.017873
v -2.305493 9.064430 0.126805
v -2.230897 9.083321 0.752051
v -2.126444 9.079788 1.331722
v -1.955835 9.128136 1.896242
v -1.492926 9.244133 2.328757
v -1.026661 9.373566 2.518786
v -0.505373 9.463844 2.674216
v 0.025710 9.532463 2.736480
v 0.556794 9.463844 2.674216
v 1.078082 9.373566 2.518786
v 1.544321 9.244133 2.328757
v 2.987862 7.809555 -1.369679
v 3.199579 7.335648 -0.848617
v 2.868512 8.330238 -0.906413
v 2.390771 7.756310 -2.676711
v 2.753428 7.788010 -2.182586
v 2.697662 7.965019 1.932461
v 2.521421 7.606270 2.674174
v 2.332556 8.329178 2.537776
v 2.890492 8.440994 0.406988
v 2.885549 7.940933 1.092852
v 3.141118 7.469940 0.492580
v 1.206004 2.053749 -3.471272
v 1.140635 2.017517 -3.334964
v 1.167747 2.162544 -3.193029
v 1.291541 2.285049 -3.480556
v 1.342371 2.660789 -3.146878
v 1.488765 2.708054 -3.329146
v 1.622934 3.057274 -3.182481
v 1.660380 2.986328 -3.316438
v 1.734812 3.143356 -3.400475
v 1.834234 3.356888 -3.305844
v 1.889575 3.254143 -3.550077
v 1.930493 3.480247 -3.345626
v 2.030955 3.505379 -3.492572
v 1.990539 3.379692 -3.594357
v 2.472028 3.112305 -3.368405
v 2.512422 3.234207 -3.275076
v 2.407062 3.208153 -3.129181
v 2.348465 2.968185 -3.308431
v 2.192622 2.875603 -3.160468
v 2.282380 3.069351 -3.005625
v 2.072834 2.841240 -2.859895
v 2.110787 2.780975 -3.032896
v 2.020929 2.561768 -3.108842
v 1.895707 2.496880 -2.884859
v 1.846228 2.128288 -3.240927
v 1.728989 2.038147 -2.888825
v 1.702417 1.893612 -3.073096
v 1.770138 1.929321 -3.214097
v 3.545901 6.519485 2.540906
v 3.652481 6.376251 2.601590
v 3.604580 6.185539 2.607118
v 3.039565 5.319130 2.477192
v 3.319354 5.228828 2.546267
v 3.140301 5.171646 2.509794
v 3.105665 5.480957 2.479208
v 3.377839 5.384399 2.548155
v 3.265025 5.644005 2.515798
v 3.534810 5.762100 2.593304
v 3.373881 5.852325 2.543058
v 3.379817 6.040154 2.558061
v 3.345179 6.251747 2.492979
v 3.387786 6.451408 2.483606
v 2.950766 5.178368 -3.226445
v 3.224133 4.990479 -2.946452
v 3.104236 5.139702 -3.061977
v 3.239513 4.810349 -2.948792
v 2.850214 5.078331 -3.348375
v 3.179187 4.656914 -2.999699
v 2.793091 4.929245 -3.408939
v 3.144618 4.303604 -3.108591
v 3.287065 4.623802 -3.010785
v 3.164788 4.628006 -2.883433
v 3.022203 4.307739 -2.981198
v 2.542714 4.646751 -3.490972
v 2.665975 4.642540 -3.618322
v 2.683588 4.966965 -3.393202
v 2.806602 4.962875 -3.520558
v 2.542184 4.608490 -3.363015
v 2.502574 4.404572 -3.437318
v 2.882346 4.158104 -3.058453
v 2.941734 4.365601 -2.974916
v 2.651866 4.783218 -3.360405
v 3.037760 4.513115 -2.975460
v 3.169297 4.557014 -3.092506
v 2.783489 4.827148 -3.477608
v 2.791786 4.688675 -3.591756
v 3.176445 4.418503 -3.206576
v 2.681919 4.523132 -3.587300
v 3.081960 4.279427 -3.203344
v 2.918680 3.944336 -3.246828
v 2.441908 4.169479 -3.566587
v 2.826581 3.625900 -3.358728
v 2.318499 3.874191 -3.566112
v 2.233386 3.731995 -3.546549
v 2.726562 3.457809 -3.334331
v 2.137589 3.667709 -3.396777
v 2.631198 3.393608 -3.184484
v 2.649886 3.515747 -3.061761
v 2.155909 3.789803 -3.273976
v 2.246740 3.939346 -3.299462
v 2.756600 3.691345 -3.096023
v 3.118662 6.498337 3.043266
v 3.079364 6.329262 3.049136
v 3.141066 6.105423 3.107202
v 3.162239 5.243813 3.145814
v 2.884324 5.334061 3.076509
v 2.984163 5.186783 3.109376
v 2.966479 5.522850 3.079293
v 3.232560 5.428177 3.146565
v 3.107913 5.682571 3.111193
v 3.315002 5.801437 3.171740
v 3.161455 5.881279 3.123916
v 3.340651 6.262611 3.164098
v 3.381567 6.423309 3.161440
v 3.276216 6.566628 3.100870
v 3.107265 6.315407 3.147377
v 3.075528 6.677666 3.102034
v 3.439537 6.613655 2.396988
v 3.473403 6.251404 2.442294
v 3.636430 6.272026 2.517821
v 3.269353 6.336029 3.222905
v 3.487291 6.628204 2.505640
v 3.564156 6.641624 2.541558
v 3.602122 6.634270 2.472517
v 3.194715 6.679565 3.071538
v 3.237255 6.698273 3.177562
v 3.271726 6.692963 3.106570
v -1.838154 3.254143 -3.550077
v -1.939119 3.379692 -3.594357
v -1.979534 3.505379 -3.492572
v -1.879072 3.480247 -3.345626
v -1.782813 3.356888 -3.305844
v -1.683392 3.143356 -3.400475
v -1.571513 3.057274 -3.182481
v -1.608960 2.986328 -3.316438
v -1.437344 2.708054 -3.329146
v -1.290950 2.660789 -3.146878
v -1.240120 2.285049 -3.480556
v -1.116326 2.162544 -3.193029
v -1.154583 2.053749 -3.471272
v -1.089215 2.017517 -3.334964
v -1.794807 2.128288 -3.240927
v -1.718717 1.929321 -3.214097
v -1.650996 1.893612 -3.073096
v -1.677568 2.038147 -2.888825
v -1.844286 2.496880 -2.884859
v -1.969508 2.561768 -3.108842
v -2.021458 2.841240 -2.859895
v -2.059366 2.780975 -3.032896
v -2.141201 2.875603 -3.160468
v -2.231026 3.069351 -3.005625
v -2.355695 3.208153 -3.129181
v -2.297044 2.968185 -3.308431
v -2.420607 3.112305 -3.368405
v -2.461015 3.234207 -3.275076
v -2.633568 3.033249 3.181666
v -2.350707 3.103157 3.140147
v -2.442481 3.420067 3.139127
v -2.732854 3.357178 3.169758
v -2.543648 3.072151 2.431721
v -2.834674 3.005829 2.478345
v -2.876816 3.326836 2.453673
v -2.582592 3.394073 2.427586
v -2.577068 3.070847 2.482995
v -2.727843 2.819794 2.513718
v -2.781082 3.015160 2.509019
v -2.400961 3.091431 3.105529
v 2.840241 2.343376 1.060374
v 2.941015 2.367661 0.405335
v 2.832559 2.378380 0.398159
v 3.053586 2.363388 0.401716
v 3.063320 2.325218 1.020270
v 3.018202 2.298271 1.610955
v 2.831761 2.325798 1.907818
v 3.109437 2.274902 1.817808
v 2.926155 2.304741 1.987246
v 3.081052 2.265045 1.975464
v 2.853190 4.930351 -3.468268
v 2.916529 5.088676 -3.406815
v 3.016459 5.188232 -3.285796
v 3.168915 5.149544 -3.122024
v 3.288208 5.001152 -3.006987
v 3.303273 4.822304 -3.009245
v 3.238158 4.659042 -3.059832
v -2.906431 4.881508 3.090076
v -3.147679 4.889641 3.144705
v -3.240212 4.636589 3.163718
v -3.041095 4.421928 3.128846
v -2.739259 4.345451 3.099217
v -2.941029 4.254272 3.116232
v -2.801883 3.772545 3.117638
v -2.592238 3.790138 3.098844
v -2.695748 3.364471 3.121668
v -2.490726 3.406128 3.102450
v 2.945646 1.716515 0.400929
v 2.832178 1.727207 0.393214
v 2.807543 3.078377 2.937536
v 2.856887 3.069550 2.948516
v 2.958409 3.117928 2.315856
v 2.915085 3.124329 2.315710
v 3.069528 3.438499 2.358635
v 2.937119 3.391953 2.983835
v 2.835908 3.413300 2.973808
v 2.959944 3.450928 2.351911
v 3.116345 4.799194 2.486410
v 3.279938 4.861046 2.518620
v 3.388737 4.732315 2.528381
v 3.374837 4.545181 2.511932
v 2.993068 4.643684 2.467776
v 3.161791 4.414520 2.485638
v 2.887173 4.370880 2.457225
v 3.092997 4.298012 2.467232
v 2.852577 3.466637 2.345749
v 2.820696 3.137527 2.305222
v 2.609504 2.445419 2.232934
v 2.893080 2.697289 2.279968
v 2.926995 2.513336 2.300078
v 2.623472 2.306023 2.259439
v 2.901919 2.320572 2.333289
v 2.961345 2.400383 2.326440
v 2.436462 2.136238 3.092167
v 2.410703 2.115318 3.202031
v 2.487542 1.429512 2.793324
v 2.362648 1.457539 2.753209
v 3.372286 6.959465 2.533992
v 3.175847 6.997040 2.929102
v 3.258613 7.039261 2.719238
v 3.172941 6.850479 3.044782
v 3.454140 6.797020 2.481064
v -3.076931 6.498337 3.043266
v -3.234425 6.566628 3.100870
v -3.340286 6.423309 3.161440
v -3.299799 6.262611 3.164098
v -3.100417 6.105423 3.107202
v -3.275333 5.801437 3.171740
v -3.121395 5.881279 3.123916
v -3.068209 5.682571 3.111193
v -3.193524 5.428177 3.146565
v -2.926792 5.522850 3.079293
v -3.123286 5.243813 3.145814
v -2.844690 5.334061 3.076509
v -2.944900 5.186783 3.109376
v -3.038072 6.329262 3.049136
v 3.532110 6.821426 2.516744
v 3.450762 6.982979 2.569310
v 3.337473 7.062164 2.753650
v 3.255088 7.020302 2.962538
v 3.252249 6.874718 3.077418
v -2.987227 4.513115 -2.975460
v -3.118591 4.557014 -3.092506
v -3.125518 4.418503 -3.206576
v -3.030982 4.279427 -3.203344
v -2.891124 4.365601 -2.974916
v -2.867518 3.944336 -3.246828
v -2.831498 4.158104 -3.058453
v -2.705507 3.691345 -3.096023
v -2.775230 3.625900 -3.358728
v -2.675185 3.457809 -3.334331
v -2.598737 3.515747 -3.061761
v -2.579886 3.393608 -3.184484
v -3.093838 4.303604 -3.108591
v -2.971618 4.307739 -2.981198
v -3.114562 4.628006 -2.883433
v -3.236599 4.623802 -3.010785
v -2.491311 4.646751 -3.490972
v -2.614554 4.642540 -3.618322
v -2.632261 4.966965 -3.393202
v -2.755219 4.962875 -3.520558
v -2.630502 4.523132 -3.587300
v -2.390487 4.169479 -3.566587
v -2.740376 4.688675 -3.591756
v -2.732129 4.827148 -3.477608
v -2.600561 4.783218 -3.360405
v -2.490847 4.608490 -3.363015
v -2.451183 4.404572 -3.437318
v -2.195343 3.939346 -3.299462
v -2.104500 3.789803 -3.273976
v -2.086168 3.667709 -3.396777
v -2.181965 3.731995 -3.546549
v -2.267078 3.874191 -3.566112
v -3.566018 6.185539 2.607118
v -3.613331 6.376251 2.601590
v -3.506161 6.519485 2.540906
v -3.348122 6.451408 2.483606
v -3.306124 6.251747 2.492979
v -3.341392 6.040154 2.558061
v -3.336025 5.852325 2.543058
v -3.497430 5.762100 2.593304
v -3.227485 5.644005 2.515798
v -3.341036 5.384399 2.548155
v -3.068096 5.480957 2.479208
v -3.282644 5.228828 2.546267
v -3.002070 5.319130 2.477192
v -3.103240 5.171646 2.509794
v -3.209365 6.874718 3.077418
v -3.229465 6.692963 3.106570
v -3.152445 6.679565 3.071538
v -3.130077 6.850479 3.044782
v -3.211934 7.020302 2.962538
v -3.132710 6.997040 2.929102
v -3.215911 7.039261 2.719238
v -3.294750 7.062164 2.753650
v -3.408916 6.982979 2.569310
v -3.330469 6.959465 2.533992
v -3.491174 6.821426 2.516744
v -3.413239 6.797020 2.481064
v -3.523963 6.641624 2.541558
v -3.447092 6.628204 2.505640
v -3.065798 6.315407 3.147377
v -3.434721 6.251404 2.442294
v -3.399503 6.613655 2.396988
v -3.032931 6.677666 3.102034
v -3.227947 6.336029 3.222905
v -3.597818 6.272026 2.517821
v -3.194713 6.698273 3.177562
v -3.562154 6.634270 2.472517
v -2.621808 3.389610 2.474900
v -2.828725 3.333252 2.492726
v -2.601266 3.041649 3.130536
v -2.521031 2.770584 3.136101
v 2.611764 2.407982 2.895566
v 2.709952 2.385941 2.943656
v 2.768593 2.467644 2.934937
v 2.793440 2.623985 2.907058
v 2.551334 2.601074 2.858024
v 2.773431 2.742172 2.896981
v 2.714706 3.092415 2.920079
v 2.736820 3.436760 2.968155
v 2.796435 4.311394 3.076586
v 2.979559 4.209839 3.081940
v 3.083009 4.387596 3.114285
v 3.258487 4.527748 3.137876
v 2.860287 4.618355 3.083838
v 2.948468 4.813347 3.102495
v 3.273667 4.718353 3.154613
v 3.138474 4.859596 3.140902
v 2.954046 1.681644 0.962945
v 2.885606 1.657299 1.919769
v 2.739609 1.692978 1.907476
v 2.660245 1.698807 1.827135
v 2.995208 1.654373 1.755150
v 2.921009 1.651398 1.507195
v 2.675417 1.709206 1.022223
v 2.723740 1.741070 0.374758
v -3.358670 4.617134 2.537524
v -3.292046 4.856094 2.523353
v -3.076832 4.832779 2.475837
v -3.164894 4.420074 2.504113
v -2.828100 4.364517 2.470679
v -3.031401 4.273804 2.487914
v -2.910315 3.775024 2.487841
v -2.699265 3.792946 2.471314
v 2.425556 1.903038 -2.374003
v 2.238173 1.920750 -2.606078
v 2.305927 1.906303 -2.725688
v 2.497180 1.892136 -2.416360
v 2.799133 1.847668 -1.633381
v 2.724487 1.853767 -1.595709
v 2.890624 1.793907 -0.824520
v 2.812079 1.795139 -0.792494
v -0.987055 2.096809 -3.404379
v -0.964649 2.096298 -3.250461
v -0.358902 2.111183 -3.456105
v -0.358362 2.118858 -3.311184
v 0.026828 2.130623 -3.458747
v 0.026828 2.137802 -3.313887
v 0.412019 2.138206 -3.311817
v 0.412791 2.130608 -3.456665
v 0.788572 2.114113 -3.267142
v 0.811172 2.106880 -3.439160
v 1.241098 2.066391 -3.177338
v 1.281322 2.048782 -3.336983
v 1.589999 2.025040 -3.089688
v 1.647924 1.997597 -3.218801
v 2.023705 1.951553 -2.831931
v 2.087646 1.935291 -2.955967
v -2.471079 2.195412 2.552355
v -2.390323 2.212845 2.530510
v -2.157151 1.471760 2.622313
v -2.079715 1.512772 2.588377
v -1.791727 0.928802 2.666144
v -1.730291 0.992737 2.638224
v -1.262152 0.539677 2.714354
v -1.220913 0.618542 2.692792
v -0.632060 0.310753 2.761640
v -0.613588 0.399052 2.747601
v 0.013174 0.230747 2.826533
v 0.012535 0.321796 2.816002
v 0.635796 0.414841 2.876561
v 0.654728 0.326599 2.890545
v 1.227597 0.674316 2.928816
v 1.268858 0.596180 2.950331
v 1.546613 0.898926 2.936522
v 1.608850 0.835747 2.964042
v 1.809626 1.122009 2.931656
v 1.896543 1.102142 2.960970
v 2.200660 1.458961 2.917559
v 2.235940 1.420818 2.990997
v 2.306358 1.502594 2.920779
v 2.336118 1.521553 2.974941
v -1.889062 1.357773 3.251287
v -1.631906 1.021488 3.267543
v -1.570253 1.084023 3.239707
v -1.811914 1.398891 3.214606
v -2.164843 2.083488 3.195612
v -2.082888 2.102928 3.156509
v 2.070063 1.828793 3.335475
v 2.103737 1.789810 3.409940
v 1.698418 1.349525 3.479139
v 1.783514 1.328800 3.509173
v 1.418694 0.998203 3.526402
v 1.479846 0.936172 3.553589
v 1.113109 0.753090 3.530691
v 1.157583 0.676914 3.553092
v 0.572110 0.488449 3.484360
v 0.593894 0.400948 3.498905
v 0.009132 0.387951 3.428814
v 0.009837 0.296654 3.439779
v -0.572323 0.383514 3.369981
v -0.550765 0.470982 3.355392
v -1.150446 0.620171 3.317142
v -1.105474 0.696648 3.294759
v 1.323165 9.617622 2.782409
v 0.678197 9.710846 2.947748
v 1.832808 9.493484 2.524517
v 2.292543 9.391869 2.050305
v 2.567767 9.362747 1.439129
v 2.704685 9.336746 0.785036
v 2.783826 9.290413 0.085654
v 2.760373 9.228951 -0.594193
v 2.590270 9.191040 -1.311718
v 2.228333 9.182320 -1.907163
v 1.648580 9.205353 -2.404330
v 0.872760 9.266006 -2.724410
v 0.025710 9.325638 -2.816215
v -0.821339 9.266006 -2.724410
v -1.597159 9.205353 -2.404330
v -2.176913 9.182320 -1.907163
v -2.538848 9.191040 -1.311718
v -2.709043 9.228951 -0.594193
v -2.732713 9.290413 0.085654
v -2.653719 9.336746 0.785036
v -2.516789 9.362747 1.439129
v -2.241351 9.391869 2.050305
v -1.781388 9.493484 2.524517
v -1.271744 9.617622 2.782409
v -0.626776 9.710846 2.947748
v 0.025710 9.799095 3.058096
v -3.128690 4.656914 -2.999699
v -2.741780 4.929245 -3.408939
v -2.798966 5.078331 -3.348375
v -3.189168 4.810349 -2.948792
v -2.899694 5.178368 -3.226445
v -3.173766 4.990479 -2.946452
v -3.053525 5.139702 -3.061977
v 2.948379 2.432304 -0.714806
v 2.865650 2.489510 -1.592096
v 2.570797 2.532211 -2.409553
v 2.398657 2.544495 -2.702429
v 2.225801 2.565819 -2.893017
v 1.825749 2.617210 -3.145084
v 1.397673 2.679649 -3.289244
v 0.877697 2.754890 -3.428569
v 0.411788 2.776093 -3.520345
v 0.026945 2.776459 -3.518349
v -0.369623 2.757164 -3.500703
v -1.025620 2.740059 -3.363363
v -3.187560 4.659042 -3.059832
v -3.252818 4.822304 -3.009245
v -3.237732 5.001152 -3.006987
v -3.118116 5.149544 -3.122024
v -2.965329 5.188232 -3.285796
v -2.865243 5.088676 -3.406815
v -2.801848 4.930351 -3.468268
v -1.006569 2.739929 -3.191132
v -0.369469 2.765549 -3.337049
v 0.026945 2.784599 -3.354652
v 0.411518 2.784546 -3.356658
v 0.858452 2.761688 -3.256458
v 1.360535 2.696503 -3.128652
v 1.770716 2.644119 -2.995968
v 2.164462 2.581917 -2.749186
v 2.333435 2.558998 -2.563066
v 2.501156 2.542633 -2.365252
v 2.792614 2.495201 -1.552367
v 2.871316 2.433327 -0.680652
vn 0.1522 -0.9801 -0.1274
vn 0.1513 -0.9803 -0.1270
vn 0.1599 -0.9784 -0.1312
vn 0.1610 -0.9781 -0.1318
vn -0.0310 -0.9729 -0.2290
vn -0.0251 -0.9741 -0.2248
vn -0.1073 -0.9787 -0.1749
vn -0.1150 -0.9784 -0.1718
vn -0.5011 -0.7214 0.4781
vn -0.1724 -0.9846 -0.0274
vn 0.1476 -0.9586 -0.2435
vn 0.2674 -0.9360 -0.2288
vn 0.2655 -0.9375 -0.2248
vn 0.1395 -0.9605 -0.2406
vn 0.0754 -0.9810 -0.1786
vn 0.0678 -0.9829 -0.1712
vn 0.0025 -0.9967 -0.0810
vn -0.0080 -0.9974 -0.0722
vn -0.0510 -0.9958 0.0767
vn -0.0574 -0.9947 0.0849
vn 0.0103 -0.9883 0.1521
vn 0.0094 -0.9873 0.1588
vn 0.0747 -0.9953 0.0616
vn 0.0717 -0.9962 0.0500
vn 0.0202 -0.9955 -0.0931
vn 0.0143 -0.9949 -0.1001
vn -0.0049 -0.9872 -0.1597
vn -0.0025 -0.9850 -0.1726
vn 0.1490 -0.9884 0.0291
vn 0.1460 -0.9890 0.0247
vn 0.1828 -0.9825 0.0365
vn 0.1777 -0.9833 0.0382
vn 0.1491 -0.9884 0.0291
vn 0.1599 -0.9871 -0.0085
vn 0.1581 -0.9874 -0.0093
vn 0.1069 -0.9932 -0.0453
vn 0.1020 -0.9938 -0.0452
vn 0.0416 -0.9975 -0.0577
vn 0.0430 -0.9974 -0.0576
vn 0.1655 -0.9838 -0.0686
vn 0.1711 -0.9830 -0.0670
vn 0.2173 -0.9704 -0.1054
vn 0.2215 -0.9694 -0.1057
vn 0.2716 -0.9523 -0.1388
vn 0.2746 -0.9515 -0.1390
vn 0.2785 -0.9450 -0.1713
vn 0.2801 -0.9448 -0.1702
vn 0.6168 -0.1524 0.7722
vn 0.6631 -0.1590 0.7314
vn 0.7748 -0.2368 0.5862
vn 0.6389 -0.1937 0.7445
vn 0.9356 -0.2421 0.2570
vn 0.9573 -0.2631 -0.1201
vn 0.7286 -0.0721 -0.6811
vn 0.6152 0.0286 -0.7878
vn -0.8999 -0.3501 0.2600
vn -0.8920 -0.3599 0.2736
vn -0.7868 -0.2181 0.5774
vn -0.8237 -0.2359 0.5155
vn -0.7040 -0.1519 0.6937
vn -0.7222 -0.1259 0.6802
vn -0.6223 -0.0710 0.7795
vn -0.6320 -0.0059 0.7750
vn -0.4002 0.0984 0.9111
vn -0.4111 0.1345 0.9016
vn -0.0160 0.1539 0.9880
vn -0.0234 0.1538 0.9878
vn 0.3712 0.1380 0.9182
vn 0.3835 0.1157 0.9163
vn 0.5714 0.0299 0.8201
vn 0.5724 0.0146 0.8198
vn 0.6137 -0.0695 0.7865
vn 0.6555 -0.1084 0.7474
vn -0.5046 -0.0266 -0.8629
vn -0.4592 0.0291 -0.8879
vn -0.7088 -0.1059 -0.6974
vn -0.7111 -0.1453 -0.6879
vn -0.8854 -0.1256 -0.4476
vn -0.8840 -0.0996 -0.4568
vn -0.9627 -0.1207 -0.2422
vn -0.9662 -0.1113 -0.2324
vn -0.9898 -0.1083 -0.0920
vn -0.9937 -0.0797 -0.0789
vn -0.9829 -0.1712 0.0672
vn -0.9758 -0.2020 0.0838
vn -0.9543 -0.2660 0.1366
vn -0.9510 -0.2603 0.1666
vn -0.9338 -0.3280 0.1427
vn -0.9291 -0.3539 0.1075
vn -0.9161 -0.3691 0.1568
vn -0.9153 -0.3748 0.1473
vn 0.9037 -0.2697 0.3326
vn 0.9045 -0.2680 0.3319
vn 0.8206 -0.5031 0.2710
vn 0.6674 -0.7093 0.2269
vn 0.6782 -0.7029 0.2145
vn 0.8650 -0.4046 0.2968
vn 0.8935 -0.2686 0.3598
vn 0.9033 -0.2669 0.3360
vn 0.8896 -0.2644 0.3725
vn 0.1932 0.9665 0.1690
vn 0.1910 0.9693 0.1550
vn 0.2452 0.9692 0.0217
vn 0.2453 0.9689 0.0323
vn 0.2446 0.9691 0.0327
vn 0.2467 0.9687 0.0265
vn 0.1951 0.9655 0.1724
vn 0.1950 0.9655 0.1725
vn -0.1671 0.9855 -0.0278
vn -0.1542 0.9879 0.0137
vn -0.1591 0.9872 0.0117
vn -0.1926 0.9807 -0.0332
vn -0.1174 0.9923 0.0394
vn -0.1148 0.9924 0.0445
vn -0.1341 0.9649 0.2259
vn -0.0431 0.9843 0.1714
vn -0.0497 0.9823 0.1804
vn -0.1382 0.9622 0.2348
vn -0.2506 0.9409 0.2277
vn -0.2553 0.9394 0.2286
vn -0.2770 0.9457 0.1700
vn -0.2774 0.9460 0.1679
vn -0.2786 0.9520 0.1272
vn -0.2759 0.9528 0.1265
vn -0.2250 0.9695 0.0969
vn -0.2207 0.9706 0.0963
vn -0.1685 0.9835 0.0657
vn -0.1631 0.9845 0.0646
vn -0.0441 0.9975 0.0546
vn -0.0365 0.9980 0.0516
vn -0.0985 0.9942 0.0427
vn -0.1015 0.9940 0.0404
vn 0.1163 0.9870 0.1113
vn 0.1578 0.9861 -0.0513
vn 0.0038 0.9918 -0.1275
vn 0.1040 0.9841 0.1437
vn 0.0092 0.9739 0.2267
vn -0.0026 0.9733 0.2296
vn -0.0423 0.9826 0.1807
vn -0.0365 0.9847 0.1707
vn -0.0534 0.9948 0.0864
vn -0.0576 0.9952 0.0788
vn -0.0731 0.9943 -0.0772
vn -0.0761 0.9935 -0.0849
vn -0.0002 0.9883 -0.1525
vn -0.0010 0.9876 -0.1571
vn 0.0496 0.9941 -0.0963
vn 0.0474 0.9949 -0.0889
vn 0.0258 0.9987 0.0445
vn 0.0195 0.9983 0.0552
vn 0.7348 0.1618 -0.6587
vn 0.7943 0.2155 -0.5680
vn 0.8316 0.2606 -0.4904
vn 0.7116 0.1326 -0.6900
vn 0.6190 0.0182 -0.7852
vn 0.6068 0.0395 -0.7939
vn 0.4034 -0.0987 -0.9097
vn 0.4098 -0.1355 -0.9020
vn 0.0169 -0.1562 -0.9876
vn 0.0249 -0.1555 -0.9875
vn -0.3679 -0.1388 -0.9195
vn -0.3863 -0.1160 -0.9151
vn -0.5801 -0.0407 -0.8136
vn -0.5933 0.0149 -0.8049
vn -0.6505 0.0717 -0.7561
vn -0.6184 0.1100 -0.7781
vn -0.6382 0.1435 -0.7564
vn -0.5929 0.1490 -0.7914
vn -0.7050 0.2301 -0.6709
vn -0.7993 0.2096 -0.5632
vn -0.9503 0.1256 0.2847
vn -0.9695 0.1695 -0.1771
vn 0.8634 0.1115 0.4921
vn 0.6844 0.1200 0.7192
vn 0.7155 0.1007 0.6913
vn 0.7156 0.1007 0.6913
vn 0.8638 0.1034 0.4930
vn 0.8634 0.1115 0.4920
vn 0.9629 0.1229 0.2404
vn 0.9665 0.1133 0.2304
vn 0.9903 0.1116 0.0831
vn 0.9942 0.0836 0.0683
vn 0.9782 0.1871 -0.0902
vn 0.9760 0.1895 -0.1070
vn 0.9569 0.2467 -0.1534
vn 0.9528 0.2790 -0.1198
vn 0.9342 0.3272 -0.1421
vn 0.9294 0.3532 -0.1070
vn 0.9165 0.3687 -0.1549
vn 0.9158 0.3746 -0.1451
vn 0.8935 0.3383 -0.2954
vn 0.8943 0.3598 -0.2661
vn 0.6072 0.7797 0.1531
vn 0.5298 0.8481 -0.0040
vn 0.4447 0.8941 -0.0538
vn 0.0097 0.8178 0.5755
vn -0.1195 0.6595 0.7422
vn -0.1026 0.6639 0.7408
vn 0.0220 0.8242 0.5659
vn 0.2215 0.9663 0.1314
vn 0.2624 0.9636 0.0510
vn 0.2970 0.9544 -0.0310
vn 0.4604 0.8832 0.0897
vn 0.4152 0.8779 0.2386
vn 0.5631 0.7740 0.2894
vn 0.3153 0.9422 -0.1134
vn 0.2494 0.9574 0.1452
vn 0.3521 0.0787 -0.9327
vn 0.3518 0.0793 -0.9327
vn 0.3482 0.0187 -0.9372
vn 0.3527 0.0882 -0.9316
vn 0.3523 0.0879 -0.9318
vn 0.3723 0.1429 -0.9170
vn 0.3300 0.0192 -0.9438
vn 0.3374 0.0044 -0.9413
vn 0.3320 0.0152 -0.9431
vn 0.3271 0.0251 -0.9447
vn -0.3469 -0.0919 0.9334
vn -0.3368 -0.0887 0.9374
vn -0.3294 -0.0908 0.9398
vn -0.3484 -0.0917 0.9329
vn -0.3481 -0.0905 0.9331
vn -0.3472 -0.0898 0.9335
vn 0.9043 -0.2675 0.3326
vn 0.9052 -0.2664 0.3311
vn 0.9049 -0.2668 0.3317
vn 0.9038 -0.2681 0.3335
vn 0.9129 -0.2656 0.3099
vn 0.9069 -0.2672 0.3259
vn 0.9052 -0.2673 0.3305
vn 0.9119 -0.2655 0.3129
vn 0.9199 -0.2633 0.2907
vn 0.9197 -0.2629 0.2915
vn -0.9059 0.2658 -0.3298
vn -0.9061 0.2655 -0.3293
vn -0.9055 0.2663 -0.3304
vn -0.9054 0.2664 -0.3305
vn -0.9048 0.2671 -0.3316
vn -0.9058 0.2659 -0.3299
vn 0.9035 -0.2677 0.3346
vn 0.9049 -0.2671 0.3314
vn 0.9048 -0.2672 0.3316
vn 0.9034 -0.2677 0.3348
vn -0.1987 -0.9656 -0.1678
vn -0.1987 -0.9656 -0.1677
vn -0.1988 -0.9656 -0.1679
vn 0.1964 0.9684 0.1536
vn 0.1938 0.9709 0.1404
vn 0.1956 0.9692 0.1495
vn 0.1956 0.9692 0.1496
vn 0.1989 0.9659 0.1660
vn 0.2132 0.9638 0.1601
vn 0.2070 0.9673 0.1462
vn 0.2119 0.9646 0.1571
vn 0.2196 0.9599 0.1744
vn -0.3451 -0.0848 0.9347
vn -0.3479 -0.0844 0.9337
vn -0.3476 -0.0845 0.9338
vn -0.3449 -0.0849 0.9348
vn 0.1970 0.9654 0.1709
vn 0.1969 0.9654 0.1708
vn 0.1972 0.9653 0.1711
vn 0.1973 0.9653 0.1711
vn -0.1962 -0.9658 -0.1695
vn -0.1721 -0.9716 -0.1627
vn -0.1926 -0.9680 -0.1607
vn -0.2036 -0.9654 -0.1632
vn -0.3021 -0.9401 0.1580
vn -0.3021 -0.9351 0.1851
vn -0.3110 -0.9207 0.2356
vn -0.3420 -0.8914 0.2976
vn -0.3531 -0.9332 0.0675
vn -0.3499 -0.9342 0.0703
vn -0.2379 -0.9633 0.1246
vn 0.9040 -0.2629 0.3371
vn 0.9041 -0.2637 0.3361
vn 0.9039 -0.2656 0.3354
vn 0.9038 -0.2710 0.3312
vn 0.9036 -0.2720 0.3308
vn 0.9010 -0.2728 0.3373
vn 0.9004 -0.2731 0.3388
vn 0.8984 -0.2819 0.3369
vn 0.8978 -0.2837 0.3370
vn 0.8974 -0.2842 0.3374
vn 0.3474 0.0843 -0.9339
vn 0.3475 0.0844 -0.9339
vn 0.3467 0.0843 -0.9342
vn 0.3465 0.0843 -0.9342
vn 0.2759 0.9592 -0.0618
vn 0.2767 0.9590 -0.0618
vn 0.2766 0.9590 -0.0618
vn 0.2757 0.9593 -0.0618
vn 0.3477 0.0846 -0.9338
vn 0.3480 0.0846 -0.9337
vn 0.3457 0.0848 -0.9345
vn 0.3454 0.0849 -0.9346
vn -0.5109 -0.0325 0.8590
vn -0.6633 0.0233 0.7480
vn -0.6613 0.0222 0.7498
vn -0.5130 -0.0322 0.8578
vn -0.5108 -0.0325 0.8591
vn -0.2064 -0.1238 0.9706
vn -0.2101 -0.1231 0.9699
vn -0.0652 -0.1595 0.9850
vn -0.0637 -0.1596 0.9851
vn 0.3444 0.0852 -0.9349
vn 0.3443 0.0852 -0.9350
vn 0.3462 0.0849 -0.9343
vn 0.3463 0.0848 -0.9343
vn 0.3448 0.0842 -0.9349
vn 0.3445 0.0842 -0.9350
vn 0.3473 0.0839 -0.9340
vn 0.3477 0.0839 -0.9339
vn 0.2052 0.9630 0.1745
vn 0.2056 0.9628 0.1752
vn 0.2051 0.9631 0.1743
vn 0.2047 0.9633 0.1735
vn -0.2063 -0.9606 -0.1861
vn -0.2041 -0.9635 -0.1734
vn -0.2071 -0.9596 -0.1902
vn -0.2089 -0.9574 -0.1995
vn -0.2063 -0.9606 -0.1860
vn -0.1929 -0.9641 -0.1826
vn -0.1832 -0.9646 -0.1898
vn -0.1903 -0.9643 -0.1844
vn -0.2030 -0.9633 -0.1756
vn -0.8972 0.2897 -0.3335
vn -0.8987 0.2857 -0.3326
vn -0.8976 0.2877 -0.3340
vn -0.8898 0.2869 -0.3549
vn -0.8971 0.2897 -0.3335
vn -0.8902 0.2910 -0.3506
vn -0.9009 0.2609 -0.3468
vn -0.8998 0.2615 -0.3494
vn -0.9063 0.2580 -0.3348
vn -0.9059 0.2604 -0.3338
vn -0.9062 0.2623 -0.3315
vn 0.9083 -0.2651 0.3236
vn 0.9096 -0.2641 0.3206
vn 0.9089 -0.2625 0.3240
vn 0.9056 -0.2682 0.3287
vn 0.8843 -0.2725 0.3791
vn 0.9022 -0.2777 0.3302
vn 0.9112 -0.2500 0.3275
vn 0.8915 -0.2650 0.3674
vn 0.8505 -0.2757 0.4479
vn 0.8514 -0.2754 0.4464
vn -0.2087 -0.9630 -0.1707
vn -0.2093 -0.9628 -0.1707
vn -0.2075 -0.9632 -0.1708
vn -0.2069 -0.9633 -0.1708
vn -0.3450 -0.0842 0.9348
vn -0.3474 -0.0841 0.9339
vn -0.3470 -0.0841 0.9341
vn -0.3446 -0.0842 0.9350
vn 0.1882 0.9687 0.1618
vn 0.1991 0.9663 0.1631
vn 0.1980 0.9708 0.1357
vn 0.1903 0.9651 0.1799
vn 0.2006 0.9627 0.1817
vn 0.2208 0.9586 0.1796
vn -0.9045 0.2646 -0.3346
vn -0.9044 0.2691 -0.3312
vn -0.9054 0.2686 -0.3289
vn -0.9079 0.2699 -0.3208
vn -0.9070 0.2714 -0.3221
vn -0.9074 0.2632 -0.3277
vn -0.9078 0.2639 -0.3259
vn -0.9060 0.2647 -0.3302
vn -0.9053 0.2687 -0.3289
vn -0.9059 0.2668 -0.3290
vn -0.9027 0.2674 -0.3370
vn -0.9068 0.2649 -0.3280
vn -0.9050 0.2651 -0.3327
vn -0.9033 0.2677 -0.3353
vn -0.9010 0.2708 -0.3389
vn -0.8978 0.2733 -0.3454
vn -0.8998 0.2727 -0.3406
vn -0.9010 0.2707 -0.3389
vn -0.8967 0.2738 -0.3477
vn -0.3457 -0.0842 0.9346
vn -0.3760 -0.0765 0.9235
vn -0.4095 -0.0619 0.9102
vn -0.3480 -0.0799 0.9341
vn -0.3320 -0.0880 0.9392
vn -0.3399 -0.0859 0.9365
vn 0.7248 -0.5571 0.4053
vn 0.7901 -0.5248 0.3167
vn 0.7027 -0.5678 0.4288
vn 0.7491 -0.5360 0.3892
vn 0.7492 -0.5324 0.3939
vn 0.7590 -0.5192 0.3929
vn 0.7598 -0.5290 0.3779
vn 0.7532 -0.5135 0.4111
vn 0.7462 -0.5153 0.4215
vn 0.7430 -0.5284 0.4108
vn 0.7400 -0.5321 0.4114
vn 0.7517 -0.5293 0.3934
vn 0.7473 -0.5421 0.3843
vn 0.7333 -0.5294 0.4267
vn 0.7270 -0.5238 0.4440
vn 0.7265 -0.5702 0.3836
vn 0.7272 -0.5865 0.3566
vn 0.7453 -0.5243 0.4119
vn 0.3637 -0.8561 0.3672
vn 0.3639 -0.8544 0.3708
vn 0.0303 -0.9622 0.2706
vn 0.0282 -0.9630 0.2679
vn -0.5834 -0.8121 0.0145
vn -0.9281 -0.2793 -0.2463
vn -0.9269 -0.2825 -0.2472
vn -0.9385 0.0768 -0.3366
vn -0.9394 0.0792 -0.3336
vn 0.9033 -0.2663 0.3364
vn 0.9077 -0.2658 0.3248
vn 0.9075 -0.2634 0.3271
vn 0.9045 -0.2636 0.3351
vn 0.8918 -0.2566 0.3725
vn 0.8885 -0.2578 0.3795
vn -0.1058 -0.9131 -0.3938
vn -0.1059 -0.9131 -0.3938
vn -0.1057 -0.9131 -0.3938
vn -0.1056 -0.9131 -0.3938
vn 0.3607 -0.2386 0.9016
vn 0.3638 -0.2363 0.9010
vn 0.3606 -0.2387 0.9017
vn 0.3575 -0.2411 0.9022
vn -0.5845 -0.8112 0.0162
vn -0.5846 -0.8112 0.0163
vn -0.5840 -0.8116 0.0143
vn -0.5840 -0.8116 0.0142
vn -0.3194 0.2440 0.9157
vn -0.3197 0.2434 0.9157
vn -0.3197 0.2435 0.9157
vn 0.3200 -0.2434 -0.9156
vn 0.3196 -0.2438 -0.9156
vn 0.3197 -0.2437 -0.9156
vn 0.3380 -0.2184 -0.9155
vn 0.3377 -0.2186 -0.9155
vn 0.3378 -0.2186 -0.9155
vn 0.3381 -0.2183 -0.9155
vn 0.5840 0.8117 -0.0139
vn 0.5839 0.8117 -0.0138
vn 0.5846 0.8112 -0.0152
vn 0.5846 0.8112 -0.0153
vn 0.3189 -0.2454 -0.9155
vn 0.3190 -0.2454 -0.9155
vn -0.5844 -0.8113 0.0139
vn -0.5845 -0.8113 0.0140
vn -0.5844 -0.8113 0.0140
vn 0.5844 0.8114 -0.0139
vn 0.5843 0.8114 -0.0139
vn 0.5845 0.8112 -0.0143
vn 0.5846 0.8112 -0.0143
vn 0.7731 -0.4924 0.3999
vn 0.7607 -0.5099 0.4017
vn 0.7609 -0.5098 0.4013
vn 0.7732 -0.4925 0.3995
vn 0.7859 -0.4737 0.3975
vn 0.7862 -0.4737 0.3969
vn 0.5844 0.8113 -0.0139
vn -0.7406 0.5315 -0.4112
vn -0.7435 0.5294 -0.4086
vn -0.7722 0.5068 -0.3832
vn -0.7394 0.5252 -0.4213
vn -0.7460 0.5226 -0.4128
vn -0.7589 0.5348 -0.3716
vn -0.7550 0.5345 -0.3799
vn -0.7560 0.4856 -0.4390
vn -0.7489 0.5334 -0.3932
vn -0.7468 0.5374 -0.3917
vn -0.7464 0.5252 -0.4086
vn -0.7327 0.5363 -0.4189
vn -0.7325 0.5425 -0.4111
vn -0.7387 0.5475 -0.3930
vn -0.7457 0.5456 -0.3825
vn -0.7522 0.5293 -0.3925
vn -0.7519 0.4665 -0.4659
vn -0.7914 0.4970 -0.3558
vn 0.3212 0.9242 -0.2067
vn 0.2982 0.9503 -0.0888
vn 0.3894 0.9166 -0.0903
vn 0.3309 0.9436 -0.0101
vn 0.4258 0.8568 -0.2909
vn 0.4131 0.9000 -0.1392
vn 0.7488 0.6615 0.0405
vn 0.7362 0.6704 0.0922
vn 0.8057 0.5866 -0.0823
vn 0.8196 0.5697 0.0608
vn 0.7740 0.6123 0.1616
vn 0.7197 0.6673 0.1917
vn 0.3183 -0.2406 -0.9169
vn 0.3211 -0.2487 -0.9138
vn 0.3199 -0.2440 -0.9155
vn 0.3487 -0.2013 -0.9153
vn 0.3640 -0.1598 -0.9176
vn 0.3647 -0.1604 -0.9172
vn 0.3485 -0.2028 -0.9151
vn 0.3154 -0.2346 -0.9195
vn 0.3196 -0.2366 -0.9175
vn 0.3237 -0.2444 -0.9141
vn 0.3152 -0.2444 -0.9170
vn 0.3271 -0.2419 -0.9135
vn 0.3303 -0.2452 -0.9115
vn 0.3504 -0.2022 -0.9145
vn 0.3491 -0.2029 -0.9148
vn 0.3816 -0.1719 -0.9082
vn 0.3825 -0.1724 -0.9077
vn -0.2940 0.2810 0.9136
vn -0.3017 0.3219 0.8974
vn -0.2980 0.3202 0.8993
vn -0.2922 0.2812 0.9141
vn -0.3152 0.2556 0.9140
vn -0.3178 0.2570 0.9127
vn -0.3160 0.2544 0.9140
vn -0.3103 0.2519 0.9166
vn -0.3112 0.2510 0.9166
vn -0.3082 0.2500 0.9179
vn -0.2940 0.2786 0.9143
vn -0.2927 0.2791 0.9146
vn -0.2495 0.2909 0.9237
vn -0.2470 0.2895 0.9248
vn -0.2691 -0.9475 0.1725
vn -0.3798 -0.9179 0.1147
vn -0.2625 -0.9464 0.1885
vn -0.2662 -0.9512 0.1558
vn -0.4277 -0.9001 0.0832
vn -0.7525 -0.6529 -0.0863
vn -0.7141 -0.6964 -0.0712
vn -0.8165 -0.5599 -0.1408
vn -0.8232 -0.5535 -0.1261
vn -0.8327 -0.5409 -0.1188
vn -0.9835 0.1746 0.0471
vn -0.9805 -0.1811 0.0761
vn -0.8984 -0.2311 0.3734
vn -0.7608 -0.5904 0.2695
vn -0.5501 -0.4493 0.7039
vn -0.4268 -0.6671 0.6106
vn -0.3458 -0.1307 0.9291
vn -0.2530 -0.4551 0.8537
vn -0.0698 0.0247 0.9973
vn -0.4417 0.4378 0.7831
vn -0.1187 0.3698 0.9215
vn -0.4480 0.7117 0.5411
vn -0.8750 0.3345 0.3501
vn -0.7067 0.6496 0.2804
vn 0.9710 -0.2337 -0.0510
vn 0.7736 -0.5722 -0.2723
vn 0.4783 -0.6400 -0.6014
vn 0.2225 -0.4074 -0.8857
vn 0.1254 0.0172 -0.9920
vn 0.9750 0.2180 -0.0434
vn 0.7844 0.5665 -0.2526
vn 0.2317 0.4348 -0.8702
vn 0.4914 0.6514 -0.5782
vn 0.8355 0.3117 0.4526
vn 0.8289 -0.3412 0.4432
vn 0.5608 0.8146 0.1481
vn 0.1394 0.9355 -0.3246
vn -0.2336 0.6231 -0.7465
vn -0.3870 0.0217 -0.9218
vn -0.2490 -0.5902 -0.7679
vn 0.1173 -0.9273 -0.3556
vn 0.5430 -0.8307 0.1228
vn 0.8827 0.3003 0.3615
vn 0.4473 0.4286 0.7850
vn 0.8806 -0.2654 0.3927
vn 0.3241 -0.1328 0.9367
vn 0.5178 -0.4630 0.7193
vn 0.9893 0.1316 0.0629
vn 0.7298 0.6215 0.2847
vn 0.4699 0.6984 0.5398
vn 0.1199 0.3768 0.9185
vn 0.0545 0.0355 0.9979
vn 0.2185 -0.4537 0.8640
vn 0.3867 -0.6763 0.6270
vn 0.7291 -0.6194 0.2911
vn 0.9700 -0.2231 0.0966
vn -0.8359 0.3119 0.4516
vn -0.9749 0.2181 -0.0442
vn -0.9709 -0.2338 -0.0517
vn -0.5608 0.8147 0.1474
vn -0.7841 0.5666 -0.2532
vn -0.1393 0.9355 -0.3247
vn -0.4911 0.6514 -0.5783
vn 0.2336 0.6231 -0.7464
vn -0.2315 0.4349 -0.8702
vn 0.3870 0.0217 -0.9218
vn -0.1251 0.0172 -0.9920
vn 0.2491 -0.5902 -0.7679
vn -0.2223 -0.4075 -0.8858
vn -0.1172 -0.9272 -0.3558
vn -0.4780 -0.6400 -0.6016
vn -0.5430 -0.8308 0.1221
vn -0.7733 -0.5723 -0.2730
vn -0.8294 -0.3413 0.4423
vn 0.1930 -0.0436 0.9802
vn 0.2191 -0.0659 0.9735
vn 0.1031 0.0189 0.9945
vn 0.2169 -0.0161 0.9761
vn 0.2340 -0.0154 0.9721
vn 0.1710 -0.0188 0.9851
vn 0.1806 -0.0088 0.9835
vn 0.1804 -0.0051 0.9836
vn 0.1643 0.0008 0.9864
vn 0.2102 0.0050 0.9777
vn 0.1993 0.0103 0.9799
vn 0.1793 0.0084 0.9838
vn 0.1761 -0.0115 0.9843
vn 0.1994 -0.0088 0.9799
vn 0.2000 -0.0046 0.9798
vn 0.1731 -0.0538 0.9834
vn 0.1445 -0.0675 0.9872
vn 0.1997 -0.0133 0.9798
vn 0.9745 0.0311 -0.2223
vn 0.9753 0.0346 -0.2182
vn 0.9747 0.0313 -0.2211
vn 0.9742 0.0309 -0.2234
vn 0.9737 0.0332 -0.2254
vn 0.1887 0.0612 0.9801
vn 0.1895 0.0389 0.9811
vn 0.1895 0.0390 0.9811
vn 0.1903 0.0181 0.9816
vn 0.0291 -0.9995 -0.0151
vn 0.0289 -0.9995 -0.0151
vn 0.9721 0.0783 -0.2211
vn 0.9721 0.0779 -0.2212
vn 0.9721 0.0780 -0.2212
vn 0.9721 0.0784 -0.2211
vn 0.9744 0.0343 -0.2222
vn 0.9744 0.0341 -0.2222
vn -0.1907 0.0564 -0.9800
vn -0.1915 0.0804 -0.9782
vn -0.1914 0.0804 -0.9782
vn -0.1907 0.0566 -0.9800
vn -0.1903 0.0342 -0.9811
vn 0.0295 -0.9994 -0.0152
vn 0.0293 -0.9995 -0.0152
vn 0.9748 0.0231 -0.2220
vn 0.9748 0.0232 -0.2220
vn 0.9748 0.0219 -0.2218
vn 0.9749 0.0217 -0.2218
vn -0.9747 -0.0214 0.2226
vn -0.9747 -0.0213 0.2226
vn -0.9747 -0.0226 0.2224
vn -0.9747 -0.0228 0.2224
vn -0.9747 0.0064 0.2235
vn -0.9747 0.0065 0.2235
vn -0.9747 0.0056 0.2233
vn -0.9747 0.0055 0.2233
vn -0.0289 0.9995 0.0151
vn -0.0287 0.9995 0.0151
vn -0.0290 0.9995 0.0151
vn -0.9742 -0.0343 0.2232
vn -0.9742 -0.0343 0.2231
vn -0.9742 -0.0342 0.2232
vn -0.9742 -0.0341 0.2232
vn 0.0296 -0.9994 -0.0151
vn -0.0292 0.9995 0.0152
vn -0.0293 0.9995 0.0152
vn -0.0292 0.9995 0.0151
vn -0.0291 0.9995 0.0151
vn -0.1824 0.0091 -0.9832
vn -0.2309 -0.0338 -0.9724
vn -0.1695 0.0071 -0.9855
vn -0.1813 0.0140 -0.9833
vn -0.2016 0.0122 -0.9794
vn -0.1625 0.0047 -0.9867
vn -0.2603 -0.0478 -0.9644
vn -0.2130 0.0075 -0.9770
vn -0.2047 0.0015 -0.9788
vn -0.1752 -0.0255 -0.9842
vn -0.1990 0.0084 -0.9800
vn -0.1987 0.0031 -0.9801
vn -0.1815 0.0038 -0.9834
vn -0.1713 0.0210 -0.9850
vn -0.1817 0.0262 -0.9830
vn -0.2087 0.0199 -0.9778
vn -0.2010 0.0251 -0.9793
vn -0.1464 -0.0450 -0.9882
vn -0.0551 0.9752 -0.2143
vn -0.0328 0.9511 -0.3070
vn -0.1533 0.9425 -0.2969
vn 0.0330 0.9645 -0.2621
vn -0.2552 0.9473 -0.1936
vn -0.1064 0.9740 -0.2001
vn -0.0202 0.9702 0.2414
vn 0.0319 0.9701 0.2405
vn 0.0854 0.9456 0.3138
vn 0.1282 0.9606 0.2465
vn -0.0246 0.9346 0.3547
vn -0.1538 0.9393 0.3066
vn -0.0186 -0.9653 -0.2605
vn -0.0227 -0.9195 -0.3925
vn -0.0323 -0.9246 -0.3796
vn -0.0482 -0.9264 -0.3734
vn -0.0146 -0.9803 -0.1970
vn 0.0581 -0.9823 0.1780
vn 0.0765 -0.9708 0.2275
vn 0.0918 -0.9331 0.3478
vn 0.1089 -0.9317 0.3465
vn 0.1226 -0.9271 0.3543
vn -0.1427 -0.4760 -0.8678
vn -0.1393 -0.4743 -0.8693
vn -0.0965 -0.7654 -0.6363
vn -0.1003 -0.7581 -0.6444
vn 0.0283 -0.9994 -0.0203
vn 0.0309 -0.9995 -0.0070
vn 0.1475 -0.7699 0.6209
vn 0.1440 -0.7775 0.6122
vn 0.1907 -0.4951 0.8477
vn 0.1943 -0.4935 0.8477
vn -0.9734 -0.0366 0.2263
vn -0.9748 -0.0430 0.2190
vn -0.9740 -0.0394 0.2232
vn -0.9748 -0.0357 0.2204
vn -0.9745 -0.0289 0.2224
vn -0.9757 -0.0304 0.2170
vn -0.9739 0.0236 0.2259
vn -0.9738 0.0221 0.2265
vn -0.9743 0.0718 0.2135
vn -0.9746 0.0720 0.2123
vn -0.9732 -0.0415 0.2263
vn -0.9742 -0.0294 0.2238
vn -0.9729 -0.0312 0.2292
vn -0.9748 0.0244 0.2218
vn -0.9749 0.0227 0.2214
vn -0.9700 0.0732 0.2319
vn -0.9697 0.0733 0.2330
vn 0.9766 0.1076 -0.1862
vn 0.9771 0.1079 -0.1832
vn 0.9734 0.0754 -0.2164
vn 0.9734 0.0745 -0.2169
vn 0.9757 0.0479 -0.2136
vn 0.9765 0.0482 -0.2101
vn 0.9751 0.0486 -0.2164
vn 0.9732 0.0477 -0.2248
vn 0.9727 0.0472 -0.2271
vn 0.9720 0.0475 -0.2303
vn 0.9715 0.0760 -0.2244
vn 0.9718 0.0772 -0.2227
vn 0.9621 0.1036 -0.2521
vn 0.9610 0.1029 -0.2566
vn -0.9750 0.0298 -0.2202
vn -0.9753 0.0300 -0.2190
vn -0.9745 0.0322 -0.2222
vn -0.9755 0.0302 -0.2179
vn -0.9760 0.0334 -0.2150
vn 0.1907 0.0342 -0.9810
vn 0.1908 0.0343 -0.9810
vn 0.1912 0.0565 -0.9799
vn 0.1912 0.0563 -0.9799
vn 0.1918 0.0801 -0.9782
vn 0.1919 0.0802 -0.9781
vn -0.1936 -0.0433 0.9801
vn -0.1034 0.0191 0.9945
vn -0.2196 -0.0654 0.9734
vn -0.1715 -0.0185 0.9850
vn -0.1811 -0.0087 0.9834
vn -0.2171 -0.0158 0.9760
vn -0.2344 -0.0151 0.9720
vn -0.1734 -0.0535 0.9834
vn -0.1449 -0.0672 0.9872
vn -0.1998 -0.0087 0.9798
vn -0.2004 -0.0044 0.9797
vn -0.1809 -0.0050 0.9835
vn -0.1766 -0.0115 0.9842
vn -0.2001 -0.0132 0.9797
vn -0.2106 0.0049 0.9776
vn -0.1998 0.0102 0.9798
vn -0.1648 0.0007 0.9863
vn -0.1798 0.0083 0.9837
vn -0.1911 -0.4949 0.8477
vn -0.1947 -0.4934 0.8477
vn -0.1478 -0.7701 0.6206
vn -0.1444 -0.7770 0.6127
vn -0.0286 -0.9994 -0.0195
vn -0.0308 -0.9995 -0.0077
vn 0.0969 -0.7647 -0.6370
vn 0.1004 -0.7585 -0.6439
vn 0.1430 -0.4756 -0.8679
vn 0.1397 -0.4740 -0.8694
vn -0.0292 -0.9995 -0.0150
vn -0.0290 -0.9995 -0.0150
vn -0.9728 0.0790 -0.2179
vn -0.9728 0.0787 -0.2179
vn -0.9728 0.0787 -0.2180
vn -0.9751 0.0342 -0.2189
vn -0.9752 0.0340 -0.2189
vn -0.0296 -0.9994 -0.0151
vn -0.0286 -0.9995 -0.0151
vn -0.0294 -0.9995 -0.0151
vn -0.9755 0.0244 -0.2187
vn -0.9755 0.0233 -0.2186
vn -0.9755 0.0234 -0.2186
vn -0.9755 0.0246 -0.2187
vn 0.9754 -0.0229 0.2193
vn 0.9754 -0.0241 0.2191
vn 0.9754 -0.0240 0.2191
vn 0.9754 -0.0228 0.2193
vn 0.9755 0.0054 0.2201
vn 0.9755 0.0046 0.2199
vn 0.9755 0.0048 0.2200
vn 0.9754 0.0056 0.2202
vn 0.0290 0.9995 0.0150
vn 0.0291 0.9995 0.0150
vn 0.9749 -0.0342 0.2198
vn 0.9749 -0.0340 0.2199
vn 0.9749 -0.0341 0.2198
vn -0.0292 -0.9995 -0.0151
vn 0.0293 0.9995 0.0151
vn 0.0294 0.9995 0.0151
vn -0.1899 0.0391 0.9810
vn -0.1907 0.0180 0.9815
vn -0.1899 0.0389 0.9810
vn -0.1891 0.0614 0.9800
vn -0.1891 0.0613 0.9800
vn 0.0292 0.9995 0.0150
vn 0.2022 0.0120 -0.9793
vn 0.1994 0.0083 -0.9799
vn 0.1755 -0.0257 -0.9841
vn 0.2137 0.0073 -0.9769
vn 0.2052 0.0012 -0.9787
vn 0.1628 0.0045 -0.9867
vn 0.1697 0.0069 -0.9855
vn 0.2313 -0.0341 -0.9723
vn 0.1827 0.0090 -0.9831
vn 0.1816 0.0139 -0.9833
vn 0.1991 0.0031 -0.9800
vn 0.2092 0.0200 -0.9777
vn 0.2014 0.0252 -0.9792
vn 0.1820 0.0263 -0.9829
vn 0.1716 0.0211 -0.9849
vn 0.1819 0.0037 -0.9833
vn 0.2607 -0.0481 -0.9642
vn 0.1467 -0.0451 -0.9882
vn 0.1536 0.9423 -0.2974
vn 0.0330 0.9511 -0.3071
vn 0.0553 0.9751 -0.2146
vn -0.0330 0.9645 -0.2621
vn 0.2569 0.9468 -0.1941
vn 0.1067 0.9740 -0.2000
vn 0.0202 0.9702 0.2416
vn -0.0320 0.9702 0.2403
vn 0.1542 0.9394 0.3061
vn 0.0244 0.9347 0.3547
vn -0.0856 0.9455 0.3140
vn -0.1285 0.9605 0.2468
vn 0.9756 -0.0348 0.2169
vn 0.9740 -0.0405 0.2231
vn 0.9748 -0.0383 0.2199
vn 0.9748 0.0232 0.2220
vn 0.9754 0.0708 0.2087
vn 0.9752 0.0707 0.2100
vn 0.9747 0.0217 0.2225
vn 0.9766 -0.0298 0.2130
vn 0.9754 -0.0284 0.2184
vn 0.9741 -0.0356 0.2231
vn 0.9756 -0.0418 0.2157
vn 0.9748 -0.0289 0.2213
vn 0.9735 -0.0306 0.2267
vn 0.9754 0.0239 0.2191
vn 0.9755 0.0222 0.2187
vn 0.9707 0.0719 0.2291
vn 0.9705 0.0720 0.2301
vn -0.9724 0.0762 -0.2206
vn -0.9619 0.1036 -0.2530
vn -0.9630 0.1043 -0.2486
vn -0.9726 0.0775 -0.2190
vn -0.9736 0.0467 -0.2233
vn -0.9729 0.0468 -0.2264
vn -0.9741 0.0469 -0.2214
vn -0.9763 0.0473 -0.2111
vn -0.9758 0.0477 -0.2134
vn -0.9770 0.0475 -0.2077
vn -0.9739 0.0748 -0.2143
vn -0.9739 0.0757 -0.2138
vn -0.9770 0.1084 -0.1835
vn -0.9775 0.1087 -0.1805
vn -0.1091 -0.9316 0.3468
vn -0.0767 -0.9706 0.2279
vn -0.1229 -0.9269 0.3546
vn -0.0921 -0.9330 0.3480
vn -0.0582 -0.9824 0.1777
vn 0.0186 -0.9653 -0.2604
vn 0.0147 -0.9802 -0.1974
vn 0.0483 -0.9264 -0.3735
vn 0.0324 -0.9245 -0.3797
vn 0.0228 -0.9195 -0.3925
vn 0.2128 0.9736 0.0822
vn 0.2129 0.9736 0.0822
vn 0.2248 0.9738 0.0345
vn 0.2263 0.9737 0.0283
vn 0.2376 0.9712 -0.0193
vn 0.2376 0.9712 -0.0194
vn -0.9496 0.2350 -0.2074
vn -0.9439 0.2278 -0.2392
vn -0.9321 0.2354 -0.2754
vn -0.8864 0.2788 -0.3696
vn -0.8840 0.3423 -0.3184
vn -0.9124 0.3159 -0.2602
vn -0.9563 0.1926 -0.2202
vn -0.9425 0.2555 -0.2155
vn -0.9589 0.2113 -0.1895
vn -0.9714 0.1825 -0.1517
vn -0.9684 0.1639 -0.1880
vn -0.9600 0.1577 -0.2314
vn -0.9485 0.2122 -0.2353
vn 0.9494 -0.2357 0.2075
vn 0.9482 -0.2131 0.2355
vn 0.9321 -0.2355 0.2753
vn 0.9597 -0.1586 0.2318
vn 0.9560 -0.1934 0.2206
vn 0.9681 -0.1649 0.1885
vn 0.9712 -0.1834 0.1523
vn 0.9586 -0.2121 0.1900
vn 0.9422 -0.2561 0.2160
vn 0.9126 -0.3151 0.2607
vn 0.8846 -0.3404 0.3187
vn 0.8870 -0.2776 0.3690
vn 0.9440 -0.2278 0.2386
vn 0.0847 0.9964 0.0032
vn -0.0000 0.9998 0.0177
vn -0.0000 0.9782 -0.2075
vn 0.1772 0.9642 -0.1972
vn 0.1243 0.8991 -0.4198
vn -0.2069 0.9028 -0.3769
vn 0.3371 0.8397 -0.4257
vn 0.3898 0.8807 -0.2692
vn 0.3083 0.9128 -0.2680
vn 0.4432 0.8921 -0.0884
vn 0.3442 0.9367 -0.0643
vn 0.0776 0.9709 -0.2266
vn -0.0000 0.9065 -0.4221
vn 0.0575 0.9028 -0.4262
vn 0.2335 0.8683 -0.4377
vn -0.0260 0.9946 0.1006
vn 0.2596 0.9645 0.0479
vn -0.4193 0.9066 -0.0473
vn -0.5116 0.8224 -0.2490
vn -0.8346 0.5509 -0.0010
vn -0.1301 0.9804 -0.1479
vn -0.3458 -0.9328 -0.1020
vn -0.7370 -0.6421 0.2112
vn -0.8358 -0.5490 0.0049
vn -0.8920 -0.1912 0.4096
vn -0.6459 -0.6439 0.4101
vn -0.7941 -0.1931 0.5763
vn -0.8028 0.0382 0.5950
vn -0.8959 0.0246 0.4435
vn -0.8932 0.2373 0.3818
vn -0.9683 0.0072 0.2497
vn -0.9653 0.1753 0.1936
vn -0.7424 0.6428 0.1889
vn -0.6440 0.6565 0.3928
vn -0.3045 0.9377 0.1673
vn -0.9667 -0.1511 0.2065
vn -0.7951 0.2753 0.5404
vn -0.0422 -0.9678 -0.2481
vn 0.0572 -0.9963 -0.0647
vn -0.2376 -0.9665 0.0967
vn -0.0123 -0.8416 -0.5400
vn -0.0564 -0.9006 -0.4309
vn -0.1145 -0.9535 -0.2787
vn -0.0758 -0.9310 -0.3569
vn 0.0104 -0.8215 -0.5702
vn -0.0117 -0.9349 -0.3547
vn -0.0000 -0.8195 -0.5731
vn -0.0000 -0.9410 -0.3384
vn 0.0117 -0.9349 -0.3547
vn 0.0346 -0.9958 -0.0844
vn 0.0758 -0.9310 -0.3569
vn 0.1627 -0.9812 -0.1037
vn 0.1145 -0.9535 -0.2787
vn 0.1872 -0.9762 -0.1098
vn -0.1145 -0.9037 -0.4126
vn -0.4280 -0.8533 -0.2976
vn 0.0564 -0.9006 -0.4309
vn 0.0123 -0.8416 -0.5400
vn -0.0104 -0.8215 -0.5702
vn -0.0000 -0.9968 -0.0801
vn -0.0346 -0.9958 -0.0844
vn -0.1627 -0.9812 -0.1037
vn -0.1872 -0.9762 -0.1098
vn -0.0572 -0.9963 -0.0647
vn 0.0422 -0.9678 -0.2481
vn 0.6438 0.6564 0.3934
vn 0.7422 0.6428 0.1898
vn 0.4194 0.9066 -0.0469
vn 0.8927 0.2376 0.3828
vn 0.7946 0.2756 0.5410
vn 0.8025 0.0387 0.5955
vn 0.8955 0.0252 0.4443
vn 0.9680 0.0079 0.2508
vn 0.8919 -0.1908 0.4099
vn 0.9667 -0.1508 0.2069
vn 0.8358 -0.5489 0.0050
vn 0.7370 -0.6420 0.2112
vn 0.6459 -0.6438 0.4102
vn 0.3458 -0.9328 -0.1020
vn 0.2376 -0.9665 0.0967
vn 0.1145 -0.9037 -0.4126
vn 0.4280 -0.8533 -0.2976
vn 0.7940 -0.1926 0.5766
vn 0.9649 0.1757 0.1950
vn 0.8345 0.5509 0.0002
vn -0.0847 0.9964 0.0032
vn -0.0776 0.9709 -0.2266
vn -0.0575 0.9028 -0.4262
vn -0.3083 0.9128 -0.2680
vn -0.2335 0.8683 -0.4377
vn -0.3371 0.8397 -0.4257
vn -0.3898 0.8807 -0.2692
vn -0.4432 0.8921 -0.0884
vn -0.1772 0.9642 -0.1972
vn -0.2596 0.9645 0.0479
vn 0.0261 0.9946 0.1006
vn 0.1302 0.9804 -0.1479
vn 0.2070 0.9029 -0.3768
vn 0.5117 0.8224 -0.2485
vn -0.1243 0.8991 -0.4198
vn 0.3046 0.9376 0.1677
vn -0.3442 0.9367 -0.0643
vn 0.3236 0.4504 -0.8321
vn 0.3309 0.7033 -0.6292
vn 0.3310 0.7033 -0.6292
vn 0.3217 0.4287 -0.8442
vn 0.2727 0.0960 -0.9573
vn 0.2727 0.0954 -0.9574
vn 0.2679 0.0652 -0.9612
vn 0.2680 0.0651 -0.9612
vn -0.2600 -0.0278 0.9652
vn -0.2579 -0.0288 0.9657
vn -0.2581 -0.0288 0.9657
vn -0.2601 -0.0278 0.9652
vn -0.1918 0.2364 0.9525
vn -0.1901 0.2423 0.9514
vn -0.1077 0.4875 0.8665
vn -0.1076 0.4875 0.8665
vn 0.4730 0.0214 0.8808
vn 0.1990 0.0708 0.9774
vn 0.2964 -0.2963 0.9079
vn -0.0000 -0.5079 0.8614
vn -0.0000 -0.3372 0.9414
vn 0.1423 -0.3526 0.9249
vn 0.1277 -0.5506 0.8250
vn 0.4023 -0.3620 0.8409
vn 0.3188 -0.5680 0.7587
vn 0.4927 -0.3225 0.8082
vn 0.4930 -0.4212 0.7613
vn 0.4622 -0.4786 0.7465
vn 0.4507 -0.4976 0.7411
vn 0.2869 -0.4930 0.8214
vn 0.1569 -0.1049 0.9820
vn -0.1169 0.0664 0.9909
vn 0.1408 0.4029 0.9044
vn 0.3952 0.3799 0.8363
vn 0.2607 -0.0344 0.9648
vn 0.3768 0.2815 0.8825
vn -0.1277 -0.5506 0.8250
vn -0.1423 -0.3526 0.9249
vn -0.0000 -0.0520 0.9986
vn -0.0000 0.2767 0.9609
vn 0.1296 0.2969 0.9461
vn -0.0710 0.2893 0.9546
vn 0.0755 0.6027 0.7944
vn 0.2303 0.6033 0.7636
vn 0.2821 0.5739 0.7688
vn 0.4222 0.4860 0.7652
vn 0.4962 0.4171 0.7614
vn 0.3628 0.5201 0.7732
vn 0.1321 0.5292 0.8381
vn -0.0000 0.4869 0.8735
vn -0.1296 0.2969 0.9461
vn -0.2607 -0.0344 0.9648
vn -0.4023 -0.3620 0.8409
vn -0.3188 -0.5680 0.7587
vn -0.4927 -0.3225 0.8082
vn -0.4930 -0.4212 0.7613
vn -0.4622 -0.4786 0.7465
vn -0.2964 -0.2964 0.9079
vn -0.4507 -0.4976 0.7411
vn -0.2869 -0.4930 0.8214
vn -0.1569 -0.1051 0.9820
vn -0.1991 0.0708 0.9774
vn -0.4731 0.0214 0.8807
vn 0.1170 0.0664 0.9909
vn -0.1410 0.4029 0.9043
vn -0.3953 0.3800 0.8363
vn -0.3768 0.2815 0.8825
vn -0.1321 0.5292 0.8381
vn 0.0710 0.2893 0.9546
vn -0.0757 0.6028 0.7943
vn -0.2304 0.6034 0.7634
vn -0.2822 0.5740 0.7687
vn -0.4222 0.4860 0.7652
vn -0.4962 0.4171 0.7614
vn -0.3628 0.5201 0.7732
vn -0.1905 -0.9661 -0.1742
vn -0.1878 -0.9657 -0.1794
vn -0.1879 -0.9657 -0.1794
vn -0.1902 -0.9662 -0.1742
vn -0.2080 -0.9681 -0.1395
vn -0.2100 -0.9685 -0.1339
vn -0.2198 -0.9701 -0.1031
vn -0.2200 -0.9700 -0.1031
vn -0.7248 -0.5571 0.4052
vn -0.7027 -0.5678 0.4287
vn -0.7902 -0.5248 0.3165
vn -0.7333 -0.5294 0.4267
vn -0.7270 -0.5238 0.4440
vn -0.7473 -0.5421 0.3842
vn -0.7492 -0.5324 0.3939
vn -0.7517 -0.5293 0.3935
vn -0.7598 -0.5290 0.3779
vn -0.7462 -0.5153 0.4215
vn -0.7532 -0.5135 0.4111
vn -0.7590 -0.5192 0.3929
vn -0.7491 -0.5360 0.3892
vn -0.7430 -0.5284 0.4108
vn -0.7453 -0.5243 0.4118
vn -0.7265 -0.5702 0.3836
vn -0.7272 -0.5865 0.3566
vn -0.7400 -0.5321 0.4114
vn -0.1411 -0.0121 -0.9899
vn -0.0460 -0.0052 -0.9989
vn -0.1095 0.0482 -0.9928
vn -0.1970 -0.0317 -0.9799
vn -0.3412 0.0003 -0.9400
vn -0.2480 -0.0308 -0.9683
vn -0.3747 -0.0734 -0.9242
vn -0.6306 -0.0482 -0.7746
vn -0.4710 -0.1156 -0.8745
vn -0.6386 -0.1125 -0.7613
vn -0.7691 -0.1411 -0.6233
vn -0.7578 -0.0718 -0.6486
vn -0.8164 0.0332 -0.5765
vn -0.7348 0.0136 -0.6782
vn -0.5986 0.0119 -0.8010
vn -0.4631 0.0281 -0.8859
vn -0.3431 0.0287 -0.9389
vn -0.2121 0.0773 -0.9742
vn -0.0695 0.1086 -0.9916
vn -0.0000 0.0546 -0.9985
vn -0.0000 0.1135 -0.9935
vn 0.0695 0.1087 -0.9916
vn 0.1095 0.0482 -0.9928
vn 0.2121 0.0773 -0.9742
vn 0.3412 0.0003 -0.9400
vn 0.3431 0.0287 -0.9389
vn 0.4631 0.0281 -0.8859
vn 0.6309 -0.0480 -0.7744
vn 0.5986 0.0120 -0.8010
vn 0.7348 0.0136 -0.6781
vn 0.8165 0.0333 -0.5763
vn 0.7582 -0.0714 -0.6481
vn 0.7697 -0.1408 -0.6226
vn 0.6392 -0.1123 -0.7608
vn 0.4713 -0.1155 -0.8744
vn 0.3747 -0.0733 -0.9242
vn 0.2480 -0.0308 -0.9683
vn 0.1970 -0.0317 -0.9799
vn 0.1411 -0.0121 -0.9899
vn 0.0460 -0.0052 -0.9989
vn -0.0000 -0.0045 -1.0000
vn 0.3244 0.2378 0.9155
vn 0.3198 0.2381 0.9171
vn 0.3235 0.2371 0.9160
vn 0.3253 0.2384 0.9151
vn 0.3256 0.2423 0.9139
vn -0.7860 -0.4741 0.3968
vn -0.7863 -0.4740 0.3962
vn -0.7732 -0.4927 0.3991
vn -0.7731 -0.4926 0.3996
vn -0.7609 -0.5100 0.4012
vn -0.7606 -0.5100 0.4017
vn 0.5845 -0.8113 0.0151
vn 0.5842 -0.8115 0.0137
vn 0.5842 -0.8115 0.0138
vn 0.5845 -0.8112 0.0152
vn 0.2902 0.2841 0.9139
vn 0.2905 0.2838 0.9138
vn 0.2904 0.2838 0.9138
vn 0.2901 0.2841 0.9139
vn 0.3189 0.2454 0.9155
vn 0.3189 0.2453 0.9155
vn 0.3188 0.2455 0.9155
vn 0.3188 0.2456 0.9155
vn 0.7176 0.5685 -0.4023
vn 0.7032 0.5864 -0.4021
vn 0.7175 0.5686 -0.4023
vn 0.7307 0.5515 -0.4024
vn 0.7307 0.5516 -0.4024
vn 0.5845 -0.8112 0.0167
vn 0.5839 -0.8117 0.0142
vn 0.5840 -0.8117 0.0144
vn 0.5846 -0.8112 0.0168
vn 0.3193 0.2440 0.9157
vn 0.3193 0.2441 0.9157
vn 0.3196 0.2434 0.9157
vn 0.3197 0.2434 0.9157
vn -0.3199 -0.2434 -0.9156
vn -0.3200 -0.2433 -0.9156
vn -0.3196 -0.2438 -0.9157
vn -0.3195 -0.2438 -0.9157
vn -0.3380 -0.2184 -0.9155
vn -0.3380 -0.2183 -0.9155
vn -0.3377 -0.2186 -0.9155
vn -0.5839 0.8117 -0.0140
vn -0.5847 0.8111 -0.0157
vn -0.5846 0.8112 -0.0155
vn -0.5838 0.8118 -0.0138
vn -0.3189 -0.2454 -0.9155
vn 0.5844 -0.8113 0.0139
vn 0.5845 -0.8113 0.0140
vn -0.5843 0.8114 -0.0140
vn -0.5846 0.8112 -0.0145
vn -0.5843 0.8114 -0.0139
vn -0.5844 0.8113 -0.0139
vn 0.7489 0.5335 -0.3930
vn 0.7560 0.4859 -0.4385
vn 0.7549 0.5348 -0.3796
vn 0.7468 0.5375 -0.3915
vn 0.7406 0.5318 -0.4108
vn 0.7589 0.5351 -0.3711
vn 0.7520 0.4669 -0.4653
vn 0.7395 0.5256 -0.4206
vn 0.7461 0.5230 -0.4122
vn 0.7723 0.5072 -0.3825
vn 0.7435 0.5296 -0.4083
vn 0.7465 0.5254 -0.4082
vn 0.7522 0.5293 -0.3924
vn 0.7457 0.5456 -0.3825
vn 0.7387 0.5476 -0.3930
vn 0.7327 0.5364 -0.4187
vn 0.7325 0.5426 -0.4111
vn 0.7915 0.4975 -0.3550
vn -0.3894 0.9166 -0.0904
vn -0.2982 0.9504 -0.0888
vn -0.3212 0.9242 -0.2067
vn -0.3309 0.9436 -0.0101
vn -0.4249 0.8572 -0.2910
vn -0.4131 0.9000 -0.1392
vn -0.7488 0.6616 0.0397
vn -0.7362 0.6705 0.0915
vn -0.7740 0.6124 0.1607
vn -0.7197 0.6675 0.1909
vn -0.8197 0.5697 0.0600
vn -0.8056 0.5865 -0.0831
vn 0.7525 -0.6529 -0.0863
vn 0.8327 -0.5409 -0.1188
vn 0.8232 -0.5535 -0.1261
vn 0.8165 -0.5600 -0.1408
vn 0.7141 -0.6964 -0.0712
vn 0.4277 -0.9001 0.0832
vn 0.3798 -0.9179 0.1147
vn 0.2662 -0.9512 0.1558
vn 0.2691 -0.9475 0.1725
vn 0.2625 -0.9464 0.1885
vn 0.9385 0.0768 -0.3366
vn 0.9394 0.0792 -0.3336
vn 0.9281 -0.2793 -0.2463
vn 0.9269 -0.2825 -0.2472
vn 0.5834 -0.8121 0.0145
vn -0.0303 -0.9622 0.2706
vn -0.0282 -0.9630 0.2679
vn -0.3637 -0.8561 0.3672
vn -0.3639 -0.8544 0.3708
vn -0.3237 -0.2444 -0.9141
vn -0.3152 -0.2444 -0.9170
vn -0.3199 -0.2440 -0.9155
vn -0.3183 -0.2406 -0.9169
vn -0.3196 -0.2366 -0.9175
vn -0.3154 -0.2346 -0.9195
vn -0.3487 -0.2014 -0.9154
vn -0.3485 -0.2028 -0.9151
vn -0.3646 -0.1604 -0.9173
vn -0.3638 -0.1597 -0.9177
vn -0.3211 -0.2487 -0.9138
vn -0.3271 -0.2419 -0.9135
vn -0.3303 -0.2452 -0.9115
vn -0.3504 -0.2022 -0.9145
vn -0.3491 -0.2029 -0.9148
vn -0.3816 -0.1719 -0.9082
vn -0.3825 -0.1724 -0.9077
vn 0.2494 0.2909 0.9237
vn 0.2470 0.2895 0.9248
vn 0.2927 0.2791 0.9146
vn 0.2940 0.2786 0.9143
vn 0.3104 0.2519 0.9166
vn 0.3082 0.2500 0.9179
vn 0.3112 0.2510 0.9166
vn 0.3160 0.2544 0.9140
vn 0.3152 0.2556 0.9140
vn 0.3177 0.2570 0.9127
vn 0.2939 0.2810 0.9136
vn 0.2921 0.2811 0.9141
vn 0.2978 0.3202 0.8994
vn 0.3015 0.3219 0.8975
vn -0.0075 -0.5755 0.8177
vn -0.0769 -0.7773 0.6244
vn -0.0547 -0.7496 0.6597
vn 0.0165 -0.5504 0.8347
vn 0.0191 -0.6610 0.7501
vn 0.0184 -0.6373 0.7704
vn 0.0679 -0.8370 0.5430
vn 0.0826 -0.8108 0.5794
vn 0.1383 -0.9329 0.3324
vn 0.1558 -0.9168 0.3677
vn -0.0157 -0.9967 0.0798
vn -0.0000 -0.9977 0.0684
vn -0.0000 -0.9974 0.0726
vn -0.0181 -0.9965 0.0811
vn -0.0071 -0.9961 0.0877
vn -0.0060 -0.9962 0.0867
vn 0.0005 -0.9950 0.1002
vn -0.0039 -0.9950 0.1001
vn 0.0306 -0.9922 0.1212
vn 0.0304 -0.9932 0.1121
vn 0.0642 -0.9864 0.1513
vn 0.0789 -0.9807 0.1787
vn 0.1376 -0.9616 0.2374
vn 0.1266 -0.9573 0.2600
vn 0.1507 -0.9349 0.3213
vn 0.1791 -0.9320 0.3151
vn 0.0519 -0.8812 0.4699
vn 0.0410 -0.8800 0.4733
vn -0.9807 -0.1923 -0.0352
vn -0.9855 -0.1329 -0.1059
vn -0.9696 -0.1631 -0.1823
vn -0.9749 -0.1884 0.1189
vn -0.9625 -0.2456 -0.1152
vn -0.9342 -0.3460 -0.0870
vn -0.8993 -0.3827 -0.2119
vn -0.9242 -0.3166 -0.2134
vn -0.9218 -0.3816 -0.0679
vn -0.9625 -0.1340 -0.2359
vn -0.9769 -0.1146 -0.1802
vn -0.9860 -0.1158 -0.1203
vn -0.9849 -0.1714 -0.0228
vn -0.9825 -0.1745 0.0647
vn -0.9441 -0.2390 0.2271
vn -0.8660 -0.1527 0.4762
vn -0.9259 -0.2497 0.2833
vn -0.8997 -0.1171 0.4206
vn -0.7810 -0.1510 0.6060
vn -0.8930 -0.3638 -0.2651
vn -0.8883 -0.4425 -0.1227
vn -0.9700 -0.2393 0.0432
vn -0.9371 -0.3422 0.0685
vn -0.9141 -0.3858 0.1250
vn -0.9722 -0.1947 0.1302
vn -0.8789 -0.1363 0.4572
vn -0.7420 -0.1227 0.6590
vn -0.7211 -0.1219 0.6821
vn -0.6139 -0.0989 0.7832
vn -0.6875 -0.1222 0.7159
vn -0.5067 -0.1308 0.8521
vn -0.3223 -0.0641 0.9444
vn -0.9057 -0.2263 0.3584
vn -0.9287 -0.2491 0.2748
vn -0.9324 -0.2593 0.2517
vn -0.6895 -0.7098 0.1443
vn -0.8929 -0.4401 0.0952
vn -0.8293 -0.4262 0.3613
vn -0.8395 -0.1586 0.5197
vn -0.8394 -0.1263 0.5287
vn -0.7796 -0.1053 0.6174
vn -0.6446 -0.0591 0.7623
vn -0.3845 -0.0556 0.9214
vn -0.1829 -0.0222 0.9829
vn -0.1103 -0.0528 0.9925
vn -0.0000 0.0121 0.9999
vn 0.1829 -0.0222 0.9829
vn -0.0000 -0.1354 0.9908
vn -0.2166 -0.1260 0.9681
vn -0.4183 -0.0963 0.9032
vn -0.6944 -0.0562 0.7174
vn -0.6874 -0.2387 0.6859
vn -0.6746 -0.5856 0.4494
vn -0.4276 -0.7947 0.4309
vn -0.4074 -0.8954 0.1795
vn -0.2101 -0.8642 0.4573
vn -0.3704 -0.3145 0.8740
vn -0.5450 -0.3054 0.7808
vn -0.4787 -0.5440 0.6891
vn -0.2068 -0.6398 0.7402
vn -0.1968 -0.3303 0.9231
vn -0.0000 -0.3469 0.9379
vn 0.2166 -0.1260 0.9681
vn 0.3845 -0.0556 0.9214
vn 0.4183 -0.0963 0.9032
vn 0.6440 -0.0592 0.7627
vn 0.6938 -0.0565 0.7180
vn 0.7782 -0.1053 0.6191
vn 0.8379 -0.1268 0.5308
vn 0.9042 -0.2272 0.3616
vn 0.5450 -0.3054 0.7809
vn 0.3704 -0.3145 0.8740
vn 0.1968 -0.3303 0.9231
vn -0.0000 -0.6489 0.7609
vn -0.0000 -0.8828 0.4698
vn 0.2068 -0.6398 0.7402
vn 0.8385 -0.1594 0.5211
vn 0.6871 -0.2388 0.6862
vn 0.6744 -0.5857 0.4496
vn 0.4787 -0.5440 0.6891
vn 0.2101 -0.8642 0.4573
vn -0.0000 -0.9824 0.1866
vn -0.1939 -0.9621 0.1918
vn -0.2082 -0.9755 -0.0714
vn -0.4299 -0.8997 -0.0761
vn -0.6970 -0.7101 -0.1001
vn 0.9235 -0.3191 -0.2130
vn 0.9210 -0.3839 -0.0658
vn 0.9330 -0.3496 -0.0855
vn 0.9359 -0.3449 0.0715
vn 0.9690 -0.2427 0.0454
vn 0.9313 -0.2609 0.2541
vn 0.8286 -0.4268 0.3624
vn 0.8918 -0.4421 0.0963
vn 0.9274 -0.2503 0.2779
vn 0.9342 -0.1777 -0.3095
vn 0.9625 -0.1348 -0.2353
vn 0.4276 -0.7947 0.4309
vn 0.6888 -0.7104 0.1446
vn 0.8871 -0.4453 -0.1219
vn 0.9615 -0.2499 -0.1141
vn 0.8977 -0.3863 -0.2119
vn 0.8764 -0.3630 -0.3164
vn 0.8938 -0.2462 -0.3748
vn 0.8659 -0.3715 -0.3350
vn 0.8671 -0.3925 -0.3067
vn 0.8216 -0.4246 -0.3803
vn 0.8462 -0.3130 -0.4313
vn 0.8739 -0.2883 -0.3915
vn 0.7253 -0.4633 -0.5092
vn 0.7170 -0.6288 -0.3008
vn 0.4592 -0.8249 -0.3298
vn 0.8916 -0.3670 -0.2654
vn 0.8708 -0.3020 -0.3879
vn 0.9312 -0.2598 -0.2558
vn 0.9014 -0.2905 -0.3210
vn 0.6960 -0.7111 -0.0999
vn 0.4073 -0.8955 0.1795
vn 0.1939 -0.9621 0.1918
vn 0.2082 -0.9755 -0.0714
vn 0.4297 -0.8998 -0.0761
vn 0.8181 -0.2517 -0.5171
vn 0.7206 -0.3494 -0.5988
vn 0.4797 -0.6454 -0.5944
vn 0.2275 -0.9112 -0.3435
vn -0.0000 -0.9972 -0.0748
vn 0.8021 -0.2294 -0.5514
vn 0.6725 -0.2846 -0.6831
vn 0.4814 -0.4285 -0.7646
vn 0.2436 -0.7335 -0.6346
vn -0.0000 -0.9372 -0.3488
vn -0.2275 -0.9112 -0.3435
vn -0.4596 -0.8246 -0.3298
vn -0.7182 -0.6276 -0.3007
vn -0.0000 -0.7659 -0.6430
vn 0.4952 -0.3145 -0.8099
vn 0.2479 -0.4819 -0.8404
vn -0.0000 -0.4971 -0.8677
vn -0.2436 -0.7335 -0.6346
vn -0.4803 -0.6451 -0.5943
vn -0.7266 -0.4617 -0.5088
vn 0.6696 -0.2656 -0.6937
vn 0.4884 -0.2808 -0.8262
vn 0.2945 -0.3452 -0.8911
vn -0.0000 -0.3323 -0.9432
vn -0.2481 -0.4819 -0.8404
vn -0.4822 -0.4280 -0.7644
vn -0.7222 -0.3477 -0.5980
vn -0.8724 -0.2988 -0.3867
vn -0.9324 -0.2556 -0.2555
vn -0.2950 -0.3452 -0.8910
vn -0.1326 -0.2952 -0.9462
vn -0.0000 -0.2574 -0.9663
vn 0.1325 -0.2953 -0.9462
vn 0.2933 -0.2845 -0.9127
vn -0.9031 -0.2869 -0.3194
vn -0.8677 -0.3685 -0.3335
vn -0.8759 -0.2854 -0.3891
vn -0.8201 -0.2494 -0.5151
vn -0.9345 -0.1757 -0.3095
vn -0.8778 -0.3603 -0.3157
vn -0.8949 -0.2436 -0.3738
vn -0.8688 -0.3899 -0.3051
vn -0.8238 -0.4221 -0.3784
vn -0.8483 -0.3105 -0.4290
vn -0.8042 -0.2275 -0.5492
vn -0.6744 -0.2832 -0.6819
vn -0.4963 -0.3139 -0.8094
vn -0.6715 -0.2644 -0.6923
vn -0.4896 -0.2803 -0.8257
vn -0.2938 -0.2844 -0.9126
vn 0.9602 0.1804 0.2130
vn 0.9709 0.2018 0.1289
vn 0.9802 0.1894 0.0578
vn 0.9841 0.1703 0.0515
vn 0.9844 0.1743 -0.0250
vn 0.9824 0.1842 -0.0308
vn 0.9710 0.1967 -0.1361
vn 0.9757 0.2082 -0.0675
vn 0.9608 0.2044 -0.1874
vn 0.9247 0.1577 -0.3464
vn 0.9413 0.1790 -0.2861
vn 0.8890 0.1515 -0.4321
vn 0.8671 0.3899 0.3101
vn 0.8787 0.3261 0.3487
vn 0.8527 0.3790 0.3595
vn 0.9048 0.2290 0.3591
vn 0.9237 0.2619 0.2795
vn 0.9640 0.2219 0.1462
vn 0.9735 0.2227 0.0526
vn 0.9768 0.2053 -0.0608
vn 0.9457 0.1518 -0.2873
vn 0.8032 0.1634 -0.5729
vn 0.7831 0.1342 -0.6072
vn 0.7518 0.1304 -0.6464
vn 0.7351 0.1485 -0.6615
vn 0.6768 0.0938 -0.7302
vn 0.8490 0.4543 0.2700
vn 0.8792 0.3849 0.2809
vn 0.9500 0.2940 0.1053
vn 0.9397 0.2557 -0.2270
vn 0.9596 0.2783 -0.0428
vn 0.8607 0.4899 0.1388
vn 0.8899 0.4220 0.1732
vn 0.9477 0.2532 0.1946
vn 0.9276 0.2467 0.2807
vn 0.8805 0.3685 0.2983
vn 0.7422 0.5904 0.3171
vn 0.7185 0.6652 0.2034
vn 0.5096 0.8412 0.1807
vn 0.8776 0.4213 0.2286
vn 0.9660 0.2452 0.0815
vn 0.9093 0.4137 0.0461
vn 0.8804 0.4731 -0.0330
vn 0.8766 0.4248 -0.2261
vn 0.8240 0.3223 -0.4661
vn 0.8178 0.1656 -0.5511
vn 0.7956 0.1026 -0.5970
vn 0.8597 0.1515 -0.4879
vn 0.7919 0.0652 -0.6071
vn 0.4606 0.8516 -0.2505
vn 0.6923 0.6873 -0.2200
vn 0.6683 0.6512 -0.3597
vn 0.4693 0.8729 -0.1334
vn 0.7102 0.6965 -0.1019
vn 0.4883 0.8723 0.0266
vn 0.7192 0.6922 0.0593
vn 0.9006 0.4271 0.0810
vn 0.9693 0.2440 -0.0309
vn 0.9175 0.3941 -0.0531
vn 0.9154 0.3728 -0.1517
vn 0.9150 0.2449 -0.3207
vn 0.8636 0.1529 -0.4805
vn 0.9574 0.2433 -0.1557
vn 0.8788 0.4283 -0.2106
vn 0.8985 0.4361 -0.0503
vn 0.8448 0.4014 -0.3537
vn 0.9313 0.2511 -0.2640
vn 0.6517 0.5820 -0.4864
vn 0.7856 0.3397 -0.5172
vn 0.9059 0.2280 -0.3569
vn 0.4491 0.7937 -0.4102
vn 0.2574 0.9311 -0.2583
vn 0.6958 0.2016 -0.6894
vn 0.5852 0.4591 -0.6685
vn 0.4431 0.6910 -0.5711
vn 0.2585 0.8663 -0.4274
vn 0.1285 0.8950 -0.4271
vn 0.2667 0.7528 -0.6018
vn 0.4108 0.5200 -0.7489
vn 0.7247 0.0299 -0.6884
vn 0.6097 0.0842 -0.7882
vn 0.4971 0.2697 -0.8247
vn 0.3536 0.2894 -0.8895
vn 0.2598 0.5584 -0.7878
vn 0.1385 0.7769 -0.6141
vn -0.0000 0.7859 -0.6184
vn 0.1390 0.5744 -0.8067
vn -0.0000 0.5760 -0.8175
vn -0.0000 0.3179 -0.9481
vn -0.1390 0.5744 -0.8067
vn -0.2013 0.3005 -0.9323
vn -0.1385 0.7769 -0.6141
vn -0.2598 0.5584 -0.7878
vn 0.2013 0.3005 -0.9323
vn 0.3929 0.1079 -0.9133
vn 0.5553 0.0437 -0.8305
vn 0.5213 0.1041 -0.8470
vn 0.2235 0.1253 -0.9666
vn -0.0000 0.1380 -0.9904
vn -0.2235 0.1253 -0.9666
vn -0.3929 0.1079 -0.9133
vn -0.6096 0.0842 -0.7882
vn -0.5553 0.0437 -0.8305
vn -0.7241 0.0300 -0.6890
vn -0.3617 0.0536 -0.9307
vn -0.2058 0.0488 -0.9774
vn -0.0000 0.0367 -0.9993
vn 0.2058 0.0488 -0.9774
vn 0.3617 0.0536 -0.9307
vn 0.3303 0.0925 -0.9393
vn 0.1732 0.0703 -0.9824
vn -0.0000 0.0455 -0.9990
vn -0.1732 0.0703 -0.9824
vn -0.3303 0.0925 -0.9393
vn -0.5213 0.1040 -0.8470
vn -0.6764 0.0937 -0.7305
vn -0.7508 0.1300 -0.6476
vn 0.6597 0.1318 -0.7399
vn 0.4978 0.1381 -0.8562
vn 0.3167 0.1196 -0.9410
vn 0.1592 0.0925 -0.9829
vn -0.0000 0.0663 -0.9978
vn -0.1592 0.0926 -0.9829
vn -0.3166 0.1196 -0.9410
vn -0.4978 0.1381 -0.8562
vn -0.6595 0.1318 -0.7401
vn -0.7344 0.1481 -0.6624
vn -0.7818 0.1336 -0.6091
vn -0.8018 0.1628 -0.5750
vn -0.8877 0.1506 -0.4352
vn -0.9235 0.1570 -0.3500
vn -0.9403 0.1780 -0.2900
vn -0.9602 0.2033 -0.1917
vn -0.9705 0.1961 -0.1405
vn -0.9757 0.2072 -0.0716
vn -0.9845 0.1731 -0.0288
vn -0.9824 0.1836 -0.0345
vn -0.9804 0.1892 0.0551
vn -0.9733 0.2240 0.0501
vn -0.9639 0.2231 0.1451
vn -0.9231 0.2642 0.2793
vn -0.9603 0.1811 0.2124
vn -0.9041 0.2309 0.3596
vn -0.8513 0.3815 0.3601
vn -0.9844 0.1693 0.0486
vn -0.9711 0.2017 0.1272
vn -0.3536 0.2894 -0.8895
vn -0.4971 0.2697 -0.8247
vn -0.6956 0.2017 -0.6895
vn -0.7912 0.0654 -0.6080
vn -0.7944 0.1026 -0.5986
vn -0.8162 0.1656 -0.5535
vn -0.9445 0.1520 -0.2912
vn -0.9764 0.2061 -0.0647
vn -0.8224 0.3226 -0.4686
vn -0.8584 0.1519 -0.4901
vn -0.8628 0.1535 -0.4817
vn -0.7852 0.3400 -0.5175
vn -0.5852 0.4590 -0.6685
vn -0.6516 0.5821 -0.4864
vn -0.4431 0.6910 -0.5711
vn -0.4497 0.7931 -0.4107
vn -0.2580 0.8662 -0.4279
vn -0.4619 0.8512 -0.2491
vn -0.2569 0.9314 -0.2578
vn -0.4699 0.8725 -0.1341
vn -0.2561 0.9558 -0.1445
vn -0.2715 0.9624 0.0014
vn -0.1158 0.9828 -0.1439
vn -0.8752 0.4260 -0.2293
vn -0.6681 0.6513 -0.3598
vn -0.6915 0.6882 -0.2196
vn -0.8442 0.4021 -0.3545
vn -0.8779 0.4295 -0.2117
vn -0.8975 0.4381 -0.0514
vn -0.7092 0.6975 -0.1028
vn -0.9137 0.2461 -0.3235
vn -0.9051 0.2289 -0.3584
vn -0.9303 0.2525 -0.2660
vn -0.9565 0.2454 -0.1580
vn -0.9684 0.2471 -0.0332
vn -0.8994 0.4297 0.0800
vn -0.7185 0.6930 0.0589
vn -0.4882 0.8723 0.0266
vn -0.9141 0.3747 -0.1549
vn -0.9162 0.3967 -0.0562
vn -0.0000 0.9999 -0.0135
vn -0.1259 0.9920 -0.0124
vn -0.1446 0.9753 0.1668
vn -0.2956 0.9401 0.1696
vn -0.5094 0.8414 0.1807
vn -0.7176 0.6662 0.2033
vn -0.8764 0.4241 0.2283
vn -0.9651 0.2493 0.0799
vn -0.9080 0.4167 0.0440
vn -0.8792 0.4751 -0.0357
vn -0.3015 0.9008 0.3125
vn -0.5238 0.8034 0.2833
vn -0.7412 0.5916 0.3173
vn -0.8790 0.3716 0.2989
vn -0.9466 0.2575 0.1941
vn -0.8884 0.4255 0.1724
vn -0.8595 0.4924 0.1374
vn -0.9588 0.2804 -0.0462
vn -0.9385 0.2567 -0.2308
vn -0.5211 0.7387 0.4274
vn -0.7314 0.4521 0.5106
vn -0.9494 0.2966 0.1034
vn -0.8477 0.4569 0.2696
vn -0.8775 0.3883 0.2813
vn -0.9262 0.2508 0.2814
vn -0.8730 0.2821 0.3979
vn -0.7405 0.3432 0.5778
vn -0.5247 0.6122 0.5915
vn -0.3066 0.8369 0.4534
vn -0.1436 0.9348 0.3248
vn -0.0000 0.9855 0.1699
vn 0.1446 0.9753 0.1668
vn -0.8449 0.3089 0.4367
vn -0.9029 0.2683 0.3359
vn -0.8653 0.3488 0.3599
vn -0.8652 0.3929 0.3116
vn -0.8774 0.3284 0.3498
vn -0.8526 0.4495 0.2666
vn -0.8186 0.4726 0.3263
vn -0.8539 0.3590 0.3768
vn -0.8162 0.3219 0.4798
vn -0.7279 0.3084 0.6124
vn -0.5382 0.4454 0.7155
vn -0.3138 0.7087 0.6319
vn -0.1422 0.8727 0.4671
vn -0.0000 0.9431 0.3326
vn -0.3264 0.5044 0.7994
vn -0.5226 0.3242 0.7885
vn -0.3186 0.3364 0.8862
vn -0.6897 0.2836 0.6662
vn -0.5007 0.2705 0.8223
vn -0.3060 0.2699 0.9130
vn -0.6728 0.2623 0.6917
vn -0.4867 0.2420 0.8394
vn -0.7959 0.2915 0.5306
vn 0.5389 0.4450 0.7152
vn 0.5251 0.6119 0.5914
vn 0.3138 0.7087 0.6319
vn 0.3066 0.8369 0.4534
vn 0.1422 0.8727 0.4671
vn 0.1436 0.9348 0.3248
vn -0.0000 0.8808 0.4734
vn -0.1404 0.7454 0.6517
vn -0.1392 0.5312 0.8358
vn -0.1443 0.3408 0.9290
vn -0.1409 0.2700 0.9525
vn -0.2998 0.2421 0.9228
vn -0.0000 0.2704 0.9628
vn -0.1369 0.2482 0.9590
vn 0.1404 0.7454 0.6517
vn -0.0000 0.7523 0.6588
vn -0.0000 0.5372 0.8434
vn 0.1392 0.5312 0.8358
vn 0.3265 0.5043 0.7994
vn 0.5236 0.3237 0.7881
vn 0.7296 0.3069 0.6112
vn 0.6915 0.2823 0.6649
vn 0.8183 0.3199 0.4776
vn 0.5017 0.2700 0.8218
vn 0.3189 0.3363 0.8861
vn 0.1443 0.3408 0.9290
vn -0.0000 0.3446 0.9387
vn 0.3064 0.2698 0.9129
vn 0.1409 0.2700 0.9525
vn -0.0000 0.2528 0.9675
vn 0.1369 0.2482 0.9590
vn 0.3002 0.2420 0.9227
vn 0.4877 0.2416 0.8389
vn 0.6746 0.2612 0.6904
vn 0.7980 0.2898 0.5283
vn 0.8559 0.3566 0.3745
vn 0.8673 0.3461 0.3577
vn 0.8468 0.3064 0.4347
vn 0.7419 0.3416 0.5770
vn 0.3015 0.9008 0.3125
vn 0.5215 0.7385 0.4274
vn 0.7325 0.4506 0.5102
vn 0.8746 0.2791 0.3965
vn 0.9045 0.2648 0.3342
vn 0.8209 0.4700 0.3243
vn 0.8543 0.4471 0.2650
vn -0.0000 0.9902 -0.1394
vn 0.1259 0.9920 -0.0124
vn 0.2956 0.9401 0.1696
vn 0.5240 0.8032 0.2833
vn 0.2715 0.9624 0.0014
vn 0.1158 0.9828 -0.1439
vn -0.0000 0.9687 -0.2482
vn -0.1205 0.9588 -0.2573
vn -0.1285 0.8950 -0.4271
vn -0.2667 0.7528 -0.6018
vn -0.4108 0.5200 -0.7489
vn -0.0000 0.9070 -0.4210
vn 0.1205 0.9588 -0.2573
vn 0.2561 0.9558 -0.1445
vn -0.1383 -0.9330 0.3322
vn -0.1559 -0.9170 0.3671
vn -0.0827 -0.8110 0.5792
vn -0.0679 -0.8370 0.5430
vn -0.0184 -0.6373 0.7704
vn -0.0191 -0.6611 0.7501
vn -0.0165 -0.5504 0.8348
vn 0.0075 -0.5755 0.8178
vn 0.0546 -0.7498 0.6594
vn 0.0769 -0.7774 0.6243
vn -0.0411 -0.8800 0.4732
vn -0.0517 -0.8810 0.4703
vn -0.1506 -0.9348 0.3217
vn -0.1788 -0.9318 0.3159
vn -0.1374 -0.9615 0.2381
vn -0.1264 -0.9572 0.2605
vn -0.0787 -0.9807 0.1789
vn -0.0641 -0.9864 0.1516
vn -0.0305 -0.9922 0.1213
vn -0.0303 -0.9932 0.1122
vn -0.0005 -0.9950 0.1002
vn 0.0039 -0.9950 0.1001
vn 0.0071 -0.9961 0.0877
vn 0.0060 -0.9962 0.0867
vn 0.0157 -0.9967 0.0798
vn 0.0181 -0.9965 0.0811
vn 0.0568 -0.9947 -0.0855
vn 0.0580 -0.9936 -0.0969
vn 0.0204 -0.9982 -0.0563
vn 0.0206 -0.9988 -0.0451
vn -0.0010 -0.9996 -0.0283
vn 0.0008 -0.9998 -0.0214
vn -0.0000 -0.9999 -0.0101
vn -0.0000 -1.0000 -0.0050
vn -0.0008 -0.9998 -0.0214
vn 0.0010 -0.9996 -0.0283
vn -0.0206 -0.9988 -0.0451
vn -0.0204 -0.9982 -0.0563
vn -0.0568 -0.9947 -0.0855
vn -0.0580 -0.9936 -0.0969
vn -0.0855 -0.9925 -0.0870
vn -0.0931 -0.9913 -0.0926
vn -0.0640 -0.9958 -0.0648
vn -0.0613 -0.9961 -0.0636
vn -0.0906 -0.9948 -0.0458
vn -0.0955 -0.9945 -0.0436
vn -0.1148 -0.9934 -0.0019
vn -0.1176 -0.9930 -0.0111
vn -0.1447 -0.9894 0.0078
vn -0.1436 -0.9896 -0.0029
vn -0.1747 -0.9833 0.0510
vn -0.1786 -0.9824 0.0545
vn -0.1838 -0.9780 0.0989
vn -0.1892 -0.9766 0.1019
vn -0.1770 -0.9664 0.1866
vn -0.1672 -0.9709 0.1713
vn 0.1671 -0.9709 0.1717
vn 0.1770 -0.9662 0.1875
vn 0.1838 -0.9779 0.0997
vn 0.1892 -0.9766 0.1028
vn 0.1747 -0.9833 0.0518
vn 0.1785 -0.9824 0.0552
vn 0.1446 -0.9895 0.0084
vn 0.1436 -0.9896 -0.0022
vn 0.1176 -0.9930 -0.0106
vn 0.1147 -0.9934 -0.0015
vn 0.0906 -0.9948 -0.0455
vn 0.0955 -0.9945 -0.0433
vn 0.0613 -0.9961 -0.0634
vn 0.0641 -0.9958 -0.0647
vn 0.0855 -0.9925 -0.0869
vn 0.0931 -0.9913 -0.0925
vn -0.4485 -0.0138 -0.8937
vn -0.3904 -0.3616 -0.8467
vn -0.6127 -0.4482 -0.6510
vn -0.3849 -0.7499 -0.5380
vn -0.7244 -0.6656 -0.1795
vn -0.5392 -0.8369 -0.0943
vn -0.9271 -0.3678 0.0724
vn -0.7406 -0.6551 0.1497
vn -0.9195 -0.1833 0.3477
vn -0.9712 0.2043 -0.1226
vn -0.9556 0.1660 0.2436
vn -0.8155 0.5197 -0.2547
vn -0.7176 0.1069 -0.6882
vn -0.6609 0.4582 -0.5943
vn 0.8773 -0.1363 0.4602
vn 0.9715 -0.1954 0.1342
vn 0.9745 -0.1878 0.1229
vn 0.8645 -0.1520 0.4791
vn 0.7409 -0.1223 0.6604
vn -0.0000 -0.0349 0.9994
vn 0.1103 -0.0528 0.9925
vn 0.3223 -0.0641 0.9444
vn 0.6135 -0.0989 0.7835
vn 0.9128 -0.3876 0.1285
vn 0.9806 -0.1935 -0.0322
vn 0.9857 -0.1328 -0.1034
vn 0.9696 -0.1644 -0.1812
vn -0.2978 -0.0912 0.9503
vn -0.1369 -0.1864 0.9729
vn -0.0000 -0.2208 0.9753
vn 0.1369 -0.1864 0.9729
vn 0.2978 -0.0912 0.9503
vn 0.5067 -0.1308 0.8521
vn 0.6870 -0.1219 0.7164
vn 0.7201 -0.1214 0.6832
vn 0.7795 -0.1503 0.6081
vn 0.8982 -0.1163 0.4239
vn 0.9250 -0.2487 0.2872
vn 0.9434 -0.2378 0.2312
vn 0.9825 -0.1732 0.0688
vn 0.9852 -0.1705 -0.0191
vn 0.9864 -0.1150 -0.1174
vn 0.9773 -0.1143 -0.1786
vn 0.7166 0.1044 -0.6896
vn 0.9715 0.2016 -0.1245
vn 0.6108 -0.4499 -0.6516
vn 0.9259 -0.3711 0.0705
vn 0.7224 -0.6675 -0.1806
vn 0.4476 -0.0162 -0.8941
vn 0.6606 0.4561 -0.5963
vn 0.8160 0.5178 -0.2570
vn 0.9565 0.1627 0.2422
vn 0.9193 -0.1871 0.3461
vn 0.7387 -0.6577 0.1476
vn 0.5371 -0.8380 -0.0960
vn 0.3836 -0.7504 -0.5384
vn 0.3891 -0.3633 -0.8465
vn 0.5036 -0.0253 0.8635
vn 0.6995 -0.3451 0.6258
vn 0.8855 -0.4092 0.2200
vn 0.9704 -0.1750 -0.1663
vn 0.9094 0.2435 -0.3372
vn 0.3845 0.4040 0.8300
vn 0.3990 0.7444 0.5354
vn 0.7387 0.6373 -0.2198
vn 0.5398 0.8331 0.1210
vn -0.1173 0.3753 0.9195
vn 0.0420 -0.2465 0.9682
vn -0.0915 0.8620 0.4986
vn 0.1055 0.9898 -0.0962
vn 0.3845 0.7074 -0.5931
vn 0.6242 0.1365 -0.7692
vn 0.7079 -0.4712 -0.5262
vn 0.5833 -0.8117 0.0316
vn 0.3166 -0.7161 0.6221
vn -0.8860 -0.4071 0.2221
vn -0.6991 -0.3429 0.6275
vn -0.5027 -0.0238 0.8641
vn -0.9711 -0.1723 -0.1652
vn -0.9090 0.2468 -0.3360
vn -0.3829 0.4047 0.8304
vn -0.3971 0.7453 0.5356
vn -0.7373 0.6394 -0.2183
vn -0.5381 0.8341 0.1216
vn 0.1173 0.3757 0.9193
vn 0.0914 0.8619 0.4987
vn -0.1050 0.9899 -0.0952
vn -0.3835 0.7092 -0.5916
vn -0.6241 0.1396 -0.7688
vn -0.7091 -0.4694 -0.5261
vn -0.5840 -0.8111 0.0331
vn -0.3162 -0.7150 0.6236
vn -0.0416 -0.2454 0.9685
vn 0.7234 0.6727 -0.1556
vn 0.7018 0.6695 -0.2434
vn 0.7117 0.6311 -0.3084
vn 0.7228 0.6745 -0.1506
vn 0.8294 0.5571 0.0413
vn 0.8157 0.5771 0.0392
vn 0.9060 0.3406 0.2514
vn 0.9105 0.2966 0.2883
vn 0.8786 0.1157 0.4634
vn 0.8727 0.0779 0.4819
vn 0.8039 -0.0889 0.5881
vn 0.7973 -0.0469 0.6018
vn 0.6350 -0.3692 0.6785
vn 0.7119 -0.2609 0.6520
vn 0.4356 -0.6459 0.6270
vn 0.2905 -0.7359 0.6116
vn 0.0677 -0.9256 0.3724
vn 0.0235 -0.9401 0.3400
vn -0.0410 -0.9907 0.1299
vn -0.0561 -0.9879 0.1447
vn 0.0268 -0.9996 0.0046
vn 0.0510 -0.9986 -0.0155
vn 0.0693 -0.9814 -0.1789
vn 0.0591 -0.9789 -0.1958
vn 0.1214 -0.8065 -0.5787
vn 0.1456 -0.8109 -0.5667
vn 0.1941 -0.4701 -0.8610
vn 0.1700 -0.4662 -0.8682
vn 0.2387 -0.1828 -0.9537
vn 0.2392 -0.1580 -0.9580
vn 0.2808 0.0811 -0.9563
vn 0.3055 0.1014 -0.9468
vn 0.4460 0.3874 -0.8068
vn 0.4859 0.4148 -0.7693
vn 0.6010 0.6559 -0.4567
vn 0.6038 0.5944 -0.5312
vn 0.8040 0.5665 0.1808
vn 0.8060 0.5596 0.1927
vn 0.9346 0.3288 -0.1357
vn 0.9343 0.3188 -0.1597
vn 0.9417 0.0464 -0.3333
vn 0.9318 -0.0048 -0.3628
vn 0.8923 -0.1856 -0.4115
vn 0.8682 -0.2306 -0.4393
vn 0.7858 -0.4332 -0.4414
vn 0.7512 -0.4819 -0.4511
vn 0.5253 -0.7983 -0.2946
vn 0.5045 -0.8168 -0.2798
vn 0.1874 -0.9822 -0.0140
vn 0.1983 -0.9797 -0.0308
vn 0.0201 -0.9958 0.0892
vn 0.0068 -0.9962 0.0870
vn 0.0142 -0.9941 0.1075
vn 0.0304 -0.9917 0.1250
vn 0.1154 -0.9081 0.4025
vn 0.1026 -0.9295 0.3544
vn 0.2368 -0.5586 0.7949
vn 0.1715 -0.6253 0.7613
vn 0.2786 -0.1300 0.9516
vn 0.2408 -0.1327 0.9615
vn 0.3582 0.0817 0.9300
vn 0.3714 0.0700 0.9258
vn 0.5089 0.2921 0.8097
vn 0.5070 0.3317 0.7955
vn 0.7128 0.5357 0.4527
vn 0.7168 0.5021 0.4838
vn 0.7768 0.5857 0.2313
vn 0.7816 0.5792 0.2314
vn 0.7094 0.6411 0.2928
vn 0.7068 0.6446 0.2915
vn 0.7075 -0.3617 0.6071
vn 0.8272 -0.3624 0.4294
vn 0.8449 -0.3027 0.4410
vn 0.7498 -0.2748 0.6019
vn 0.7480 -0.2744 0.6044
vn 0.7233 -0.2991 0.6223
vn 0.6562 -0.3722 0.6564
vn 0.6509 -0.4247 0.6293
vn 0.6370 -0.4300 0.6398
vn 0.6842 -0.4129 0.6011
vn 0.8036 -0.3964 0.4440
vn 0.9163 -0.3442 0.2048
vn 0.9107 -0.3523 0.2158
vn 0.9266 -0.3402 0.1603
vn 0.9265 -0.3544 0.1267
vn 0.9004 -0.3927 0.1871
vn 0.9106 -0.3467 0.2250
vn 0.9181 -0.3048 0.2532
vn 0.8952 -0.4370 0.0879
vn 0.8798 -0.3905 0.2709
vn 0.8893 -0.4329 0.1473
vn 0.9192 -0.3185 0.2314
vn 0.8995 -0.3415 -0.2727
vn 0.7567 -0.4545 -0.4700
vn 0.8199 -0.2528 -0.5137
vn 0.9619 -0.2671 0.0591
vn 0.9640 -0.2478 -0.0963
vn 0.9348 -0.3182 -0.1578
vn 0.9034 -0.3694 -0.2177
vn 0.9263 -0.3162 -0.2047
vn 0.9178 -0.3304 -0.2203
vn 0.8757 -0.3761 -0.3028
vn 0.8011 -0.4703 -0.3701
vn 0.5925 -0.5762 -0.5629
vn 0.6879 -0.3670 -0.6261
vn 0.7179 -0.2980 -0.6292
vn 0.7098 -0.2675 -0.6516
vn 0.7360 -0.2204 -0.6401
vn 0.8347 -0.1652 -0.5253
vn 0.9146 -0.2641 -0.3062
vn 0.9300 -0.3102 -0.1972
vn 0.9355 -0.3308 -0.1243
vn 0.9583 -0.2856 -0.0020
vn 0.9429 -0.3259 -0.0685
vn 0.9217 -0.3807 -0.0747
vn 0.9059 -0.3923 -0.1599
vn 0.0411 -0.9907 0.1298
vn 0.0562 -0.9879 0.1447
vn -0.0238 -0.9400 0.3404
vn -0.0676 -0.9257 0.3723
vn -0.2914 -0.7349 0.6124
vn -0.4362 -0.6449 0.6276
vn -0.6358 -0.3670 0.6790
vn -0.7124 -0.2584 0.6524
vn -0.7973 -0.0446 0.6019
vn -0.8041 -0.0865 0.5882
vn -0.8783 0.1178 0.4634
vn -0.8725 0.0799 0.4821
vn -0.9099 0.2982 0.2884
vn -0.9054 0.3420 0.2515
vn -0.8288 0.5580 0.0415
vn -0.8152 0.5779 0.0394
vn -0.7229 0.6732 -0.1553
vn -0.7223 0.6750 -0.1504
vn -0.7112 0.6318 -0.3083
vn -0.7012 0.6701 -0.2433
vn -0.6035 0.5949 -0.5309
vn -0.6006 0.6564 -0.4565
vn -0.4460 0.3882 -0.8065
vn -0.4857 0.4156 -0.7690
vn -0.3054 0.1020 -0.9467
vn -0.2810 0.0821 -0.9562
vn -0.2394 -0.1574 -0.9581
vn -0.2390 -0.1817 -0.9539
vn -0.1943 -0.4698 -0.8611
vn -0.1702 -0.4652 -0.8687
vn -0.1216 -0.8057 -0.5797
vn -0.1457 -0.8109 -0.5667
vn -0.0694 -0.9814 -0.1788
vn -0.0592 -0.9788 -0.1963
vn -0.0269 -0.9996 0.0045
vn -0.0511 -0.9986 -0.0155
vn 0.5611 -0.1351 0.8167
vn 0.5566 -0.1272 0.8210
vn 0.6980 -0.2624 0.6663
vn 0.5084 -0.0960 0.8558
vn 0.5101 -0.0951 0.8548
vn 0.3911 0.0839 0.9165
vn 0.4003 0.1084 0.9100
vn 0.1149 0.2892 0.9504
vn 0.0577 0.3157 0.9471
vn -0.0795 0.3882 0.9182
vn -0.3129 -0.8147 0.4883
vn -0.3445 -0.7893 0.5082
vn -0.5263 -0.5871 0.6151
vn -0.0883 -0.9164 0.3905
vn -0.0736 -0.9255 0.3715
vn 0.0722 -0.9441 0.3215
vn 0.0693 -0.9424 0.3272
vn -0.0000 -0.9408 0.3389
vn -0.0000 -0.9380 0.3465
vn -0.0693 -0.9424 0.3272
vn -0.0722 -0.9441 0.3215
vn 0.0736 -0.9255 0.3715
vn 0.0883 -0.9164 0.3905
vn 0.3129 -0.8147 0.4883
vn 0.3445 -0.7893 0.5082
vn 0.5263 -0.5871 0.6151
vn 0.5341 -0.5938 0.6017
vn 0.7228 -0.2529 0.6432
vn -0.0749 0.3816 0.9213
vn -0.0000 0.3589 0.9334
vn -0.0000 0.3505 0.9366
vn 0.0749 0.3816 0.9213
vn 0.0795 0.3882 0.9182
vn -0.0577 0.3157 0.9471
vn -0.1149 0.2892 0.9504
vn -0.3911 0.0839 0.9165
vn -0.4003 0.1085 0.9100
vn -0.5101 -0.0951 0.8548
vn -0.5084 -0.0960 0.8558
vn -0.5611 -0.1351 0.8167
vn -0.5566 -0.1272 0.8210
vn -0.6980 -0.2624 0.6663
vn -0.7228 -0.2529 0.6432
vn -0.5341 -0.5938 0.6017
vn 0.1365 0.2542 -0.9575
vn 0.1259 0.2833 -0.9507
vn 0.4584 -0.0783 -0.8853
vn -0.0112 0.3151 -0.9490
vn -0.0085 0.3159 -0.9488
vn -0.0000 0.2983 -0.9545
vn 0.0572 -0.9777 -0.2023
vn 0.0472 -0.9753 -0.2156
vn -0.0086 -0.9780 -0.2083
vn -0.0000 -0.9742 -0.2258
vn -0.0000 -0.9709 -0.2395
vn -0.0472 -0.9753 -0.2156
vn -0.0572 -0.9777 -0.2023
vn 0.0087 -0.9780 -0.2083
vn 0.0342 -0.9757 -0.2166
vn 0.2443 -0.9267 -0.2856
vn 0.3079 -0.8906 -0.3348
vn 0.5244 -0.7189 -0.4562
vn 0.5541 -0.6802 -0.4800
vn 0.6526 -0.4904 -0.5776
vn 0.6772 -0.4652 -0.5701
vn 0.6086 -0.3473 -0.7135
vn 0.5929 -0.3600 -0.7203
vn 0.4529 -0.1074 -0.8851
vn -0.2301 -0.5227 -0.8209
vn -0.2110 -0.6510 -0.7291
vn -0.2487 -0.6191 -0.7449
vn -0.3320 -0.5109 -0.7930
vn -0.3831 -0.4011 -0.8321
vn -0.4100 -0.4239 -0.8076
vn -0.3642 -0.4126 -0.8349
vn -0.2982 -0.3863 -0.8729
vn -0.1777 -0.4129 -0.8933
vn -0.0000 -0.5698 -0.8218
vn -0.0000 -0.4197 -0.9077
vn 0.1776 -0.4129 -0.8933
vn 0.2299 -0.5228 -0.8209
vn 0.2978 -0.3864 -0.8729
vn 0.3638 -0.4128 -0.8350
vn 0.4095 -0.4242 -0.8077
vn 0.3827 -0.4015 -0.8321
vn 0.3318 -0.5111 -0.7929
vn 0.2486 -0.6192 -0.7448
vn 0.2110 -0.6510 -0.7291
vn 0.1097 -0.6419 -0.7589
vn -0.0000 -0.6603 -0.7510
vn -0.1097 -0.6419 -0.7589
vn -0.0142 -0.9941 0.1074
vn -0.0305 -0.9917 0.1250
vn -0.0201 -0.9958 0.0892
vn -0.0068 -0.9962 0.0870
vn -0.1983 -0.9797 -0.0309
vn -0.1874 -0.9822 -0.0141
vn -0.5045 -0.8168 -0.2799
vn -0.5254 -0.7982 -0.2946
vn -0.7512 -0.4819 -0.4511
vn -0.7858 -0.4332 -0.4414
vn -0.8682 -0.2306 -0.4393
vn -0.8923 -0.1856 -0.4115
vn -0.9318 -0.0048 -0.3628
vn -0.9417 0.0464 -0.3333
vn -0.9343 0.3188 -0.1597
vn -0.9346 0.3289 -0.1357
vn -0.8040 0.5665 0.1808
vn -0.8060 0.5596 0.1927
vn -0.7068 0.6446 0.2914
vn -0.7094 0.6411 0.2927
vn -0.7766 0.5861 0.2309
vn -0.7815 0.5795 0.2311
vn -0.7169 0.5028 0.4830
vn -0.7127 0.5364 0.4519
vn -0.5093 0.2931 0.8091
vn -0.5072 0.3325 0.7951
vn -0.3586 0.0825 0.9298
vn -0.3719 0.0711 0.9255
vn -0.2791 -0.1289 0.9516
vn -0.2411 -0.1323 0.9614
vn -0.1718 -0.6253 0.7612
vn -0.2374 -0.5578 0.7953
vn -0.1028 -0.9294 0.3544
vn -0.1155 -0.9082 0.4022
vn -0.0819 -0.5121 0.8550
vn -0.1334 -0.4070 0.9036
vn -0.0000 -0.3556 0.9346
vn -0.1740 -0.4282 0.8868
vn -0.1824 -0.5469 0.8171
vn -0.3358 -0.4552 0.8246
vn -0.3805 -0.3252 0.8657
vn -0.4656 -0.2602 0.8459
vn -0.3149 -0.2713 0.9096
vn -0.4496 -0.2287 0.8635
vn -0.3828 -0.2015 0.9016
vn -0.2956 -0.2010 0.9339
vn -0.1503 -0.2782 0.9487
vn 0.1740 -0.4282 0.8868
vn 0.3149 -0.2713 0.9096
vn -0.0000 -0.2968 0.9550
vn 0.1503 -0.2782 0.9487
vn 0.2956 -0.2010 0.9339
vn 0.3828 -0.2015 0.9016
vn 0.4496 -0.2287 0.8635
vn 0.4656 -0.2602 0.8459
vn 0.3805 -0.3252 0.8657
vn 0.3358 -0.4552 0.8246
vn 0.1824 -0.5469 0.8171
vn 0.0819 -0.5121 0.8550
vn 0.1334 -0.4070 0.9036
vn -0.0000 -0.4333 0.9012
vn -0.0000 0.2905 -0.9569
vn 0.0112 0.3151 -0.9490
vn 0.0085 0.3159 -0.9488
vn -0.1259 0.2834 -0.9507
vn -0.1365 0.2542 -0.9575
vn -0.4583 -0.0781 -0.8854
vn -0.4527 -0.1071 -0.8852
vn -0.6086 -0.3468 -0.7137
vn -0.5930 -0.3596 -0.7205
vn -0.6528 -0.4901 -0.5776
vn -0.6774 -0.4647 -0.5702
vn -0.5541 -0.6802 -0.4799
vn -0.5244 -0.7190 -0.4562
vn -0.3077 -0.8907 -0.3346
vn -0.2442 -0.9267 -0.2855
vn -0.0341 -0.9757 -0.2165
vn -0.3845 -0.9165 -0.1107
vn -0.6654 -0.7348 -0.1315
vn -0.5617 -0.7911 -0.2422
vn -0.6627 -0.7443 -0.0826
vn -0.6413 -0.7669 -0.0247
vn -0.5846 -0.8056 0.0961
vn -0.3556 -0.8940 0.2726
vn -0.5842 -0.7617 0.2803
vn -0.5088 -0.7454 0.4308
vn -0.3636 -0.7869 0.4986
vn -0.1708 -0.8667 0.4687
vn -0.0000 -0.9627 0.2707
vn -0.0000 -0.8888 0.4583
vn 0.1708 -0.8667 0.4687
vn 0.3556 -0.8940 0.2726
vn 0.3636 -0.7869 0.4986
vn 0.5088 -0.7454 0.4308
vn 0.5842 -0.7616 0.2803
vn 0.5845 -0.8057 0.0961
vn -0.0000 -0.9952 -0.0983
vn 0.3843 -0.9165 -0.1106
vn 0.6409 -0.7672 -0.0244
vn 0.6624 -0.7446 -0.0824
vn 0.6651 -0.7351 -0.1315
vn 0.5614 -0.7913 -0.2422
vn 0.4188 -0.8486 -0.3232
vn 0.2571 -0.9240 -0.2829
vn 0.1965 -0.9506 -0.2403
vn -0.0000 -0.9660 -0.2586
vn -0.1965 -0.9506 -0.2403
vn -0.2571 -0.9240 -0.2829
vn -0.4189 -0.8486 -0.3232
vn -0.9172 -0.3426 0.2033
vn -0.8966 -0.4344 0.0861
vn -0.9275 -0.3383 0.1591
vn -0.6509 -0.4247 0.6293
vn -0.7077 -0.3616 0.6069
vn -0.6370 -0.4300 0.6398
vn -0.6843 -0.4128 0.6011
vn -0.8279 -0.3619 0.4286
vn -0.8040 -0.3960 0.4437
vn -0.9113 -0.3510 0.2153
vn -0.9272 -0.3528 0.1259
vn -0.9014 -0.3909 0.1860
vn -0.9118 -0.3443 0.2238
vn -0.9194 -0.3023 0.2515
vn -0.8817 -0.3879 0.2687
vn -0.8908 -0.4306 0.1449
vn -0.9204 -0.3168 0.2292
vn -0.8458 -0.3022 0.4397
vn -0.7504 -0.2747 0.6012
vn -0.7482 -0.2743 0.6042
vn -0.7233 -0.2991 0.6223
vn -0.6562 -0.3722 0.6564
vn -0.9008 -0.3382 -0.2723
vn -0.8215 -0.2499 -0.5126
vn -0.7582 -0.4525 -0.4695
vn -0.9628 -0.2641 0.0579
vn -0.9356 -0.3152 -0.1590
vn -0.9647 -0.2449 -0.0973
vn -0.9043 -0.3666 -0.2187
vn -0.9275 -0.3126 -0.2052
vn -0.9188 -0.3272 -0.2208
vn -0.8770 -0.3732 -0.3026
vn -0.8027 -0.4680 -0.3697
vn -0.5938 -0.5750 -0.5628
vn -0.6893 -0.3651 -0.6257
vn -0.7195 -0.2957 -0.6284
vn -0.7115 -0.2653 -0.6507
vn -0.7377 -0.2178 -0.6390
vn -0.8362 -0.1621 -0.5239
vn -0.9159 -0.2603 -0.3055
vn -0.9312 -0.3061 -0.1976
vn -0.9366 -0.3270 -0.1257
vn -0.9594 -0.2821 -0.0036
vn -0.9440 -0.3223 -0.0702
vn -0.9231 -0.3769 -0.0764
vn -0.9073 -0.3884 -0.1612
vn -0.8915 0.3668 -0.2660
vn -0.8489 0.4421 -0.2896
vn -0.8979 0.3572 -0.2572
vn -0.8854 0.3662 -0.2863
vn -0.7818 0.4639 -0.4167
vn -0.7375 0.4909 -0.4638
vn -0.8212 0.4179 -0.3886
vn -0.8280 0.3656 -0.4251
vn -0.8301 0.4601 -0.3149
vn -0.7896 0.5020 -0.3530
vn -0.7658 0.5149 -0.3853
vn -0.7642 0.5032 -0.4035
vn -0.7582 0.5175 -0.3967
vn -0.7893 0.5192 -0.3277
vn 0.7527 -0.5146 0.4106
vn 0.7170 -0.5577 0.4182
vn 0.7636 -0.5290 0.3703
vn 0.7467 -0.5054 0.4324
vn 0.7981 -0.5166 0.3101
vn 0.8036 -0.5514 0.2241
vn 0.8281 -0.4698 0.3060
vn 0.8570 -0.3984 0.3268
vn 0.8296 -0.4457 0.3362
vn 0.8544 -0.4187 0.3079
vn 0.8934 -0.3671 0.2588
vn 0.9063 -0.3682 0.2075
vn 0.8948 -0.3758 0.2412
vn 0.8888 -0.2923 0.3529
vn -0.3258 0.4656 0.8228
vn -0.3142 0.4625 0.8291
vn -0.1284 0.6161 0.7771
vn -0.2466 0.4891 0.8366
vn 0.0577 0.7452 0.6643
vn 0.1819 0.7894 0.5864
vn 0.5576 0.8010 -0.2180
vn 0.5561 0.7963 -0.2381
vn 0.4132 -0.0293 -0.9102
vn 0.4039 -0.0449 -0.9137
vn 0.0255 -0.6131 -0.7896
vn 0.0168 -0.6395 -0.7686
vn 0.0216 -0.6915 -0.7221
vn -0.1198 -0.7683 -0.6287
vn 0.3054 -0.3748 -0.8753
vn 0.3320 -0.3431 -0.8787
vn 0.4601 0.0460 -0.8867
vn 0.3846 0.0089 -0.9230
vn 0.3832 -0.0393 -0.9228
vn 0.3946 -0.0534 -0.9173
vn 0.1566 -0.6904 -0.7063
vn 0.1627 -0.6999 -0.6955
vn -0.3366 -0.9113 0.2371
vn -0.2882 -0.9419 0.1726
vn -0.4862 -0.3273 0.8102
vn -0.4832 -0.2340 0.8437
vn -0.4249 0.1834 0.8864
vn -0.3912 0.1348 0.9104
vn 0.3757 -0.1195 -0.9190
vn 0.3660 -0.1187 -0.9230
vn 0.3310 -0.1078 -0.9374
vn 0.2168 -0.0728 -0.9735
vn 0.2193 -0.0709 -0.9731
vn 0.2192 -0.0655 -0.9735
vn 0.2268 -0.0510 -0.9726
vn 0.2404 -0.0388 -0.9699
vn 0.2653 -0.0105 -0.9641
vn 0.2848 -0.0144 -0.9585
vn 0.2687 -0.0054 -0.9632
vn 0.2347 -0.0351 -0.9714
vn 0.3649 -0.1613 -0.9170
vn 0.3852 -0.1251 -0.9143
vn -0.7384 -0.0737 0.6703
vn -0.7373 -0.0719 0.6717
vn -0.7377 -0.0731 0.6712
vn -0.7180 -0.0060 0.6960
vn -0.7298 -0.0243 0.6832
vn -0.7065 0.0333 0.7069
vn -0.7274 -0.0001 0.6862
vn 0.6291 -0.4692 0.6197
vn 0.6292 -0.4692 0.6196
vn 0.6292 -0.4692 0.6197
vn -0.3292 -0.8991 -0.2886
vn -0.3291 -0.8991 -0.2888
vn -0.3297 -0.8991 -0.2879
vn -0.3298 -0.8991 -0.2877
vn -0.6946 0.0886 0.7139
vn -0.6944 0.0912 0.7138
vn -0.6945 0.0902 0.7139
vn -0.6947 0.0876 0.7140
vn -0.6282 0.4661 -0.6230
vn -0.6287 0.4665 -0.6222
vn -0.6285 0.4664 -0.6225
vn -0.6280 0.4659 -0.6233
vn -0.6566 0.1229 0.7442
vn -0.6066 0.0722 0.7918
vn -0.6940 0.0245 0.7195
vn -0.6407 0.1433 0.7543
vn -0.2195 0.6842 0.6955
vn -0.2311 0.6722 0.7034
vn 0.5604 0.8280 0.0207
vn 0.5815 0.8135 -0.0120
vn 0.7197 0.0378 -0.6933
vn 0.7197 0.0346 -0.6934
vn 0.5027 -0.3262 -0.8006
vn 0.5670 -0.2862 -0.7724
vn 0.5732 -0.0781 -0.8157
vn 0.4188 -0.1900 -0.8880
vn 0.3880 -0.1242 -0.9133
vn 0.2825 -0.2047 -0.9372
vn 0.0050 -0.6054 -0.7959
vn -0.0015 -0.6139 -0.7893
vn -0.5052 -0.8607 0.0635
vn -0.5102 -0.8562 0.0808
vn -0.4496 -0.1316 0.8835
vn -0.4545 -0.1377 0.8801
vn -0.2062 0.3363 0.9189
vn -0.3315 0.2847 0.8995
vn -0.3789 0.1180 0.9179
vn -0.4013 0.1248 0.9074
vn -0.3226 0.0701 0.9439
vn -0.2183 0.0762 0.9729
vn -0.2179 0.0761 0.9730
vn -0.2207 0.0675 0.9730
vn -0.2264 0.0540 0.9725
vn -0.2376 0.0445 0.9703
vn -0.2680 0.0083 0.9634
vn -0.2854 0.0199 0.9582
vn -0.2806 0.0349 0.9592
vn -0.3525 0.0986 0.9306
vn -0.3810 0.1107 0.9179
vn -0.3820 0.1071 0.9179
vn -0.8851 -0.1347 -0.4455
vn -0.8855 -0.1333 -0.4451
vn -0.8844 -0.1371 -0.4461
vn -0.8840 -0.1385 -0.4465
vn 0.0676 -0.9898 0.1250
vn 0.0674 -0.9899 0.1248
vn 0.0674 -0.9899 0.1249
vn 0.0677 -0.9898 0.1251
vn -0.0660 0.9912 -0.1145
vn -0.0976 0.9826 -0.1583
vn -0.0896 0.9875 -0.1296
vn -0.0608 0.9925 -0.1062
vn -0.0492 0.9902 -0.1308
vn -0.0592 0.9898 -0.1297
vn -0.0854 0.9865 -0.1398
vn -0.1136 0.9852 -0.1285
vn -0.8283 0.4513 -0.3320
vn -0.8280 0.4525 -0.3313
vn -0.8252 0.4573 -0.3315
vn -0.8517 0.4084 -0.3283
vn -0.8504 0.4137 -0.3251
vn -0.8481 0.4003 -0.3470
vn -0.7630 0.4183 -0.4929
vn -0.7042 0.4210 -0.5717
vn -0.6998 0.4033 -0.5895
vn -0.6783 0.4386 -0.5895
vn -0.6737 0.4456 -0.5895
vn -0.4295 0.0747 0.9000
vn -0.4290 0.0751 0.9002
vn -0.4292 0.0749 0.9001
vn -0.4297 0.0746 0.8999
vn 0.4271 -0.0724 -0.9013
vn 0.4278 -0.0727 -0.9010
vn 0.4275 -0.0726 -0.9011
vn 0.4268 -0.0723 -0.9015
vn 0.7658 0.5149 -0.3853
vn 0.7893 0.5192 -0.3277
vn 0.7582 0.5175 -0.3967
vn 0.7642 0.5032 -0.4035
vn 0.7896 0.5020 -0.3530
vn 0.8301 0.4601 -0.3149
vn 0.8212 0.4179 -0.3886
vn 0.8280 0.3656 -0.4251
vn 0.7375 0.4909 -0.4638
vn 0.7818 0.4639 -0.4167
vn 0.8854 0.3662 -0.2863
vn 0.8979 0.3572 -0.2572
vn 0.8915 0.3668 -0.2660
vn 0.8489 0.4421 -0.2896
vn -0.8934 -0.3671 0.2588
vn -0.8888 -0.2923 0.3529
vn -0.8948 -0.3758 0.2412
vn -0.9063 -0.3682 0.2075
vn -0.8543 -0.4187 0.3078
vn -0.8296 -0.4457 0.3362
vn -0.8281 -0.4699 0.3059
vn -0.8571 -0.3985 0.3266
vn -0.7981 -0.5167 0.3099
vn -0.8036 -0.5515 0.2239
vn -0.7636 -0.5290 0.3702
vn -0.7467 -0.5055 0.4323
vn -0.7528 -0.5146 0.4105
vn -0.7171 -0.5577 0.4180
vn 0.4249 0.1834 0.8864
vn 0.3258 0.4656 0.8228
vn 0.3142 0.4625 0.8291
vn 0.3912 0.1348 0.9104
vn 0.4832 -0.2340 0.8437
vn 0.4862 -0.3273 0.8102
vn 0.3366 -0.9113 0.2371
vn 0.2882 -0.9419 0.1726
vn -0.1566 -0.6904 -0.7063
vn -0.1627 -0.6999 -0.6955
vn -0.3946 -0.0534 -0.9173
vn -0.3832 -0.0393 -0.9228
vn -0.4601 0.0460 -0.8867
vn -0.3846 0.0089 -0.9230
vn -0.3320 -0.3431 -0.8787
vn -0.3054 -0.3748 -0.8753
vn -0.0216 -0.6915 -0.7221
vn 0.1198 -0.7683 -0.6287
vn -0.0168 -0.6395 -0.7686
vn -0.0255 -0.6131 -0.7896
vn -0.4132 -0.0293 -0.9102
vn -0.4039 -0.0449 -0.9137
vn -0.5576 0.8010 -0.2180
vn -0.5560 0.7963 -0.2381
vn -0.1819 0.7894 0.5863
vn -0.0577 0.7452 0.6643
vn 0.1284 0.6161 0.7771
vn 0.2466 0.4891 0.8366
vn 0.1144 0.0526 0.9920
vn 0.1349 0.0422 0.9900
vn 0.1109 0.0543 0.9923
vn 0.0909 0.0644 0.9938
vn -0.1112 -0.0600 -0.9920
vn -0.1366 -0.0937 -0.9862
vn -0.1087 -0.0567 -0.9925
vn -0.0831 -0.0229 -0.9963
vn 0.9418 0.2282 -0.2469
vn 0.9267 0.2675 -0.2641
vn 0.9639 0.1570 -0.2151
vn 0.9738 0.1153 -0.1960
vn -0.1147 -0.0520 -0.9920
vn -0.1155 -0.0500 -0.9920
vn -0.1192 -0.0710 -0.9903
vn -0.1141 -0.0761 -0.9905
vn -0.1117 -0.0543 -0.9923
vn 0.9238 0.2284 -0.3074
vn 0.9141 0.2548 -0.3155
vn 0.9451 0.1592 -0.2853
vn 0.9536 0.1250 -0.2739
vn -0.9386 -0.2313 0.2558
vn -0.9732 -0.1124 0.2004
vn -0.9626 -0.1563 0.2212
vn -0.9222 -0.2726 0.2743
vn 0.0978 0.9939 0.0513
vn 0.0742 0.9960 0.0504
vn 0.0933 0.9941 0.0547
vn 0.0504 0.9976 0.0466
vn 0.0911 0.9942 0.0566
vn 0.1732 0.9845 0.0269
vn 0.1876 0.9818 0.0289
vn 0.2066 0.9772 0.0492
vn 0.2088 0.9765 0.0539
vn 0.2544 0.9613 0.1059
vn 0.8305 -0.4483 0.3306
vn 0.8315 -0.4475 0.3290
vn 0.8259 -0.4575 0.3296
vn 0.8519 -0.3867 0.3531
vn 0.8492 -0.4129 0.3291
vn 0.8215 -0.3300 0.4651
vn 0.6997 -0.4017 0.5908
vn 0.6830 -0.4327 0.5885
vn 0.6876 -0.4292 0.5856
vn 0.6773 -0.4446 0.5862
vn 0.6748 -0.4465 0.5877
vn 0.6729 -0.4493 0.5877
vn -0.6180 0.4874 -0.6169
vn -0.5440 0.6752 -0.4981
vn -0.5340 0.6941 -0.4827
vn -0.6178 0.4875 -0.6170
vn -0.2134 0.9741 -0.0748
vn -0.2106 0.9750 -0.0715
vn 0.2262 0.8925 0.3903
vn 0.2203 0.8965 0.3845
vn 0.5872 0.4157 0.6946
vn 0.5776 0.4386 0.6885
vn 0.6901 -0.2273 0.6871
vn 0.6942 -0.1859 0.6954
vn 0.6474 -0.4547 0.6117
vn 0.6432 -0.4568 0.6146
vn 0.1789 0.0219 0.9836
vn 0.2206 -0.0074 0.9753
vn 0.2047 0.0153 0.9787
vn 0.1339 0.0265 0.9906
vn 0.0915 0.0235 0.9955
vn 0.0829 0.0024 0.9966
vn 0.0853 0.0270 0.9960
vn 0.0870 0.0279 0.9958
vn 0.0867 0.0323 0.9957
vn 0.0868 0.0323 0.9957
vn 0.6774 -0.0779 -0.7315
vn 0.6943 -0.0838 -0.7148
vn 0.6879 -0.0821 -0.7211
vn 0.7034 -0.0907 -0.7050
vn 0.7000 -0.0856 -0.7090
vn 0.7112 -0.0999 -0.6958
vn 0.3080 0.9023 0.3016
vn 0.3078 0.8911 0.3334
vn 0.3283 0.9031 0.2770
vn 0.3312 0.9053 0.2661
vn 0.3488 0.8923 0.2868
vn 0.3393 0.8949 0.2898
vn 0.3166 0.8970 0.3086
vn 0.2874 0.9069 0.3080
vn -0.0215 0.0066 -0.9997
vn -0.0319 0.0065 -0.9995
vn 0.0580 0.0072 -0.9983
vn 0.0685 0.0072 -0.9976
vn 0.1533 0.9831 0.0997
vn 0.1537 0.9831 0.0998
vn 0.1456 0.9845 0.0980
vn 0.1451 0.9846 0.0979
vn -0.1170 -0.9895 -0.0850
vn -0.1942 -0.9743 -0.1137
vn -0.1846 -0.9766 -0.1101
vn -0.1071 -0.9909 -0.0814
vn 0.1417 0.0438 -0.9889
vn 0.1681 0.0675 -0.9835
vn 0.1692 0.0721 -0.9829
vn 0.1391 0.0383 -0.9895
vn 0.1136 0.0109 -0.9935
vn 0.1055 0.0291 -0.9940
vn 0.0939 0.0728 -0.9929
vn 0.0877 0.1134 -0.9897
vn 0.0743 0.1141 -0.9907
vn 0.0776 0.1109 -0.9908
vn 0.0833 0.0865 -0.9928
vn 0.1221 0.0873 -0.9887
vn 0.2072 -0.0941 -0.9738
vn 0.1308 0.0353 -0.9908
vn 0.2230 -0.1280 -0.9664
vn 0.2448 -0.1714 -0.9543
vn 0.2324 -0.1944 -0.9530
vn 0.1369 -0.1855 -0.9731
vn 0.0156 0.0826 -0.9965
vn 0.0747 0.1230 -0.9896
vn 0.9764 -0.1365 0.1673
vn 0.9766 -0.1031 0.1885
vn 0.9767 -0.1179 0.1792
vn 0.9758 -0.1515 0.1576
vn 0.0256 0.9610 -0.2755
vn -0.4616 0.8850 -0.0599
vn -0.5782 0.8146 0.0458
vn 0.0677 -0.9269 -0.3692
vn 0.1611 -0.9352 -0.3153
vn 0.2354 -0.9589 -0.1583
vn 0.0632 -0.9705 -0.2326
vn -0.1279 -0.9441 -0.3037
vn -0.1306 -0.9502 -0.2831
vn 0.1912 -0.9813 -0.0216
vn 0.0105 -0.9953 -0.0961
vn -0.1818 -0.9681 -0.1723
vn -0.1960 -0.9651 -0.1736
vn -0.1420 -0.9425 -0.3024
vn -0.1740 -0.9627 -0.2072
vn -0.3310 -0.9075 0.2586
vn -0.3310 -0.9073 0.2594
vn -0.3031 -0.9390 0.1623
vn -0.2807 -0.9555 0.0910
vn -0.1986 -0.9654 -0.1692
vn -0.1981 -0.9653 -0.1702
vn -0.1975 -0.9654 -0.1703
vn -0.3253 0.2384 0.9151
vn -0.3244 0.2378 0.9155
vn -0.3256 0.2423 0.9139
vn -0.3235 0.2371 0.9160
vn -0.3198 0.2381 0.9171
vn -0.8640 -0.3032 -0.4019
vn -0.8653 -0.2999 -0.4017
vn -0.8652 -0.3002 -0.4016
vn -0.8798 -0.2289 -0.4167
vn -0.8712 -0.2560 -0.4189
vn -0.8847 -0.1889 -0.4263
vn -0.8722 -0.2338 -0.4297
vn -0.5845 -0.8113 0.0148
vn -0.5845 -0.8113 0.0149
vn -0.5842 -0.8115 0.0138
vn -0.5842 -0.8115 0.0137
vn -0.2902 0.2840 0.9138
vn -0.2902 0.2841 0.9138
vn -0.2905 0.2838 0.9138
vn -0.3189 0.2454 0.9155
vn -0.3188 0.2455 0.9155
vn -0.3189 0.2453 0.9155
vn 0.3786 0.1170 0.9181
vn 0.3818 0.1060 0.9181
vn 0.3808 0.1096 0.9182
vn 0.3522 0.0976 0.9308
vn 0.3224 0.0693 0.9441
vn 0.2850 0.0192 0.9583
vn 0.2803 0.0342 0.9593
vn 0.2676 0.0078 0.9635
vn 0.2372 0.0441 0.9704
vn 0.2259 0.0537 0.9727
vn 0.2179 0.0759 0.9730
vn 0.2175 0.0759 0.9731
vn 0.2203 0.0673 0.9731
vn 0.4012 0.1237 0.9076
vn 0.4291 -0.0473 -0.9020
vn 0.4296 -0.0469 -0.9018
vn 0.3591 0.1899 -0.9138
vn 0.3590 0.1899 -0.9138
vn 0.3577 0.1928 -0.9137
vn 0.4291 -0.0474 -0.9020
vn 0.0992 0.7126 -0.6945
vn 0.1072 0.7014 -0.7046
vn -0.1997 0.9624 -0.1842
vn -0.1954 0.9617 -0.1924
vn -0.4118 0.8134 0.4109
vn -0.4127 0.8117 0.4133
vn -0.4435 0.3280 0.8341
vn -0.4486 0.3455 0.8242
vn -0.4196 0.0965 0.9026
vn -0.4262 0.0986 0.8992
vn 0.8955 0.1325 0.4249
vn 0.8856 0.1398 0.4429
vn 0.8893 0.1363 0.4364
vn 0.8794 0.1420 0.4545
vn 0.8818 0.1436 0.4492
vn 0.8738 0.1410 0.4655
vn -0.7735 0.5761 -0.2643
vn -0.8419 0.4767 -0.2530
vn -0.9435 0.1040 -0.3148
vn -0.8937 0.2605 -0.3654
vn -0.9104 -0.2016 -0.3612
vn -0.9169 -0.0962 -0.3872
vn -0.9097 -0.0477 -0.4126
vn -0.9037 -0.0756 -0.4214
vn -0.6896 0.6124 -0.3867
vn -0.6710 0.6387 -0.3765
vn 0.2299 0.9728 0.0291
vn 0.2588 0.9649 0.0443
vn 0.8830 0.2339 0.4069
vn 0.8789 0.2518 0.4052
vn 0.8893 -0.1309 0.4383
vn 0.8951 -0.1598 0.4163
vn 0.9176 -0.1889 0.3498
vn 0.8899 -0.2833 0.3574
vn 0.8979 -0.3404 0.2792
vn 0.9265 -0.2847 0.2461
vn 0.6746 -0.7122 0.1941
vn 0.6508 -0.7354 0.1888
vn -0.3064 -0.9503 -0.0552
vn -0.3190 -0.9459 -0.0592
vn -0.9618 -0.1253 -0.2434
vn -0.9630 -0.1081 -0.2468
vn -0.8036 0.5498 -0.2279
vn -0.8059 0.5445 -0.2325
vn -0.6776 -0.4451 0.5855
vn -0.6733 -0.4497 0.5869
vn -0.6751 -0.4470 0.5869
vn -0.6879 -0.4297 0.5849
vn -0.6832 -0.4332 0.5878
vn -0.8217 -0.3304 0.4643
vn -0.6998 -0.4022 0.5903
vn -0.8521 -0.3871 0.3523
vn -0.8494 -0.4132 0.3284
vn -0.8306 -0.4487 0.3300
vn -0.8315 -0.4479 0.3284
vn -0.8258 -0.4580 0.3290
vn -0.6294 -0.4698 0.6190
vn -0.6293 -0.4698 0.6190
vn -0.6295 -0.4698 0.6189
vn -0.6296 -0.4697 0.6188
vn 0.3291 -0.8992 -0.2884
vn 0.3298 -0.8993 -0.2873
vn 0.3297 -0.8993 -0.2874
vn 0.3289 -0.8992 -0.2886
vn 0.6939 0.0885 0.7146
vn 0.6940 0.0873 0.7147
vn 0.6938 0.0903 0.7145
vn 0.6937 0.0915 0.7144
vn 0.6283 0.4662 -0.6229
vn 0.6281 0.4660 -0.6232
vn 0.6285 0.4665 -0.6224
vn 0.6287 0.4667 -0.6220
vn -0.5024 -0.3261 -0.8008
vn -0.4187 -0.1900 -0.8880
vn -0.5729 -0.0783 -0.8159
vn -0.5666 -0.2863 -0.7727
vn -0.7192 0.0345 -0.6939
vn -0.7191 0.0378 -0.6938
vn -0.5602 0.8281 0.0201
vn -0.5811 0.8137 -0.0124
vn 0.2195 0.6840 0.6957
vn 0.2307 0.6723 0.7034
vn 0.6399 0.1436 0.7549
vn 0.6561 0.1227 0.7446
vn 0.6934 0.0246 0.7201
vn 0.6060 0.0722 0.7921
vn 0.3314 0.2847 0.8995
vn 0.2061 0.3363 0.9189
vn 0.4493 -0.1313 0.8837
vn 0.4543 -0.1378 0.8801
vn 0.5051 -0.8607 0.0636
vn 0.5103 -0.8561 0.0813
vn 0.0015 -0.6140 -0.7893
vn -0.0050 -0.6054 -0.7959
vn -0.3879 -0.1242 -0.9133
vn -0.2824 -0.2047 -0.9372
vn -0.3306 -0.1067 -0.9377
vn -0.3658 -0.1175 -0.9233
vn -0.3754 -0.1183 -0.9193
vn -0.3850 -0.1239 -0.9146
vn -0.3646 -0.1602 -0.9173
vn -0.2346 -0.0347 -0.9715
vn -0.2683 -0.0046 -0.9633
vn -0.2844 -0.0136 -0.9586
vn -0.2649 -0.0100 -0.9642
vn -0.2400 -0.0384 -0.9700
vn -0.2263 -0.0506 -0.9727
vn -0.2188 -0.0706 -0.9732
vn -0.2163 -0.0725 -0.9736
vn -0.2187 -0.0652 -0.9736
vn 0.4486 0.3443 0.8248
vn 0.4260 0.0972 0.8995
vn 0.4194 0.0951 0.9028
vn 0.4436 0.3273 0.8343
vn 0.4119 0.8134 0.4108
vn 0.4128 0.8116 0.4133
vn 0.1997 0.9624 -0.1842
vn 0.1950 0.9616 -0.1932
vn -0.1074 0.7012 -0.7048
vn -0.0986 0.7135 -0.6937
vn -0.3575 0.1936 -0.9136
vn -0.3585 0.1919 -0.9136
vn -0.4289 -0.0456 -0.9022
vn -0.4294 -0.0452 -0.9020
vn 0.8835 -0.1377 -0.4477
vn 0.8823 -0.1419 -0.4488
vn 0.8828 -0.1403 -0.4484
vn 0.8840 -0.1362 -0.4472
vn -0.0675 -0.9898 0.1252
vn -0.0675 -0.9898 0.1253
vn -0.0673 -0.9899 0.1251
vn -0.0673 -0.9899 0.1250
vn 0.0591 0.9898 -0.1298
vn 0.1132 0.9852 -0.1289
vn 0.0853 0.9865 -0.1401
vn 0.0491 0.9902 -0.1309
vn 0.0659 0.9912 -0.1146
vn 0.0607 0.9925 -0.1063
vn 0.0894 0.9875 -0.1298
vn 0.0974 0.9825 -0.1586
vn -0.2544 0.9668 -0.0235
vn -0.1902 0.9806 -0.0466
vn -0.2038 0.9762 -0.0741
vn -0.1641 0.9860 0.0291
vn -0.1694 0.9846 0.0431
vn -0.1966 0.9805 -0.0041
vn -0.1995 0.9798 -0.0112
vn -0.2616 0.9650 -0.0188
vn 0.2274 -0.9737 -0.0150
vn 0.2097 -0.9770 -0.0379
vn 0.2136 -0.9739 -0.0761
vn 0.1520 -0.9862 0.0655
vn 0.1588 -0.9846 0.0730
vn 0.2384 -0.9710 -0.0203
vn 0.2407 -0.9704 -0.0197
vn 0.2289 -0.9733 -0.0156
vn 0.1196 0.0464 0.9917
vn 0.1472 0.0918 0.9848
vn 0.1297 0.0744 0.9888
vn 0.1156 0.0419 0.9924
vn 0.1232 0.0413 0.9915
vn 0.4293 0.0734 0.9002
vn 0.4295 0.0733 0.9001
vn 0.4290 0.0736 0.9003
vn 0.4288 0.0738 0.9004
vn -0.4268 -0.0709 -0.9016
vn -0.4265 -0.0708 -0.9017
vn -0.4272 -0.0710 -0.9014
vn -0.4275 -0.0712 -0.9012
vn -0.2754 0.2083 0.9385
vn -0.3496 0.3439 0.8715
vn -0.3233 0.2471 0.9135
vn -0.2276 0.1037 0.9682
vn -0.1837 0.0526 0.9816
vn -0.1582 -0.0420 0.9865
vn -0.1884 -0.1079 0.9761
vn -0.2032 -0.1032 0.9737
vn -0.0926 -0.1115 0.9894
vn -0.0955 -0.1096 0.9894
vn -0.1089 -0.0749 0.9912
vn -0.0963 -0.1197 0.9881
vn -0.1221 -0.0315 0.9920
vn -0.1526 -0.0346 0.9877
vn -0.1372 -0.0120 0.9905
vn -0.1578 -0.0499 0.9862
vn -0.1786 -0.0731 0.9812
vn -0.1796 -0.0767 0.9808
vn -0.2321 -0.0932 0.9682
vn -0.1213 -0.1120 0.9863
vn -0.1078 -0.9925 -0.0573
vn -0.0896 -0.9942 -0.0603
vn -0.1196 -0.9919 -0.0436
vn -0.1637 -0.9856 -0.0433
vn -0.2476 -0.9528 0.1755
vn -0.1704 -0.9853 0.0114
vn -0.1307 -0.9914 0.0039
vn -0.2218 -0.9744 -0.0364
vn -0.1055 -0.9939 -0.0320
vn -0.1172 -0.9915 -0.0561
vn -0.2014 -0.0169 -0.9794
vn -0.2154 0.0021 -0.9765
vn -0.1734 -0.0225 -0.9846
vn -0.1319 -0.0248 -0.9909
vn -0.0897 -0.0186 -0.9958
vn -0.0860 0.0034 -0.9963
vn -0.0767 -0.0210 -0.9968
vn -0.0763 -0.0211 -0.9969
vn -0.0781 -0.0250 -0.9966
vn -0.0789 -0.0256 -0.9966
vn -0.9647 0.2118 -0.1563
vn -0.9800 0.0884 -0.1780
vn -0.9821 0.0914 -0.1646
vn -0.9637 0.2162 -0.1568
vn -0.9949 0.0602 -0.0810
vn -0.9914 0.0712 -0.1100
vn -0.7109 -0.7006 0.0616
vn -0.6078 -0.7922 0.0546
vn 0.4547 -0.8526 0.2577
vn 0.3271 -0.9228 0.2036
vn 0.9470 -0.0900 0.3082
vn 0.9010 -0.3264 0.2858
vn 0.9477 0.2352 0.2157
vn 0.9779 0.0398 0.2054
vn 0.9815 0.0217 0.1904
vn 0.9849 -0.0379 0.1691
vn 0.9637 -0.1984 0.1785
vn 0.9552 -0.2644 0.1331
vn 0.9472 -0.2883 0.1407
vn 0.9767 -0.0748 0.2013
vn 0.9797 -0.0640 0.1901
vn 0.9451 -0.2992 0.1315
vn 0.7146 -0.6954 0.0768
vn 0.7479 -0.6605 0.0654
vn 0.8620 -0.4912 0.1251
vn 0.8392 -0.5251 0.1414
vn 0.9403 0.2890 0.1799
vn 0.9236 0.3355 0.1852
vn 0.2816 0.9588 0.0380
vn 0.2570 0.9645 0.0607
vn -0.6164 0.7757 -0.1353
vn -0.5544 0.8147 -0.1698
vn -0.8530 0.4825 -0.1991
vn -0.9298 0.3329 -0.1572
vn -0.9692 0.1917 -0.1544
vn -0.9810 0.1350 -0.1393
vn -0.1395 -0.9901 0.0179
vn -0.1515 -0.9878 0.0356
vn -0.1529 -0.9877 0.0318
vn -0.1394 -0.9900 0.0190
vn -0.1024 -0.9941 -0.0371
vn -0.1004 -0.9940 -0.0424
vn -0.0438 -0.9970 -0.0632
vn -0.0427 -0.9972 -0.0609
vn 0.0714 -0.9974 -0.0099
vn 0.0734 -0.9973 -0.0097
vn 0.0450 -0.9978 0.0479
vn 0.0463 -0.9976 0.0523
vn 0.0251 -0.9984 0.0502
vn 0.0251 -0.9985 0.0495
vn -0.0362 -0.9980 0.0518
vn -0.0335 -0.9982 0.0497
vn -0.0869 -0.9957 0.0325
vn -0.0888 -0.9954 0.0359
vn -0.1340 -0.9886 0.0693
vn -0.1421 -0.9865 0.0809
vn -0.1959 -0.9745 0.1099
vn -0.1968 -0.9742 0.1105
vn -0.1781 -0.9830 0.0444
vn -0.1694 -0.9848 0.0395
vn -0.2201 -0.1569 -0.9628
vn -0.2276 -0.1644 -0.9598
vn -0.2812 -0.2326 -0.9311
vn -0.2813 -0.2316 -0.9313
vn -0.1658 -0.2616 -0.9508
vn -0.1625 -0.2550 -0.9532
vn -0.0454 -0.2459 -0.9682
vn -0.0412 -0.2389 -0.9702
vn 0.0521 -0.1722 -0.9837
vn 0.0538 -0.1652 -0.9848
vn 0.1029 -0.1173 -0.9878
vn 0.1034 -0.1136 -0.9881
vn 0.1299 -0.1272 -0.9833
vn 0.1307 -0.1305 -0.9828
vn 0.1617 -0.1790 -0.9705
vn 0.1662 -0.1838 -0.9688
vn 0.1868 -0.2266 -0.9559
vn 0.1938 -0.2333 -0.9529
vn 0.2400 -0.2869 -0.9274
vn 0.2647 -0.3217 -0.9091
vn 0.4589 -0.6566 -0.5986
vn 0.5285 -0.6753 -0.5144
vn 0.5246 -0.8323 -0.1789
vn 0.2659 -0.9550 0.1316
vn -0.8744 0.1884 0.4470
vn -0.9202 0.2092 0.3308
vn -0.4562 0.0122 0.8898
vn -0.3032 -0.0135 0.9528
vn 0.3833 -0.2261 0.8955
vn 0.6317 -0.2029 0.7482
vn 0.9684 -0.2332 0.0886
vn 0.9831 -0.1488 -0.1072
vn 0.9826 -0.1465 -0.1146
vn 0.9735 -0.1188 -0.1954
vn 0.9862 -0.1646 0.0160
vn 0.9853 -0.1692 0.0216
vn 0.9860 -0.1648 -0.0254
vn 0.9861 -0.1645 -0.0249
vn 0.3026 0.2377 0.9230
vn 0.1707 0.2503 0.9530
vn 0.1797 0.2563 0.9497
vn 0.3093 0.2440 0.9191
vn 0.3681 0.2437 0.8973
vn 0.3622 0.2350 0.9020
vn -0.4790 0.6921 0.5399
vn -0.4854 0.6468 0.5883
vn -0.2566 0.3469 0.9021
vn -0.2337 0.3372 0.9120
vn -0.1816 0.2465 0.9520
vn -0.1763 0.2388 0.9549
vn -0.1662 0.1917 0.9673
vn -0.1641 0.1854 0.9689
vn -0.1393 0.1313 0.9815
vn -0.1373 0.1282 0.9822
vn -0.1108 0.1215 0.9864
vn -0.1109 0.1177 0.9868
vn -0.0618 0.1753 0.9826
vn -0.0583 0.1832 0.9813
vn 0.0473 0.2486 0.9675
vn 0.0522 0.2558 0.9653
vn 0.1477 -0.9861 -0.0754
vn 0.6569 -0.6986 0.2837
vn 0.5151 -0.8319 0.2065
vn 0.4921 -0.8451 0.2088
vn 0.6065 -0.7511 0.2607
vn 0.6603 -0.6603 0.3578
vn 0.7193 -0.5326 0.4461
vn 0.6457 -0.5304 0.5493
vn 0.7238 -0.3652 0.5854
vn 0.3372 -0.4043 0.8502
vn 0.4230 -0.3696 0.8274
vn -0.9222 -0.2628 0.2838
vn -0.9282 -0.2462 0.2790
vn -0.9146 -0.2951 0.2763
vn -0.8954 -0.3334 0.2951
vn -0.8714 -0.3690 0.3233
vn -0.8694 -0.3608 0.3378
vn -0.8617 -0.4034 0.3077
vn -0.8351 -0.4649 0.2941
vn -0.7191 -0.6444 0.2599
vn -0.6974 -0.6569 0.2866
vn -0.4816 -0.8520 0.2052
vn -0.4874 -0.8491 0.2037
vn -0.2698 -0.9518 0.1460
vn -0.2645 -0.9542 0.1401
vn 0.0107 -0.9926 0.1209
vn -0.0063 -0.9943 0.1068
vn 0.2665 -0.9542 0.1361
vn 0.2854 -0.9458 0.1552
vn 0.9583 0.2309 -0.1682
vn 0.9469 0.2484 -0.2043
vn 0.9618 0.2073 -0.1787
vn 0.9658 0.2012 -0.1638
vn 0.9245 0.3588 -0.1284
vn 0.9369 0.3084 -0.1650
vn 0.5571 0.8162 -0.1533
vn 0.5870 0.7778 -0.2245
vn -0.5465 0.8357 0.0541
vn -0.5674 0.8188 0.0876
vn -0.9500 -0.2429 0.1962
vn -0.9635 -0.1907 0.1882
vn -0.7797 -0.6051 0.1610
vn -0.7248 -0.6783 0.1207
vn -0.9026 -0.4026 0.1526
vn -0.8715 -0.4778 0.1105
vn -0.9642 -0.2152 0.1552
vn -0.9528 -0.2451 0.1791
vn -0.9620 -0.2023 0.1835
vn -0.9463 -0.2440 0.2122
vn 0.6784 0.4387 -0.5893
vn 0.6738 0.4457 -0.5893
vn 0.6783 0.4388 -0.5894
vn 0.7043 0.4211 -0.5715
vn 0.6999 0.4035 -0.5894
vn 0.7630 0.4184 -0.4927
vn 0.8481 0.4004 -0.3469
vn 0.8504 0.4137 -0.3250
vn 0.8517 0.4084 -0.3283
vn 0.8283 0.4514 -0.3320
vn 0.8280 0.4525 -0.3313
vn 0.8252 0.4573 -0.3315
vn -0.6804 0.6088 -0.4080
vn -0.6037 0.7587 -0.2448
vn -0.6599 0.6895 -0.2986
vn -0.7674 0.5217 -0.3727
vn -0.6979 0.4671 -0.5429
vn -0.4715 0.4731 -0.7442
vn -0.1581 0.2703 -0.9497
vn 0.0924 0.2423 -0.9658
vn 0.8705 0.3638 -0.3315
vn 0.9030 0.3313 -0.2734
vn 0.8767 0.3678 -0.3102
vn 0.8662 0.3615 -0.3450
vn 0.8597 0.4053 -0.3110
vn 0.8351 0.4646 -0.2947
vn 0.7124 0.6468 -0.2723
vn 0.6903 0.6719 -0.2683
vn 0.5041 0.8345 -0.2224
vn 0.4943 0.8477 -0.1925
vn 0.2661 0.9519 -0.1518
vn 0.2554 0.9578 -0.1321
vn 0.0085 0.9927 -0.1206
vn -0.0139 0.9941 -0.1074
vn -0.2796 0.9486 -0.1481
vn -0.2602 0.9549 -0.1429
vn -0.4851 0.8528 -0.1936
vn -0.5034 0.8359 -0.2188
vn 0.6707 0.6377 -0.3787
vn -0.2585 0.9650 0.0451
vn -0.2275 0.9733 0.0287
vn 0.6896 0.6108 -0.3892
vn 0.9083 -0.0509 -0.4152
vn 0.9023 -0.0780 -0.4240
vn 0.9088 -0.2044 -0.3639
vn 0.9155 -0.0990 -0.3900
vn 0.8930 0.2587 -0.3684
vn 0.9426 0.1019 -0.3179
vn 0.7730 0.5754 -0.2670
vn 0.8414 0.4760 -0.2559
vn 0.8054 0.5441 -0.2353
vn 0.8029 0.5497 -0.2306
vn 0.9609 -0.1262 -0.2466
vn 0.9620 -0.1096 -0.2499
vn 0.3042 -0.9510 -0.0557
vn 0.3195 -0.9457 -0.0605
vn -0.6497 -0.7358 0.1910
vn -0.6746 -0.7116 0.1966
vn -0.9260 -0.2836 0.2493
vn -0.8972 -0.3394 0.2824
vn -0.9168 -0.1868 0.3529
vn -0.8893 -0.2814 0.3606
vn -0.8942 -0.1571 0.4192
vn -0.8882 -0.1284 0.4411
vn -0.8772 0.2538 0.4076
vn -0.8812 0.2368 0.4091
vn 0.0573 -0.7574 0.6505
vn 0.0829 -0.7498 0.6565
vn 0.0282 -0.7546 0.6556
vn 0.2062 -0.7620 0.6139
vn 0.2640 -0.7519 0.6042
vn 0.4647 -0.7867 0.4063
vn 0.4836 -0.7686 0.4188
vn 0.5410 -0.8205 0.1844
vn 0.5495 -0.8197 0.1617
vn 0.5179 -0.8490 0.1050
vn 0.4970 -0.8598 0.1173
vn 0.4791 -0.8747 0.0735
vn 0.4656 -0.8815 0.0785
vn 0.4497 -0.8931 0.0079
vn 0.4304 -0.9026 0.0069
vn 0.4532 -0.8813 -0.1341
vn 0.4656 -0.8775 -0.1152
vn 0.3823 -0.8690 -0.3143
vn 0.3682 -0.8692 -0.3301
vn 0.2439 -0.8497 -0.4675
vn 0.2634 -0.8416 -0.4714
vn 0.0944 -0.8103 -0.5784
vn 0.1019 -0.8044 -0.5853
vn -0.0000 -0.8003 -0.5997
vn -0.0000 -0.8026 -0.5965
vn -0.0944 -0.8103 -0.5784
vn -0.1019 -0.8044 -0.5853
vn -0.2634 -0.8416 -0.4714
vn -0.2439 -0.8497 -0.4675
vn -0.3823 -0.8690 -0.3143
vn -0.3682 -0.8692 -0.3301
vn -0.4532 -0.8813 -0.1341
vn -0.4656 -0.8775 -0.1152
vn -0.4498 -0.8931 0.0077
vn -0.4305 -0.9026 0.0068
vn -0.4656 -0.8815 0.0784
vn -0.4792 -0.8746 0.0733
vn -0.4972 -0.8597 0.1172
vn -0.5180 -0.8489 0.1049
vn -0.5412 -0.8204 0.1845
vn -0.5496 -0.8196 0.1618
vn -0.4648 -0.7866 0.4065
vn -0.4837 -0.7684 0.4190
vn -0.2640 -0.7518 0.6042
vn -0.2061 -0.7619 0.6140
vn -0.0829 -0.7498 0.6565
vn -0.0573 -0.7574 0.6505
vn -0.0282 -0.7546 0.6556
vn -0.0221 -0.7469 0.6646
vn -0.0000 -0.7598 0.6502
vn -0.0000 -0.7698 0.6382
vn 0.0221 -0.7469 0.6646
vn 0.7057 0.0334 0.7077
vn 0.7267 -0.0003 0.6869
vn 0.7291 -0.0245 0.6839
vn 0.7172 -0.0060 0.6968
vn 0.7377 -0.0740 0.6711
vn 0.7365 -0.0719 0.6726
vn 0.7369 -0.0736 0.6720
vn -0.7032 0.5864 -0.4021
vn -0.7176 0.5685 -0.4023
vn -0.7175 0.5686 -0.4023
vn -0.7307 0.5516 -0.4024
vn 0.9892 -0.1443 0.0268
vn 0.9850 -0.1681 0.0381
vn 0.9939 -0.0983 -0.0506
vn 0.9956 -0.0823 -0.0450
vn 0.9709 -0.0810 -0.2253
vn 0.9670 -0.0911 -0.2379
vn 0.8973 -0.0925 -0.4316
vn 0.8901 -0.1018 -0.4443
vn 0.7992 -0.0899 -0.5943
vn 0.7846 -0.0953 -0.6126
vn 0.6434 -0.0603 -0.7631
vn 0.6147 -0.0621 -0.7863
vn 0.4351 -0.0113 -0.9003
vn 0.4026 -0.0099 -0.9153
vn 0.2908 0.0215 -0.9565
vn 0.2699 0.0112 -0.9628
vn 0.1904 -0.0228 -0.9814
vn 0.1279 0.0031 -0.9918
vn 0.0549 -0.0641 -0.9964
vn 0.0916 -0.0955 -0.9912
vn -0.0003 -0.0939 -0.9956
vn -0.0162 -0.0847 -0.9963
vn -0.0486 -0.0769 -0.9959
vn -0.0920 -0.0399 -0.9950
vn -0.2313 0.0279 -0.9725
vn -0.2675 0.0453 -0.9625
vn -0.6478 -0.4552 0.6109
vn -0.6435 -0.4573 0.6138
vn -0.6907 -0.2276 0.6864
vn -0.6907 -0.2275 0.6864
vn -0.6948 -0.1860 0.6947
vn -0.5780 0.4389 0.6879
vn -0.5875 0.4161 0.6940
vn -0.2204 0.8966 0.3842
vn -0.2260 0.8927 0.3899
vn 0.2105 0.9750 -0.0712
vn 0.2135 0.9741 -0.0746
vn 0.5341 0.6943 -0.4823
vn 0.5441 0.6754 -0.4978
vn 0.6184 0.4874 -0.6165
vn 0.6181 0.4876 -0.6167
vn -0.0831 0.9965 0.0118
vn -0.0750 0.9972 0.0045
vn -0.0431 0.9980 -0.0466
vn -0.0441 0.9977 -0.0509
vn -0.0254 0.9984 -0.0501
vn -0.0246 0.9985 -0.0497
vn 0.0261 0.9983 -0.0513
vn 0.0297 0.9983 -0.0494
vn 0.0960 0.9948 -0.0349
vn 0.0995 0.9946 -0.0282
vn 0.1518 0.9864 -0.0638
vn 0.1580 0.9848 -0.0723
vn 0.1812 0.9787 -0.0964
vn 0.1854 0.9767 -0.1078
vn 0.1747 0.9837 -0.0428
vn 0.1749 0.9839 -0.0355
vn 0.1484 0.9883 -0.0354
vn 0.1491 0.9883 -0.0322
vn 0.1374 0.9904 -0.0167
vn 0.1364 0.9905 -0.0186
vn 0.0996 0.9944 0.0363
vn 0.0987 0.9942 0.0427
vn 0.0442 0.9972 0.0611
vn 0.0388 0.9976 0.0578
vn -0.7614 0.0785 0.6435
vn -0.7732 0.0730 0.6299
vn -0.8620 0.0850 0.4997
vn -0.8598 0.0948 0.5017
vn -0.9693 0.0884 0.2296
vn -0.9664 0.0863 0.2421
vn -0.9941 0.1026 0.0353
vn -0.9958 0.0876 0.0276
vn -0.9874 0.1574 -0.0178
vn -0.9806 0.1911 -0.0426
vn -0.9726 0.2320 -0.0120
vn -0.9660 0.2561 -0.0344
vn -0.6765 -0.0779 -0.7323
vn -0.6871 -0.0822 -0.7219
vn -0.6937 -0.0838 -0.7153
vn -0.7030 -0.0905 -0.7054
vn -0.6996 -0.0854 -0.7094
vn -0.7110 -0.0998 -0.6961
vn -0.8938 0.1355 0.4274
vn -0.8878 0.1392 0.4387
vn -0.8841 0.1426 0.4451
vn -0.8778 0.1452 0.4565
vn -0.8801 0.1469 0.4514
vn -0.8840 0.1427 0.4451
vn -0.8723 0.1443 0.4672
vn -0.3166 0.8970 0.3084
vn -0.2874 0.9070 0.3079
vn -0.3393 0.8951 0.2894
vn -0.3487 0.8924 0.2864
vn -0.3283 0.9033 0.2763
vn -0.3312 0.9055 0.2654
vn -0.3079 0.9026 0.3009
vn -0.3077 0.8914 0.3328
vn 0.8830 -0.1921 -0.4282
vn 0.8703 -0.2373 -0.4316
vn 0.8693 -0.2594 -0.4207
vn 0.8780 -0.2321 -0.4186
vn 0.8621 -0.3064 -0.4036
vn 0.8634 -0.3029 -0.4034
vn 0.8634 -0.3032 -0.4033
vt 0.557297 0.878441
vt 0.557297 0.877874
vt 0.553309 0.877874
vt 0.553309 0.878441
vt 0.504769 0.999654
vt 0.504769 0.998760
vt 0.502005 0.998760
vt 0.502005 0.999654
vt 0.500385 0.998760
vt 0.500385 0.999654
vt 0.551738 0.999654
vt 0.558230 0.999654
vt 0.558230 0.998760
vt 0.551738 0.998760
vt 0.545232 0.999654
vt 0.545232 0.998760
vt 0.540184 0.999654
vt 0.540184 0.998760
vt 0.534033 0.999654
vt 0.534033 0.998760
vt 0.528438 0.999654
vt 0.528438 0.998760
vt 0.522759 0.998760
vt 0.522759 0.999654
vt 0.516396 0.998760
vt 0.516396 0.999654
vt 0.509139 0.998760
vt 0.509139 0.999654
vt 0.614534 0.999654
vt 0.614534 0.998760
vt 0.609061 0.998760
vt 0.609061 0.999654
vt 0.605090 0.998760
vt 0.605090 0.999654
vt 0.597841 0.999654
vt 0.597841 0.998760
vt 0.590221 0.999654
vt 0.590221 0.998760
vt 0.581722 0.999654
vt 0.581722 0.998760
vt 0.573810 0.999654
vt 0.573810 0.998760
vt 0.567055 0.999654
vt 0.567055 0.998760
vt 0.561490 0.999654
vt 0.561490 0.998760
vt 0.504971 0.998284
vt 0.504971 0.993033
vt 0.502708 0.993033
vt 0.502708 0.998284
vt 0.501384 0.998284
vt 0.501384 0.993033
vt 0.500338 0.998284
vt 0.500338 0.993033
vt 0.549458 0.998284
vt 0.548265 0.993033
vt 0.543428 0.993033
vt 0.543428 0.998284
vt 0.538099 0.998284
vt 0.538099 0.993033
vt 0.533966 0.998284
vt 0.533966 0.993033
vt 0.528930 0.998284
vt 0.528930 0.993033
vt 0.524349 0.998284
vt 0.524349 0.993033
vt 0.519700 0.993033
vt 0.519244 0.998284
vt 0.514489 0.993033
vt 0.513294 0.998284
vt 0.508213 0.998284
vt 0.508550 0.993033
vt 0.594672 0.998284
vt 0.595847 0.993033
vt 0.590356 0.993033
vt 0.590356 0.998284
vt 0.587109 0.998284
vt 0.587109 0.993033
vt 0.581173 0.993033
vt 0.581173 0.998284
vt 0.574931 0.993033
vt 0.574931 0.998284
vt 0.567975 0.998284
vt 0.567975 0.993033
vt 0.561497 0.998284
vt 0.561497 0.993033
vt 0.555966 0.993033
vt 0.555966 0.998284
vt 0.551409 0.993033
vt 0.551764 0.998284
vt 0.621689 0.964698
vt 0.621488 0.964026
vt 0.620632 0.964299
vt 0.619642 0.964620
vt 0.619785 0.965188
vt 0.620952 0.964938
vt 0.621689 0.971165
vt 0.620952 0.970730
vt 0.620714 0.971484
vt 0.621602 0.990272
vt 0.622881 0.990271
vt 0.622881 0.989570
vt 0.621602 0.989570
vt 0.622881 0.983402
vt 0.621602 0.983402
vt 0.621602 0.980595
vt 0.622881 0.980595
vt 0.615033 0.987928
vt 0.618598 0.987928
vt 0.618598 0.987144
vt 0.619863 0.986173
vt 0.620522 0.986173
vt 0.620511 0.985587
vt 0.619863 0.985587
vt 0.618598 0.985587
vt 0.618598 0.986173
vt 0.615033 0.986173
vt 0.615033 0.987144
vt 0.614500 0.987144
vt 0.614500 0.987928
vt 0.615033 0.985587
vt 0.614500 0.986173
vt 0.611951 0.984003
vt 0.611686 0.985642
vt 0.611912 0.984883
vt 0.606937 0.984003
vt 0.607203 0.985642
vt 0.606975 0.984883
vt 0.617610 0.992191
vt 0.616962 0.990710
vt 0.616156 0.990710
vt 0.616156 0.992191
vt 0.614566 0.990624
vt 0.613228 0.990624
vt 0.613223 0.991383
vt 0.614546 0.992146
vt 0.615671 0.990624
vt 0.615688 0.992152
vt 0.614938 0.985183
vt 0.620045 0.985183
vt 0.619443 0.982767
vt 0.615540 0.982767
vt 0.504484 0.948404
vt 0.503894 0.948402
vt 0.503894 0.955920
vt 0.504484 0.955913
vt 0.508762 0.949610
vt 0.508762 0.954671
vt 0.523457 0.877961
vt 0.523008 0.879740
vt 0.526819 0.879740
vt 0.526370 0.877961
vt 0.513019 0.959591
vt 0.519138 0.959591
vt 0.519142 0.958643
vt 0.513016 0.958643
vt 0.620161 0.987931
vt 0.620157 0.986598
vt 0.619100 0.986598
vt 0.619096 0.987931
vt 0.518186 0.964800
vt 0.518523 0.963969
vt 0.517669 0.963969
vt 0.517669 0.964800
vt 0.624470 0.989628
vt 0.623523 0.989613
vt 0.623521 0.990595
vt 0.624472 0.990298
vt 0.514939 0.883208
vt 0.514939 0.875684
vt 0.513864 0.875684
vt 0.513864 0.883208
vt 0.618521 0.960449
vt 0.617453 0.960449
vt 0.617449 0.963099
vt 0.618525 0.963099
vt 0.623974 0.987676
vt 0.623354 0.987675
vt 0.623354 0.989098
vt 0.624620 0.989099
vt 0.624620 0.986967
vt 0.623974 0.986966
vt 0.623974 0.986339
vt 0.624620 0.986348
vt 0.624620 0.980768
vt 0.623355 0.980767
vt 0.623356 0.986334
vt 0.623832 0.991790
vt 0.624605 0.991790
vt 0.624605 0.991035
vt 0.622499 0.991790
vt 0.621955 0.991032
vt 0.621955 0.998555
vt 0.622499 0.997798
vt 0.624605 0.998552
vt 0.623832 0.997798
vt 0.624605 0.997798
vt 0.513968 0.955356
vt 0.513175 0.955356
vt 0.513175 0.958211
vt 0.513968 0.958211
vt 0.617871 0.992910
vt 0.616079 0.992912
vt 0.616079 0.993717
vt 0.617871 0.993718
vt 0.509778 0.955411
vt 0.510707 0.955411
vt 0.510707 0.950100
vt 0.509778 0.950100
vt 0.618820 0.996720
vt 0.618820 0.996031
vt 0.613361 0.996031
vt 0.613361 0.996720
vt 0.618820 0.997701
vt 0.613361 0.997701
vt 0.613361 0.998391
vt 0.618820 0.998391
vt 0.613541 0.989914
vt 0.614109 0.989929
vt 0.614109 0.985072
vt 0.613541 0.985087
vt 0.618914 0.993554
vt 0.619863 0.993554
vt 0.619864 0.988150
vt 0.618914 0.988150
vt 0.617766 0.965101
vt 0.618823 0.965101
vt 0.618827 0.963768
vt 0.617762 0.963768
vt 0.623031 0.992786
vt 0.623502 0.992785
vt 0.623502 0.992040
vt 0.622729 0.992038
vt 0.623952 0.992038
vt 0.623718 0.992786
vt 0.624491 0.992785
vt 0.624479 0.992039
vt 0.616099 0.995649
vt 0.616839 0.994916
vt 0.616099 0.994916
vt 0.618114 0.994916
vt 0.618635 0.995649
vt 0.618635 0.988355
vt 0.618114 0.989088
vt 0.616839 0.989088
vt 0.616099 0.988355
vt 0.616099 0.989088
vt 0.513616 0.963336
vt 0.519492 0.963336
vt 0.519492 0.962003
vt 0.513616 0.962003
vt 0.513616 0.960691
vt 0.512909 0.961384
vt 0.520714 0.960691
vt 0.519492 0.960691
vt 0.519492 0.959910
vt 0.513616 0.959910
vt 0.623802 0.993121
vt 0.622730 0.993121
vt 0.622730 0.995771
vt 0.623802 0.995771
vt 0.617561 0.989428
vt 0.614439 0.989428
vt 0.614439 0.990191
vt 0.617560 0.990191
vt 0.619882 0.965557
vt 0.619898 0.966244
vt 0.620610 0.966338
vt 0.618477 0.965562
vt 0.618477 0.966908
vt 0.619899 0.966908
vt 0.607788 0.991093
vt 0.611209 0.991093
vt 0.611845 0.990652
vt 0.611209 0.991977
vt 0.611847 0.992391
vt 0.607150 0.992391
vt 0.607788 0.991977
vt 0.607151 0.990646
vt 0.607463 0.990260
vt 0.607760 0.989914
vt 0.611237 0.989914
vt 0.607921 0.989169
vt 0.611076 0.989169
vt 0.607155 0.986751
vt 0.611845 0.986715
vt 0.607140 0.986380
vt 0.611847 0.986378
vt 0.502275 0.956795
vt 0.503116 0.956388
vt 0.503116 0.948870
vt 0.502246 0.948463
vt 0.501110 0.948393
vt 0.501118 0.956847
vt 0.500461 0.948389
vt 0.500461 0.956851
vt 0.548972 0.875676
vt 0.549720 0.876168
vt 0.548909 0.876167
vt 0.554429 0.875993
vt 0.553450 0.875321
vt 0.557284 0.875280
vt 0.555840 0.875993
vt 0.557284 0.877477
vt 0.555840 0.876831
vt 0.553450 0.877435
vt 0.554429 0.876831
vt 0.552455 0.876032
vt 0.551158 0.876095
vt 0.551158 0.876760
vt 0.549720 0.876703
vt 0.548972 0.876997
vt 0.548909 0.876701
vt 0.552455 0.876804
vt 0.504770 0.876252
vt 0.504748 0.875198
vt 0.507083 0.875216
vt 0.507083 0.876253
vt 0.509055 0.876260
vt 0.509055 0.875227
vt 0.511043 0.875216
vt 0.511043 0.876253
vt 0.513347 0.876252
vt 0.513369 0.875198
vt 0.620264 0.982147
vt 0.620273 0.983537
vt 0.621279 0.983537
vt 0.621280 0.981488
vt 0.614817 0.982146
vt 0.613800 0.981488
vt 0.614804 0.984256
vt 0.613803 0.984266
vt 0.617800 0.994698
vt 0.617800 0.993893
vt 0.616009 0.993891
vt 0.616009 0.994700
vt 0.514309 0.957178
vt 0.514309 0.958211
vt 0.515082 0.958215
vt 0.515082 0.957178
vt 0.616512 0.947496
vt 0.615938 0.947496
vt 0.615938 0.941584
vt 0.616512 0.941584
vt 0.616847 0.947378
vt 0.616847 0.941566
vt 0.617730 0.941516
vt 0.617730 0.947428
vt 0.618407 0.947889
vt 0.618407 0.953701
vt 0.617524 0.953751
vt 0.617524 0.947839
vt 0.617145 0.947985
vt 0.617145 0.953897
vt 0.615733 0.953898
vt 0.615733 0.947985
vt 0.501055 0.963312
vt 0.500340 0.963312
vt 0.500340 0.957400
vt 0.501055 0.957400
vt 0.616679 0.954375
vt 0.616679 0.960287
vt 0.615143 0.960287
vt 0.615143 0.954375
vt 0.500345 0.943756
vt 0.505601 0.943756
vt 0.505601 0.944567
vt 0.500345 0.944567
vt 0.511529 0.951475
vt 0.512340 0.951475
vt 0.512340 0.956731
vt 0.511529 0.956731
vt 0.528960 0.875216
vt 0.523664 0.875153
vt 0.523664 0.877580
vt 0.528959 0.877518
vt 0.533699 0.875574
vt 0.533699 0.877059
vt 0.584778 0.944060
vt 0.584778 0.942569
vt 0.588371 0.942569
vt 0.588371 0.944060
vt 0.501069 0.937415
vt 0.500305 0.938512
vt 0.500686 0.933572
vt 0.501136 0.935983
vt 0.501215 0.934397
vt 0.501789 0.934397
vt 0.501851 0.935983
vt 0.502104 0.933572
vt 0.502576 0.938512
vt 0.501898 0.937414
vt 0.501026 0.939591
vt 0.501026 0.941149
vt 0.500261 0.942742
vt 0.502621 0.942742
vt 0.501927 0.941149
vt 0.501927 0.939591
vt 0.501787 0.933502
vt 0.501213 0.933502
vt 0.515190 0.969642
vt 0.516655 0.969642
vt 0.516100 0.970164
vt 0.516628 0.970144
vt 0.515209 0.970144
vt 0.515526 0.970164
vt 0.515526 0.975976
vt 0.516100 0.975976
vt 0.515209 0.976004
vt 0.515190 0.976498
vt 0.516655 0.976498
vt 0.516628 0.976004
vt 0.609860 0.876416
vt 0.611768 0.877506
vt 0.612376 0.879296
vt 0.604145 0.876352
vt 0.599270 0.876362
vt 0.599407 0.875868
vt 0.604147 0.875529
vt 0.609441 0.875390
vt 0.608318 0.876375
vt 0.609860 0.882175
vt 0.611768 0.881102
vt 0.608318 0.882216
vt 0.609441 0.883202
vt 0.604145 0.882240
vt 0.604147 0.883062
vt 0.599407 0.882724
vt 0.599270 0.882222
vt 0.613089 0.987225
vt 0.612755 0.992028
vt 0.612268 0.992167
vt 0.612278 0.987227
vt 0.612254 0.982997
vt 0.613227 0.981859
vt 0.612229 0.981451
vt 0.606491 0.982997
vt 0.606516 0.981451
vt 0.605518 0.981859
vt 0.605656 0.987225
vt 0.606467 0.987227
vt 0.605990 0.992028
vt 0.606485 0.992167
vt 0.621773 0.952740
vt 0.620777 0.951712
vt 0.621761 0.951714
vt 0.619377 0.952740
vt 0.619381 0.951729
vt 0.620777 0.945956
vt 0.619381 0.945939
vt 0.619377 0.944928
vt 0.621773 0.944928
vt 0.621761 0.945955
vt 0.554605 0.963652
vt 0.555656 0.963647
vt 0.555634 0.964406
vt 0.556477 0.964309
vt 0.555999 0.965248
vt 0.556700 0.965354
vt 0.555375 0.965940
vt 0.556145 0.966276
vt 0.555129 0.966635
vt 0.554224 0.965566
vt 0.554119 0.966288
vt 0.553561 0.965354
vt 0.554447 0.964383
vt 0.553768 0.964311
vt 0.606155 0.945093
vt 0.606988 0.945743
vt 0.607218 0.946764
vt 0.606636 0.947665
vt 0.605595 0.948011
vt 0.605096 0.945082
vt 0.604249 0.945715
vt 0.604554 0.947643
vt 0.603983 0.946723
vt 0.604740 0.944120
vt 0.606473 0.944120
vt 0.603336 0.945163
vt 0.602833 0.946918
vt 0.603868 0.948501
vt 0.605608 0.949089
vt 0.607343 0.948500
vt 0.608371 0.946918
vt 0.607876 0.945164
vt 0.557932 0.960834
vt 0.557078 0.962534
vt 0.557667 0.964687
vt 0.561740 0.960675
vt 0.559622 0.960028
vt 0.618915 0.947383
vt 0.618915 0.941471
vt 0.618086 0.941470
vt 0.618086 0.947384
vt 0.618395 0.960186
vt 0.618395 0.954273
vt 0.616983 0.954273
vt 0.616983 0.960185
vt 0.588415 0.942188
vt 0.588415 0.941217
vt 0.584778 0.941217
vt 0.584778 0.942188
vt 0.621418 0.958189
vt 0.620966 0.953385
vt 0.619501 0.953385
vt 0.619147 0.958189
vt 0.621480 0.963555
vt 0.619085 0.963555
vt 0.606762 0.995408
vt 0.606762 0.994555
vt 0.603789 0.994555
vt 0.603757 0.995408
vt 0.600729 0.994555
vt 0.600697 0.995408
vt 0.533173 0.980225
vt 0.528625 0.980648
vt 0.525106 0.974825
vt 0.521541 0.981272
vt 0.517136 0.981346
vt 0.517094 0.975010
vt 0.524640 0.968688
vt 0.517089 0.968650
vt 0.520579 0.963063
vt 0.523931 0.963095
vt 0.527348 0.963481
vt 0.532303 0.968468
vt 0.532927 0.974379
vt 0.514444 0.980687
vt 0.514422 0.975595
vt 0.507607 0.975732
vt 0.514074 0.970436
vt 0.507404 0.970382
vt 0.509929 0.965941
vt 0.506971 0.965495
vt 0.504057 0.965359
vt 0.500839 0.970105
vt 0.500635 0.975635
vt 0.500463 0.981145
vt 0.504296 0.981223
vt 0.510476 0.980908
vt 0.624643 0.880615
vt 0.624643 0.875415
vt 0.623419 0.875376
vt 0.623419 0.890124
vt 0.622353 0.890124
vt 0.622353 0.894342
vt 0.622353 0.887310
vt 0.623419 0.887310
vt 0.623419 0.884578
vt 0.624643 0.887310
vt 0.624643 0.884578
vt 0.623419 0.880615
vt 0.622353 0.875342
vt 0.622353 0.880615
vt 0.622353 0.884578
vt 0.624643 0.894342
vt 0.624643 0.890124
vt 0.623419 0.898357
vt 0.622353 0.898357
vt 0.622353 0.900780
vt 0.623419 0.894342
vt 0.623419 0.915052
vt 0.623419 0.912783
vt 0.622353 0.912783
vt 0.623419 0.910315
vt 0.624643 0.912783
vt 0.624643 0.910315
vt 0.624643 0.906456
vt 0.623419 0.906456
vt 0.623419 0.902874
vt 0.622353 0.906456
vt 0.622353 0.902874
vt 0.623419 0.900780
vt 0.624643 0.900780
vt 0.624643 0.898357
vt 0.622353 0.910315
vt 0.624643 0.902874
vt 0.623419 0.918411
vt 0.624643 0.918411
vt 0.624643 0.915052
vt 0.622353 0.925396
vt 0.622353 0.921645
vt 0.623419 0.921645
vt 0.623419 0.925396
vt 0.622353 0.927752
vt 0.623419 0.927752
vt 0.622353 0.930550
vt 0.623419 0.930550
vt 0.624643 0.927752
vt 0.624643 0.925396
vt 0.624643 0.921645
vt 0.622353 0.918411
vt 0.622353 0.915052
vt 0.624643 0.930550
vt 0.623419 0.875347
vt 0.624643 0.875386
vt 0.622353 0.875313
vt 0.596189 0.995408
vt 0.596189 0.994555
vt 0.601477 0.993995
vt 0.606762 0.993995
vt 0.606762 0.993142
vt 0.601444 0.993142
vt 0.596189 0.993995
vt 0.596189 0.993142
vt 0.607217 0.996885
vt 0.612912 0.996885
vt 0.612912 0.996032
vt 0.607184 0.996032
vt 0.601506 0.996885
vt 0.601473 0.996032
vt 0.596347 0.996032
vt 0.596380 0.996885
vt 0.589349 0.889769
vt 0.582055 0.889348
vt 0.582249 0.895887
vt 0.601913 0.897482
vt 0.601913 0.895537
vt 0.597985 0.895553
vt 0.597806 0.897482
vt 0.593928 0.895869
vt 0.594645 0.897680
vt 0.589041 0.896734
vt 0.590392 0.898699
vt 0.586687 0.899198
vt 0.583073 0.899058
vt 0.581097 0.897771
vt 0.580437 0.894655
vt 0.580235 0.889395
vt 0.581758 0.883635
vt 0.588870 0.882221
vt 0.596077 0.890221
vt 0.593876 0.884420
vt 0.601913 0.890346
vt 0.601913 0.884976
vt 0.597973 0.884948
vt 0.580255 0.884536
vt 0.580883 0.882221
vt 0.582871 0.881077
vt 0.586478 0.880563
vt 0.590222 0.880941
vt 0.592523 0.881838
vt 0.594612 0.883003
vt 0.597793 0.883541
vt 0.601913 0.883541
vt 0.593928 0.895869
vt 0.582249 0.895887
vt 0.605972 0.998208
vt 0.609981 0.998208
vt 0.610013 0.997355
vt 0.606004 0.997355
vt 0.599718 0.997355
vt 0.599687 0.998208
vt 0.595777 0.997355
vt 0.595777 0.998208
vt 0.590829 0.928774
vt 0.591439 0.925512
vt 0.599332 0.927020
vt 0.589519 0.930985
vt 0.598566 0.934419
vt 0.588369 0.933453
vt 0.588040 0.937427
vt 0.598591 0.941609
vt 0.588817 0.941231
vt 0.590209 0.943258
vt 0.593083 0.943884
vt 0.598428 0.943946
vt 0.604337 0.943695
vt 0.607886 0.943041
vt 0.609381 0.941021
vt 0.609573 0.937215
vt 0.609000 0.933283
vt 0.607778 0.928738
vt 0.607540 0.925495
vt 0.599361 0.921226
vt 0.607540 0.921226
vt 0.607540 0.916957
vt 0.599332 0.915432
vt 0.607778 0.913713
vt 0.598566 0.908032
vt 0.609000 0.909169
vt 0.609573 0.905236
vt 0.598591 0.900843
vt 0.609381 0.901431
vt 0.607886 0.899411
vt 0.604337 0.898757
vt 0.598428 0.898505
vt 0.593083 0.898567
vt 0.590209 0.899193
vt 0.588817 0.901220
vt 0.588040 0.905024
vt 0.588369 0.908999
vt 0.589519 0.911467
vt 0.590829 0.913677
vt 0.591439 0.916939
vt 0.591439 0.921226
vt 0.566804 0.984407
vt 0.569795 0.984407
vt 0.569795 0.987033
vt 0.566804 0.987033
vt 0.562378 0.984407
vt 0.562378 0.987033
vt 0.559225 0.984407
vt 0.559225 0.987033
vt 0.555930 0.984407
vt 0.555930 0.987033
vt 0.598333 0.984407
vt 0.602088 0.984407
vt 0.602088 0.987033
vt 0.598333 0.987033
vt 0.593961 0.987033
vt 0.593961 0.984407
vt 0.589646 0.984407
vt 0.589646 0.987033
vt 0.584692 0.987033
vt 0.584692 0.984407
vt 0.581017 0.984407
vt 0.581017 0.987033
vt 0.577264 0.984407
vt 0.577264 0.987033
vt 0.574721 0.987033
vt 0.574721 0.984407
vt 0.572379 0.984407
vt 0.572379 0.987033
vt 0.589949 0.949277
vt 0.589651 0.946647
vt 0.586259 0.947338
vt 0.595935 0.947964
vt 0.583246 0.959537
vt 0.584487 0.956186
vt 0.580026 0.954880
vt 0.581825 0.950941
vt 0.587147 0.952952
vt 0.585132 0.945454
vt 0.588133 0.944407
vt 0.591196 0.944231
vt 0.593893 0.944702
vt 0.596807 0.945571
vt 0.599045 0.946619
vt 0.603843 0.952166
vt 0.602201 0.948305
vt 0.604610 0.949746
vt 0.606827 0.951630
vt 0.577330 0.962915
vt 0.582006 0.963895
vt 0.589550 0.960620
vt 0.590741 0.957172
vt 0.592214 0.954569
vt 0.594465 0.950745
vt 0.601649 0.954222
vt 0.608153 0.956073
vt 0.610119 0.954851
vt 0.613019 0.961854
vt 0.613978 0.959225
vt 0.616165 0.962691
vt 0.616421 0.969016
vt 0.599301 0.955811
vt 0.598253 0.958874
vt 0.596305 0.962469
vt 0.587969 0.968371
vt 0.588554 0.964444
vt 0.595452 0.965609
vt 0.601230 0.963279
vt 0.601666 0.958782
vt 0.605325 0.957359
vt 0.609629 0.963030
vt 0.612952 0.969848
vt 0.614385 0.975558
vt 0.618016 0.974931
vt 0.614742 0.980898
vt 0.614395 0.975609
vt 0.610104 0.980898
vt 0.609856 0.976044
vt 0.608604 0.970746
vt 0.605460 0.964146
vt 0.602706 0.966574
vt 0.595358 0.968849
vt 0.595913 0.972169
vt 0.587681 0.972389
vt 0.596287 0.976522
vt 0.604832 0.972931
vt 0.603971 0.969933
vt 0.598512 0.972488
vt 0.599071 0.976662
vt 0.605544 0.976871
vt 0.605784 0.980898
vt 0.609863 0.976082
vt 0.605380 0.957391
vt 0.603983 0.969954
vt 0.605548 0.976895
vt 0.599308 0.980898
vt 0.596500 0.980898
vt 0.599075 0.976664
vt 0.601256 0.963293
vt 0.602724 0.966592
vt 0.596290 0.976518
vt 0.587019 0.980898
vt 0.587373 0.976264
vt 0.579638 0.976266
vt 0.580293 0.972188
vt 0.580975 0.968314
vt 0.587210 0.952913
vt 0.590778 0.957151
vt 0.589570 0.960595
vt 0.596329 0.962464
vt 0.595468 0.965601
vt 0.581065 0.947760
vt 0.583257 0.959491
vt 0.579114 0.951685
vt 0.578019 0.949923
vt 0.575226 0.953584
vt 0.575393 0.951441
vt 0.572930 0.952557
vt 0.569908 0.954179
vt 0.571030 0.955804
vt 0.570435 0.966516
vt 0.575593 0.967776
vt 0.574710 0.971671
vt 0.572056 0.962215
vt 0.578349 0.958741
vt 0.573719 0.957516
vt 0.587375 0.976241
vt 0.567505 0.958838
vt 0.567862 0.965030
vt 0.569275 0.970757
vt 0.573907 0.976111
vt 0.579205 0.980898
vt 0.565860 0.956867
vt 0.564528 0.962457
vt 0.565348 0.969470
vt 0.568307 0.975728
vt 0.573547 0.980898
vt 0.573907 0.976125
vt 0.574711 0.971689
vt 0.575595 0.967800
vt 0.568022 0.980898
vt 0.561738 0.967467
vt 0.563674 0.975009
vt 0.563232 0.980898
vt 0.568310 0.975723
vt 0.569281 0.970754
vt 0.570445 0.966517
vt 0.562145 0.960288
vt 0.558403 0.965278
vt 0.559732 0.972501
vt 0.558486 0.980898
vt 0.563680 0.974988
vt 0.572074 0.962221
vt 0.554719 0.975584
vt 0.554366 0.980898
vt 0.555976 0.970300
vt 0.564563 0.962421
vt 0.550128 0.877719
vt 0.546520 0.876198
vt 0.543807 0.878560
vt 0.542667 0.875728
vt 0.539056 0.875993
vt 0.539694 0.878784
vt 0.534403 0.880099
vt 0.534999 0.876859
vt 0.531834 0.877833
vt 0.527592 0.882890
vt 0.527583 0.879594
vt 0.524183 0.881425
vt 0.562312 0.888201
vt 0.559451 0.883755
vt 0.557380 0.885515
vt 0.554917 0.880969
vt 0.553067 0.882885
vt 0.548623 0.880127
vt 0.545345 0.881199
vt 0.539464 0.882422
vt 0.530771 0.885274
vt 0.522808 0.885825
vt 0.520443 0.883951
vt 0.518084 0.889794
vt 0.515522 0.888194
vt 0.513062 0.894962
vt 0.554348 0.886480
vt 0.557963 0.889097
vt 0.548296 0.884859
vt 0.533505 0.888004
vt 0.541524 0.885881
vt 0.550377 0.886975
vt 0.552667 0.889554
vt 0.554367 0.894332
vt 0.559707 0.893462
vt 0.561221 0.898804
vt 0.562756 0.904591
vt 0.556162 0.905192
vt 0.557103 0.910054
vt 0.555759 0.899284
vt 0.548378 0.895000
vt 0.546934 0.889856
vt 0.542945 0.887797
vt 0.534662 0.889477
vt 0.529562 0.890062
vt 0.525864 0.887979
vt 0.521892 0.891225
vt 0.526785 0.892702
vt 0.522455 0.897569
vt 0.541487 0.910550
vt 0.540782 0.905977
vt 0.537814 0.906431
vt 0.545793 0.910152
vt 0.545386 0.905362
vt 0.551276 0.909930
vt 0.550430 0.905139
vt 0.549341 0.899466
vt 0.542812 0.895688
vt 0.541562 0.890491
vt 0.536512 0.891402
vt 0.531343 0.892606
vt 0.526693 0.898094
vt 0.538114 0.896634
vt 0.538940 0.900866
vt 0.544708 0.899824
vt 0.534580 0.901812
vt 0.533760 0.897628
vt 0.533697 0.906356
vt 0.529623 0.902629
vt 0.530504 0.898195
vt 0.537820 0.910938
vt 0.541767 0.914425
vt 0.524610 0.902406
vt 0.528746 0.907101
vt 0.532663 0.910889
vt 0.537728 0.914687
vt 0.537646 0.918459
vt 0.532229 0.914654
vt 0.527639 0.911403
vt 0.517203 0.896107
vt 0.519893 0.901767
vt 0.522731 0.907547
vt 0.521590 0.910848
vt 0.526600 0.914989
vt 0.531880 0.918424
vt 0.531844 0.921454
vt 0.525784 0.918600
vt 0.525488 0.921462
vt 0.520015 0.921464
vt 0.525792 0.924324
vt 0.520199 0.926439
vt 0.531886 0.924491
vt 0.526616 0.927936
vt 0.520187 0.916488
vt 0.516605 0.908372
vt 0.514127 0.900696
vt 0.509668 0.899643
vt 0.514712 0.914969
vt 0.514267 0.921465
vt 0.514723 0.927959
vt 0.516627 0.934553
vt 0.519921 0.941153
vt 0.514152 0.942226
vt 0.517230 0.946808
vt 0.510886 0.935427
vt 0.508954 0.928583
vt 0.508369 0.921466
vt 0.508944 0.914348
vt 0.510867 0.907500
vt 0.506098 0.906706
vt 0.503996 0.913899
vt 0.503268 0.921468
vt 0.504006 0.929036
vt 0.506115 0.936224
vt 0.509692 0.943280
vt 0.513087 0.947954
vt 0.518106 0.953115
vt 0.510387 0.893748
vt 0.506923 0.898649
vt 0.503329 0.905896
vt 0.501175 0.913481
vt 0.500450 0.921469
vt 0.501185 0.929456
vt 0.503347 0.937036
vt 0.506947 0.944276
vt 0.510410 0.949169
vt 0.515543 0.954715
vt 0.520456 0.958953
vt 0.522823 0.957080
vt 0.524187 0.961477
vt 0.527596 0.960013
vt 0.527578 0.963309
vt 0.531817 0.965072
vt 0.534389 0.962810
vt 0.534971 0.966051
vt 0.539011 0.966925
vt 0.539660 0.964134
vt 0.543750 0.964372
vt 0.545309 0.961731
vt 0.548550 0.962828
vt 0.553003 0.960093
vt 0.550027 0.965249
vt 0.554744 0.962063
vt 0.557451 0.957506
vt 0.542603 0.967200
vt 0.546443 0.966749
vt 0.521611 0.932077
vt 0.522757 0.935376
vt 0.524643 0.940514
vt 0.522487 0.945348
vt 0.521918 0.951685
vt 0.525885 0.954927
vt 0.530782 0.957632
vt 0.539456 0.960491
vt 0.529593 0.952849
vt 0.526819 0.950211
vt 0.526730 0.944824
vt 0.529660 0.940291
vt 0.528776 0.935821
vt 0.533732 0.936555
vt 0.532687 0.932016
vt 0.537850 0.931983
vt 0.537748 0.928234
vt 0.541521 0.932356
vt 0.541790 0.928484
vt 0.545830 0.932762
vt 0.546142 0.928757
vt 0.551935 0.928912
vt 0.546474 0.924703
vt 0.534702 0.953438
vt 0.537858 0.936490
vt 0.540834 0.936932
vt 0.534623 0.941106
vt 0.538992 0.942051
vt 0.544772 0.943096
vt 0.545435 0.937556
vt 0.531385 0.950309
vt 0.530544 0.944723
vt 0.533806 0.945290
vt 0.538170 0.946282
vt 0.542879 0.947225
vt 0.549417 0.943437
vt 0.550489 0.937755
vt 0.551319 0.932959
vt 0.536563 0.951513
vt 0.541624 0.952421
vt 0.552752 0.921440
vt 0.552455 0.924786
vt 0.558306 0.924690
vt 0.557795 0.928748
vt 0.557147 0.932798
vt 0.556222 0.937671
vt 0.555847 0.943601
vt 0.548461 0.947910
vt 0.547010 0.953059
vt 0.542997 0.955113
vt 0.562160 0.928949
vt 0.561363 0.933021
vt 0.562829 0.938241
vt 0.561324 0.944049
vt 0.554469 0.948572
vt 0.552764 0.953368
vt 0.550442 0.955954
vt 0.541548 0.957031
vt 0.533533 0.954908
vt 0.565730 0.933662
vt 0.568054 0.939497
vt 0.548307 0.958071
vt 0.554433 0.956481
vt 0.558099 0.953830
vt 0.559835 0.949422
vt 0.566326 0.944803
vt 0.571627 0.941236
vt 0.569458 0.934178
vt 0.566705 0.929335
vt 0.562790 0.924787
vt 0.558506 0.921420
vt 0.558294 0.918155
vt 0.571876 0.946930
vt 0.564329 0.950538
vt 0.568651 0.951334
vt 0.562554 0.954673
vt 0.558980 0.959568
vt 0.562743 0.957401
vt 0.566189 0.955482
vt 0.570193 0.953359
vt 0.573451 0.948226
vt 0.574601 0.942661
vt 0.574407 0.935600
vt 0.570428 0.929676
vt 0.567471 0.924973
vt 0.562996 0.921411
vt 0.576095 0.930747
vt 0.577975 0.937256
vt 0.580450 0.932036
vt 0.577590 0.944599
vt 0.581876 0.939195
vt 0.584829 0.933506
vt 0.579675 0.946201
vt 0.584285 0.940454
vt 0.575231 0.950093
vt 0.574328 0.907128
vt 0.569395 0.908595
vt 0.570388 0.913089
vt 0.566672 0.913488
vt 0.567456 0.917833
vt 0.562777 0.918039
vt 0.567688 0.921402
vt 0.571128 0.925112
vt 0.577209 0.925728
vt 0.582103 0.926444
vt 0.586675 0.927261
vt 0.587457 0.934382
vt 0.587227 0.921319
vt 0.589420 0.927681
vt 0.571111 0.917649
vt 0.571264 0.921380
vt 0.577535 0.921354
vt 0.577186 0.916983
vt 0.576044 0.911970
vt 0.577877 0.905438
vt 0.574466 0.900050
vt 0.577432 0.898083
vt 0.573257 0.894474
vt 0.581759 0.903467
vt 0.580386 0.910645
vt 0.582073 0.916229
vt 0.582525 0.921335
vt 0.584752 0.909142
vt 0.586638 0.915378
vt 0.589976 0.921309
vt 0.589379 0.914939
vt 0.587373 0.908248
vt 0.584158 0.902191
vt 0.579502 0.896464
vt 0.575016 0.892586
vt 0.569912 0.889316
vt 0.568426 0.891396
vt 0.571707 0.895795
vt 0.571517 0.901508
vt 0.562129 0.913886
vt 0.565678 0.909178
vt 0.567964 0.903288
vt 0.566201 0.897997
vt 0.564156 0.892290
vt 0.565703 0.887078
vt 0.562641 0.885708
vt 0.546789 0.921452
vt 0.552442 0.918095
vt 0.557766 0.914098
vt 0.561314 0.909825
vt 0.551907 0.913972
vt 0.546463 0.918201
vt 0.542006 0.921455
vt 0.541766 0.924549
vt 0.537655 0.924461
vt 0.532243 0.928256
vt 0.527662 0.931521
vt 0.537712 0.921460
vt 0.541755 0.918361
vt 0.546117 0.914152
vt 0.566804 0.987033
vt 0.566804 0.984407
vt 0.581017 0.987033
vt 0.581017 0.984407
vt 0.584692 0.987033
vt 0.584692 0.984407
vt 0.589646 0.984407
vt 0.589646 0.987033
vt 0.593961 0.987033
vt 0.593961 0.984407
vt 0.598333 0.984407
vt 0.598333 0.987033
vt 0.602088 0.987033
vt 0.602088 0.984407
vt 0.570957 0.981307
vt 0.570957 0.983933
vt 0.565612 0.983933
vt 0.565612 0.981307
vt 0.560616 0.983933
vt 0.560616 0.981307
vt 0.555587 0.983933
vt 0.555587 0.981307
vt 0.574504 0.981307
vt 0.574504 0.983933
vt 0.579957 0.983933
vt 0.579957 0.981307
vt 0.584539 0.983933
vt 0.584539 0.981307
vt 0.587614 0.981307
vt 0.587614 0.983933
vt 0.590496 0.981307
vt 0.590496 0.983933
vt 0.594251 0.983933
vt 0.594251 0.981307
vt 0.596792 0.981307
vt 0.596792 0.983933
vt 0.600099 0.983933
vt 0.600099 0.981307
vt 0.602986 0.983933
vt 0.602986 0.981307
vt 0.579957 0.981307
vt 0.579957 0.983933
vt 0.601718 0.954243
vt 0.608216 0.956116
vt 0.618586 0.980898
vt 0.618028 0.974994
vt 0.618846 0.968258
vt 0.620520 0.974779
vt 0.621359 0.980898
vt 0.610186 0.954901
vt 0.515446 0.965365
vt 0.516240 0.965984
vt 0.516460 0.966958
vt 0.515905 0.967816
vt 0.514912 0.968145
vt 0.514437 0.965355
vt 0.513631 0.965958
vt 0.513921 0.967795
vt 0.513377 0.966918
vt 0.514098 0.964438
vt 0.515750 0.964438
vt 0.512761 0.965432
vt 0.512281 0.967104
vt 0.513267 0.968613
vt 0.514925 0.969172
vt 0.516578 0.968611
vt 0.517557 0.967104
vt 0.517086 0.965433
vt 0.616146 0.904499
vt 0.616146 0.899869
vt 0.618848 0.899869
vt 0.618848 0.904499
vt 0.618848 0.907228
vt 0.616146 0.907228
vt 0.616146 0.909140
vt 0.618848 0.909140
vt 0.616146 0.911077
vt 0.618848 0.911077
vt 0.618848 0.912608
vt 0.616146 0.912608
vt 0.618848 0.914047
vt 0.616146 0.914047
vt 0.616146 0.915364
vt 0.618848 0.915364
vt 0.616146 0.916871
vt 0.618848 0.916871
vt 0.616146 0.920584
vt 0.618848 0.920584
vt 0.618848 0.925093
vt 0.616146 0.925093
vt 0.616146 0.928121
vt 0.618848 0.928121
vt 0.618848 0.929491
vt 0.616146 0.929491
vt 0.616146 0.931327
vt 0.618848 0.931327
vt 0.618848 0.933276
vt 0.616146 0.933276
vt 0.618848 0.935086
vt 0.616146 0.935086
vt 0.618848 0.937002
vt 0.616146 0.937002
vt 0.616146 0.938818
vt 0.618848 0.938818
vt 0.616146 0.940987
vt 0.618848 0.940987
vt 0.612676 0.875289
vt 0.615533 0.875289
vt 0.615533 0.877129
vt 0.612676 0.877129
vt 0.615533 0.879228
vt 0.612676 0.879228
vt 0.615533 0.881139
vt 0.612676 0.881139
vt 0.615533 0.882979
vt 0.612676 0.882979
vt 0.615533 0.884732
vt 0.612676 0.884732
vt 0.615533 0.886364
vt 0.612676 0.886364
vt 0.615533 0.889501
vt 0.612676 0.889501
vt 0.612676 0.893686
vt 0.615533 0.893686
vt 0.612676 0.897031
vt 0.615533 0.897031
vt 0.612676 0.898522
vt 0.615533 0.898522
vt 0.612676 0.901360
vt 0.615533 0.901360
vt 0.615533 0.903746
vt 0.612676 0.903746
vt 0.612676 0.905274
vt 0.615533 0.905274
vt 0.615533 0.906699
vt 0.612676 0.906699
vt 0.615533 0.908324
vt 0.612676 0.908324
vt 0.612676 0.912744
vt 0.615533 0.912744
vt 0.612676 0.914899
vt 0.615533 0.914899
vt 0.538664 0.978906
vt 0.538948 0.976019
vt 0.543585 0.976118
vt 0.543232 0.979040
vt 0.542386 0.980489
vt 0.540705 0.981156
vt 0.538694 0.981107
vt 0.536715 0.980624
vt 0.534912 0.979501
vt 0.533943 0.977895
vt 0.533841 0.975718
vt 0.538889 0.972021
vt 0.533905 0.971292
vt 0.535973 0.970004
vt 0.534087 0.969726
vt 0.534870 0.968671
vt 0.536254 0.968059
vt 0.538750 0.967518
vt 0.541319 0.969373
vt 0.541748 0.968024
vt 0.542571 0.969110
vt 0.543239 0.971939
vt 0.549784 0.971505
vt 0.547790 0.968091
vt 0.551657 0.967718
vt 0.547562 0.981311
vt 0.545866 0.980474
vt 0.546965 0.979080
vt 0.544779 0.978891
vt 0.549751 0.975799
vt 0.544543 0.976533
vt 0.544716 0.971989
vt 0.545230 0.969147
vt 0.546366 0.967650
vt 0.548266 0.966372
vt 0.549796 0.965932
vt 0.551234 0.965910
vt 0.552583 0.966228
vt 0.553523 0.967341
vt 0.554161 0.971107
vt 0.554000 0.975883
vt 0.552146 0.979087
vt 0.549402 0.981492
vt 0.551627 0.981211
vt 0.553241 0.980184
vt 0.553919 0.978985
vt 0.619316 0.934446
vt 0.621631 0.934446
vt 0.621631 0.925792
vt 0.621631 0.935605
vt 0.619316 0.935605
vt 0.621631 0.937143
vt 0.619316 0.937143
vt 0.619316 0.938699
vt 0.621631 0.938699
vt 0.619316 0.941277
vt 0.619316 0.922430
vt 0.621631 0.922430
vt 0.621631 0.924037
vt 0.621631 0.920884
vt 0.619316 0.920884
vt 0.621631 0.917582
vt 0.619316 0.917582
vt 0.621631 0.914342
vt 0.619316 0.914342
vt 0.619316 0.924037
vt 0.619316 0.925792
vt 0.621631 0.941277
vt 0.619316 0.944455
vt 0.621631 0.944455
vt 0.616024 0.893084
vt 0.618809 0.893084
vt 0.618809 0.891253
vt 0.616024 0.896216
vt 0.618809 0.896216
vt 0.618809 0.899389
vt 0.616024 0.878280
vt 0.618809 0.878280
vt 0.618809 0.880809
vt 0.616024 0.875232
vt 0.618809 0.875232
vt 0.616024 0.880809
vt 0.618809 0.882495
vt 0.616024 0.882495
vt 0.618809 0.884041
vt 0.616024 0.884041
vt 0.618809 0.885530
vt 0.616024 0.885530
vt 0.616024 0.889465
vt 0.618809 0.889465
vt 0.616024 0.891253
vt 0.507125 0.960340
vt 0.512151 0.958152
vt 0.511055 0.956633
vt 0.509337 0.956072
vt 0.505242 0.956127
vt 0.503780 0.956597
vt 0.502610 0.957393
vt 0.501934 0.958966
vt 0.501550 0.961714
vt 0.507125 0.965168
vt 0.501495 0.965168
vt 0.512499 0.961678
vt 0.512590 0.965168
vt 0.608241 0.883782
vt 0.605799 0.883714
vt 0.602997 0.890153
vt 0.608549 0.886925
vt 0.609574 0.884441
vt 0.610189 0.885641
vt 0.610599 0.886739
vt 0.611333 0.894361
vt 0.609061 0.893921
vt 0.610958 0.895780
vt 0.610086 0.896777
vt 0.608925 0.897538
vt 0.605987 0.897791
vt 0.602997 0.897724
vt 0.602997 0.883782
vt 0.616024 0.899389
vt 0.574185 0.881517
vt 0.575915 0.885690
vt 0.578633 0.884722
vt 0.573065 0.886108
vt 0.570001 0.886316
vt 0.566870 0.886272
vt 0.564613 0.881592
vt 0.563789 0.885720
vt 0.561417 0.884409
vt 0.559193 0.882024
vt 0.557825 0.878909
vt 0.564646 0.875511
vt 0.557512 0.875526
vt 0.574333 0.875481
vt 0.580643 0.882501
vt 0.581451 0.880281
vt 0.582192 0.877896
vt 0.582439 0.875467
vt 0.611784 0.928657
vt 0.610520 0.929303
vt 0.609100 0.928077
vt 0.611656 0.926382
vt 0.608204 0.923275
vt 0.610061 0.922159
vt 0.608526 0.918786
vt 0.609902 0.919128
vt 0.610508 0.917462
vt 0.609501 0.915354
vt 0.611937 0.915752
vt 0.609813 0.913892
vt 0.611265 0.913119
vt 0.612297 0.914250
vt 0.521055 0.876145
vt 0.522498 0.876029
vt 0.522990 0.877636
vt 0.520211 0.877769
vt 0.520167 0.879926
vt 0.522551 0.879647
vt 0.521507 0.882619
vt 0.520145 0.881574
vt 0.518061 0.882490
vt 0.518736 0.884837
vt 0.514052 0.884380
vt 0.515296 0.887679
vt 0.513193 0.887225
vt 0.512721 0.885824
vt 0.592503 0.987420
vt 0.592503 0.992675
vt 0.589915 0.992675
vt 0.589915 0.987420
vt 0.588547 0.987420
vt 0.588547 0.992675
vt 0.587263 0.987420
vt 0.587263 0.992675
vt 0.586107 0.992675
vt 0.586107 0.987420
vt 0.584807 0.987420
vt 0.584807 0.992675
vt 0.583117 0.987420
vt 0.583117 0.992675
vt 0.581797 0.992675
vt 0.581797 0.987420
vt 0.579752 0.992675
vt 0.579752 0.987420
vt 0.576286 0.987420
vt 0.576286 0.992675
vt 0.574648 0.987420
vt 0.574648 0.992675
vt 0.573526 0.992675
vt 0.573526 0.987420
vt 0.571962 0.987420
vt 0.571962 0.992675
vt 0.568348 0.987420
vt 0.568348 0.992675
vt 0.565241 0.992675
vt 0.565241 0.987420
vt 0.505109 0.887922
vt 0.506456 0.888903
vt 0.506486 0.890628
vt 0.503533 0.899266
vt 0.506190 0.899386
vt 0.504778 0.900279
vt 0.503699 0.897749
vt 0.506308 0.897939
vt 0.504709 0.896004
vt 0.506831 0.894377
vt 0.505187 0.893989
vt 0.504847 0.892373
vt 0.503901 0.890640
vt 0.503795 0.888850
vt 0.584388 0.879396
vt 0.589256 0.879396
vt 0.586830 0.880113
vt 0.590266 0.877587
vt 0.583327 0.877569
vt 0.590266 0.875624
vt 0.583243 0.875624
vt 0.573287 0.888069
vt 0.570097 0.888069
vt 0.570097 0.886553
vt 0.573287 0.886553
vt 0.599255 0.878885
vt 0.599255 0.876768
vt 0.607895 0.876768
vt 0.607895 0.878885
vt 0.595083 0.882749
vt 0.595083 0.875668
vt 0.598866 0.875668
vt 0.598866 0.882749
vt 0.506689 0.877653
vt 0.510983 0.877653
vt 0.510983 0.879667
vt 0.506689 0.879667
vt 0.568167 0.992675
vt 0.569950 0.992675
vt 0.569950 0.987420
vt 0.568167 0.987420
vt 0.566659 0.992675
vt 0.566659 0.987420
vt 0.565224 0.987420
vt 0.565224 0.992675
vt 0.587106 0.992675
vt 0.588524 0.992675
vt 0.588524 0.987420
vt 0.587106 0.987420
vt 0.585659 0.992675
vt 0.585659 0.987420
vt 0.582491 0.987420
vt 0.582491 0.992675
vt 0.579848 0.987420
vt 0.579848 0.992675
vt 0.578412 0.992675
vt 0.578412 0.987420
vt 0.576920 0.992675
vt 0.576920 0.987420
vt 0.575546 0.987420
vt 0.575546 0.992675
vt 0.574027 0.992675
vt 0.574027 0.987420
vt 0.609472 0.909776
vt 0.609323 0.908173
vt 0.610234 0.906172
vt 0.611378 0.898275
vt 0.608766 0.898793
vt 0.609844 0.897551
vt 0.609272 0.900621
vt 0.611783 0.900049
vt 0.610384 0.902247
vt 0.612168 0.903573
vt 0.610670 0.904134
vt 0.611919 0.907841
vt 0.612102 0.909367
vt 0.610903 0.910575
vt 0.607146 0.880790
vt 0.607146 0.879749
vt 0.607971 0.879749
vt 0.607971 0.881883
vt 0.599297 0.881883
vt 0.600155 0.880790
vt 0.599297 0.879749
vt 0.600155 0.879749
vt 0.500452 0.905437
vt 0.503091 0.905430
vt 0.501689 0.906448
vt 0.503204 0.903891
vt 0.500616 0.903810
vt 0.502963 0.900940
vt 0.501567 0.898829
vt 0.503128 0.896989
vt 0.500594 0.897050
vt 0.500544 0.895143
vt 0.503160 0.895151
vt 0.501867 0.894129
vt 0.576665 0.886183
vt 0.573693 0.886183
vt 0.573693 0.889657
vt 0.576665 0.889657
vt 0.594614 0.875625
vt 0.591178 0.875625
vt 0.591178 0.879517
vt 0.594614 0.879517
vt 0.500529 0.945024
vt 0.500529 0.948038
vt 0.507167 0.948038
vt 0.507167 0.945024
vt 0.602425 0.945239
vt 0.600573 0.944394
vt 0.600222 0.945057
vt 0.599815 0.945878
vt 0.601386 0.946842
vt 0.565216 0.992689
vt 0.567060 0.992689
vt 0.567060 0.987429
vt 0.565216 0.987429
vt 0.515585 0.875307
vt 0.515585 0.881953
vt 0.518640 0.881953
vt 0.518640 0.875307
vt 0.511187 0.882864
vt 0.512240 0.877030
vt 0.511278 0.876887
vt 0.513242 0.877075
vt 0.513201 0.882663
vt 0.512386 0.887935
vt 0.510492 0.890459
vt 0.513067 0.889860
vt 0.511292 0.891242
vt 0.512724 0.891260
vt 0.505651 0.877194
vt 0.503133 0.877954
vt 0.504010 0.876684
vt 0.503925 0.879610
vt 0.506328 0.878791
vt 0.505953 0.881822
vt 0.504372 0.883823
vt 0.504081 0.885828
vt 0.506529 0.885055
vt 0.504612 0.887278
vt 0.507073 0.886429
vt 0.506196 0.887757
vt 0.605161 0.992856
vt 0.604268 0.992856
vt 0.604268 0.991140
vt 0.605161 0.991140
vt 0.604268 0.989344
vt 0.605161 0.989344
vt 0.604268 0.987134
vt 0.605161 0.987134
vt 0.604268 0.984957
vt 0.605161 0.984957
vt 0.604268 0.983176
vt 0.605161 0.983176
vt 0.605161 0.981460
vt 0.604268 0.981460
vt 0.615388 0.943492
vt 0.613326 0.942762
vt 0.611845 0.944746
vt 0.612957 0.947178
vt 0.615286 0.948665
vt 0.613335 0.948923
vt 0.613131 0.953533
vt 0.614949 0.953945
vt 0.612849 0.957403
vt 0.614703 0.957593
vt 0.577097 0.885498
vt 0.579776 0.885498
vt 0.577097 0.886044
vt 0.577097 0.890687
vt 0.579776 0.891251
vt 0.577097 0.891251
vt 0.579799 0.892479
vt 0.579799 0.891704
vt 0.575322 0.891704
vt 0.575322 0.892479
vt 0.603183 0.992851
vt 0.603605 0.992851
vt 0.603605 0.986968
vt 0.603183 0.986968
vt 0.606444 0.879331
vt 0.600642 0.879331
vt 0.600642 0.880291
vt 0.606444 0.880291
vt 0.610306 0.953266
vt 0.611658 0.954074
vt 0.612790 0.953054
vt 0.612925 0.951318
vt 0.609457 0.951667
vt 0.611265 0.949818
vt 0.608944 0.949024
vt 0.610834 0.948649
vt 0.610913 0.940664
vt 0.609955 0.940657
vt 0.611002 0.937602
vt 0.610154 0.937590
vt 0.609308 0.930964
vt 0.611435 0.933660
vt 0.612054 0.932033
vt 0.609702 0.929706
vt 0.612220 0.930222
vt 0.612582 0.931048
vt 0.611389 0.937599
vt 0.611885 0.940706
vt 0.566945 0.987434
vt 0.566945 0.992683
vt 0.569417 0.992683
vt 0.569417 0.987434
vt 0.612323 0.994581
vt 0.612772 0.994840
vt 0.612693 0.994219
vt 0.611946 0.993849
vt 0.611582 0.994219
vt 0.619986 0.993949
vt 0.619234 0.993949
vt 0.619234 0.997835
vt 0.619986 0.997835
vt 0.620945 0.997835
vt 0.620945 0.993949
vt 0.619234 0.998369
vt 0.619986 0.998369
vt 0.620945 0.998369
vt 0.621524 0.998369
vt 0.621524 0.997835
vt 0.621524 0.993949
vt 0.621524 0.992752
vt 0.620945 0.992752
vt 0.621524 0.991576
vt 0.620945 0.991570
vt 0.620198 0.990857
vt 0.621524 0.988808
vt 0.620194 0.988808
vt 0.572713 0.987420
vt 0.572713 0.992675
vt 0.571099 0.992675
vt 0.571099 0.987420
vt 0.569589 0.992675
vt 0.569589 0.987420
vt 0.567906 0.987420
vt 0.567906 0.992675
vt 0.566524 0.992675
vt 0.566524 0.987420
vt 0.565220 0.992675
vt 0.565220 0.987420
vt 0.588516 0.987420
vt 0.588516 0.992675
vt 0.587164 0.992675
vt 0.587164 0.987420
vt 0.585838 0.992675
vt 0.585838 0.987420
vt 0.582584 0.992675
vt 0.582584 0.987420
vt 0.579687 0.987420
vt 0.579687 0.992675
vt 0.578364 0.987420
vt 0.578364 0.992675
vt 0.577012 0.987420
vt 0.577012 0.992675
vt 0.575708 0.992675
vt 0.575708 0.987420
vt 0.574324 0.987420
vt 0.574324 0.992675
vt 0.607023 0.995679
vt 0.614557 0.995679
vt 0.614115 0.995247
vt 0.614115 0.993174
vt 0.614557 0.992727
vt 0.607465 0.993174
vt 0.607023 0.992727
vt 0.607465 0.995247
vt 0.612547 0.941913
vt 0.615111 0.941903
vt 0.615195 0.940990
vt 0.612564 0.940035
vt 0.615273 0.940051
vt 0.613529 0.938703
vt 0.614531 0.938752
vt 0.614839 0.937890
vt 0.614680 0.936417
vt 0.612566 0.937065
vt 0.614261 0.935387
vt 0.613111 0.932304
vt 0.613959 0.932258
vt 0.612698 0.929114
vt 0.613601 0.929154
vt 0.611652 0.921018
vt 0.613418 0.921619
vt 0.614005 0.919808
vt 0.615273 0.918221
vt 0.611636 0.918122
vt 0.612056 0.916192
vt 0.615077 0.916457
vt 0.613647 0.915419
vt 0.614416 0.932245
vt 0.614524 0.929162
vt 0.508810 0.894039
vt 0.509829 0.893924
vt 0.510036 0.888705
vt 0.509073 0.879876
vt 0.507731 0.880058
vt 0.507057 0.880832
vt 0.510112 0.881354
vt 0.509563 0.883679
vt 0.507505 0.888265
vt 0.507837 0.894252
vt 0.503903 0.891911
vt 0.502609 0.893791
vt 0.500861 0.892931
vt 0.502890 0.889610
vt 0.500282 0.888113
vt 0.502243 0.887937
vt 0.502836 0.883249
vt 0.501034 0.882768
vt 0.501688 0.879042
vt 0.503587 0.879179
vt 0.577692 0.992675
vt 0.580094 0.992675
vt 0.580094 0.987420
vt 0.577692 0.987420
vt 0.573314 0.992675
vt 0.573314 0.987420
vt 0.572082 0.987420
vt 0.572082 0.992675
vt 0.570700 0.987420
vt 0.570700 0.992675
vt 0.570004 0.987420
vt 0.570004 0.992675
vt 0.569010 0.987420
vt 0.569010 0.992675
vt 0.567919 0.987420
vt 0.567919 0.992675
vt 0.565216 0.987420
vt 0.565216 0.992675
vt 0.596743 0.992675
vt 0.602710 0.992675
vt 0.602710 0.987420
vt 0.596743 0.987420
vt 0.595539 0.987420
vt 0.595539 0.992675
vt 0.593900 0.992675
vt 0.593900 0.987420
vt 0.592558 0.987420
vt 0.592558 0.992675
vt 0.591293 0.987420
vt 0.591293 0.992675
vt 0.590004 0.992675
vt 0.590004 0.987420
vt 0.588558 0.987420
vt 0.588558 0.992675
vt 0.586426 0.987420
vt 0.586426 0.992675
vt 0.623498 0.949664
vt 0.623498 0.951744
vt 0.624346 0.951744
vt 0.624346 0.949664
vt 0.624346 0.944220
vt 0.623498 0.944220
vt 0.624346 0.938651
vt 0.623498 0.938651
vt 0.624346 0.931052
vt 0.623498 0.931052
vt 0.623498 0.980079
vt 0.624346 0.980079
vt 0.624346 0.975094
vt 0.623498 0.975094
vt 0.624346 0.970863
vt 0.623498 0.970863
vt 0.624346 0.968278
vt 0.623498 0.968278
vt 0.623498 0.965736
vt 0.624346 0.965736
vt 0.623498 0.962910
vt 0.624346 0.962910
vt 0.623498 0.959587
vt 0.624346 0.959587
vt 0.623498 0.956880
vt 0.624346 0.956880
vt 0.623498 0.953628
vt 0.624346 0.953628
vt 0.622339 0.936324
vt 0.622339 0.931361
vt 0.623130 0.931361
vt 0.623130 0.936324
vt 0.622339 0.941878
vt 0.623130 0.941878
vt 0.622339 0.945501
vt 0.623130 0.945501
vt 0.622339 0.949941
vt 0.623130 0.949941
vt 0.622339 0.954424
vt 0.623130 0.954424
vt 0.622339 0.958846
vt 0.623130 0.958846
vt 0.623130 0.963469
vt 0.622339 0.963469
vt 0.623130 0.968064
vt 0.622339 0.968064
vt 0.623130 0.970841
vt 0.622339 0.970841
vt 0.623130 0.973787
vt 0.622339 0.973787
vt 0.623130 0.977659
vt 0.622339 0.977659
vt 0.623130 0.979870
vt 0.622339 0.979870
vt 0.578393 0.992675
vt 0.578393 0.987420
vt 0.577555 0.987420
vt 0.577555 0.992675
vt 0.576470 0.987420
vt 0.576470 0.992675
vt 0.575204 0.987420
vt 0.575204 0.992675
vt 0.573482 0.987420
vt 0.573482 0.992675
vt 0.569438 0.987420
vt 0.569438 0.992675
vt 0.565227 0.992675
vt 0.565227 0.987420
vt 0.607928 0.994333
vt 0.608837 0.994642
vt 0.610062 0.994311
vt 0.609328 0.993784
vt 0.610706 0.994032
vt 0.511439 0.981748
vt 0.514329 0.981748
vt 0.514329 0.987040
vt 0.511439 0.987040
vt 0.508364 0.987040
vt 0.508364 0.981748
vt 0.504325 0.987040
vt 0.503913 0.981748
vt 0.502007 0.987040
vt 0.501595 0.981748
vt 0.500469 0.981748
vt 0.500881 0.987040
vt 0.555195 0.981748
vt 0.555190 0.987040
vt 0.553429 0.987040
vt 0.553434 0.981748
vt 0.548860 0.987040
vt 0.547825 0.981748
vt 0.543616 0.987040
vt 0.541531 0.981748
vt 0.538284 0.987040
vt 0.537789 0.981748
vt 0.533171 0.981748
vt 0.533171 0.987040
vt 0.528509 0.987040
vt 0.528509 0.981748
vt 0.523912 0.981748
vt 0.523912 0.987040
vt 0.519106 0.987040
vt 0.519106 0.981748
vt 0.586626 0.992675
vt 0.589483 0.992675
vt 0.589483 0.987420
vt 0.586626 0.987420
vt 0.582523 0.987420
vt 0.582523 0.992675
vt 0.578673 0.987420
vt 0.578673 0.992675
vt 0.577068 0.992675
vt 0.577068 0.987420
vt 0.575233 0.987420
vt 0.575233 0.992675
vt 0.573237 0.992675
vt 0.573237 0.987420
vt 0.571861 0.992675
vt 0.571861 0.987420
vt 0.568275 0.987420
vt 0.568275 0.992675
vt 0.565196 0.987420
vt 0.565196 0.992675
vt 0.619217 0.880715
vt 0.621760 0.880715
vt 0.621760 0.877988
vt 0.619217 0.883175
vt 0.621760 0.883175
vt 0.619217 0.886095
vt 0.621760 0.886095
vt 0.621760 0.888906
vt 0.619217 0.888906
vt 0.619217 0.891709
vt 0.621760 0.891709
vt 0.619217 0.894684
vt 0.621760 0.894684
vt 0.619217 0.897672
vt 0.621760 0.897672
vt 0.621760 0.900738
vt 0.619217 0.900738
vt 0.619217 0.903533
vt 0.621760 0.903533
vt 0.621760 0.906784
vt 0.619217 0.906784
vt 0.621760 0.910338
vt 0.619217 0.910338
vt 0.619217 0.913930
vt 0.621760 0.913930
vt 0.619217 0.877988
vt 0.619217 0.875300
vt 0.621760 0.875300
vt 0.510714 0.987360
vt 0.510033 0.992611
vt 0.518885 0.992611
vt 0.518885 0.987360
vt 0.524879 0.987360
vt 0.524879 0.992611
vt 0.530737 0.987360
vt 0.530737 0.992611
vt 0.532973 0.987360
vt 0.532973 0.992611
vt 0.535312 0.987360
vt 0.535312 0.992611
vt 0.538833 0.987360
vt 0.538833 0.992611
vt 0.541831 0.987360
vt 0.541831 0.992611
vt 0.545482 0.987360
vt 0.545482 0.992611
vt 0.548588 0.992611
vt 0.548588 0.987360
vt 0.551324 0.992611
vt 0.551324 0.987360
vt 0.554107 0.992611
vt 0.554107 0.987360
vt 0.558725 0.992611
vt 0.558725 0.987360
vt 0.564410 0.987360
vt 0.564410 0.992611
vt 0.518890 0.992611
vt 0.518890 0.987360
vt 0.506226 0.987360
vt 0.505902 0.992611
vt 0.500358 0.987360
vt 0.500358 0.992611
s 1
usemtl item_equipment_helmet_ULACH_LOD0
f 3284/3739/4218 3285/3740/4219 3286/3741/4220
f 3286/3741/4220 3287/3742/4221 3284/3739/4218
f 3288/3743/4222 3289/3744/4223 3290/3745/4224
f 3290/3745/4224 3291/3746/4225 3288/3743/4222
f 3291/3746/4225 3290/3745/4224 3292/3747/4226
f 3292/3747/4226 3293/3748/4227 3291/3746/4225
f 3294/3749/4228 3295/3750/4229 3296/3751/4230
f 3296/3751/4230 3297/3752/4231 3294/3749/4228
f 3298/3753/4232 3294/3749/4228 3297/3752/4231
f 3297/3752/4231 3299/3754/4233 3298/3753/4232
f 3300/3755/4234 3298/3753/4232 3299/3754/4233
f 3299/3754/4233 3301/3756/4235 3300/3755/4234
f 3302/3757/4236 3300/3755/4234 3301/3756/4235
f 3301/3756/4235 3303/3758/4237 3302/3757/4236
f 3304/3759/4238 3302/3757/4236 3303/3758/4237
f 3303/3758/4237 3305/3760/4239 3304/3759/4238
f 3304/3759/4238 3305/3760/4239 3306/3761/4240
f 3306/3761/4240 3307/3762/4241 3304/3759/4238
f 3307/3762/4241 3306/3761/4240 3308/3763/4242
f 3308/3763/4242 3309/3764/4243 3307/3762/4241
f 3309/3764/4243 3308/3763/4242 3310/3765/4244
f 3310/3765/4244 3311/3766/4245 3309/3764/4243
f 3311/3766/4245 3310/3765/4244 3289/3744/4223
f 3289/3744/4223 3288/3743/4222 3311/3766/4245
f 3312/3767/4246 3313/3768/4247 3314/3769/4248
f 3314/3769/4248 3315/3770/4249 3312/3767/4250
f 3315/3770/4249 3314/3769/4248 3316/3771/4251
f 3316/3771/4251 3317/3772/4252 3315/3770/4249
f 3318/3773/4253 3317/3772/4252 3316/3771/4251
f 3316/3771/4251 3319/3774/4254 3318/3773/4253
f 3320/3775/4255 3318/3773/4253 3319/3774/4254
f 3319/3774/4254 3321/3776/4256 3320/3775/4255
f 3322/3777/4257 3320/3775/4255 3321/3776/4256
f 3321/3776/4256 3323/3778/4258 3322/3777/4257
f 3324/3779/4259 3322/3777/4257 3323/3778/4258
f 3323/3778/4258 3325/3780/4260 3324/3779/4259
f 3326/3781/4261 3324/3779/4259 3325/3780/4260
f 3325/3780/4260 3327/3782/4262 3326/3781/4261
f 3328/3783/4263 3326/3781/4261 3327/3782/4262
f 3327/3782/4262 3329/3784/4264 3328/3783/4263
f 3295/3750/4229 3328/3783/4263 3329/3784/4264
f 3329/3784/4264 3296/3751/4230 3295/3750/4229
f 3330/3785/4265 3288/3786/4266 3291/3787/4267
f 3291/3787/4267 3331/3788/4268 3330/3785/4265
f 3332/3789/4269 3331/3788/4268 3291/3787/4267
f 3291/3787/4267 3293/3790/4270 3332/3789/4269
f 3333/3791/4271 3332/3789/4269 3293/3790/4270
f 3293/3790/4270 3334/3792/4272 3333/3791/4271
f 3335/3793/4273 3295/3794/4274 3294/3795/4275
f 3294/3795/4275 3336/3796/4276 3335/3793/4273
f 3337/3797/4277 3336/3796/4276 3294/3795/4275
f 3294/3795/4275 3298/3798/4278 3337/3797/4277
f 3338/3799/4279 3337/3797/4277 3298/3798/4278
f 3298/3798/4278 3300/3800/4280 3338/3799/4279
f 3339/3801/4281 3338/3799/4279 3300/3800/4280
f 3300/3800/4280 3302/3802/4282 3339/3801/4281
f 3340/3803/4283 3339/3801/4281 3302/3802/4282
f 3302/3802/4282 3304/3804/4284 3340/3803/4283
f 3340/3803/4283 3304/3804/4284 3307/3805/4285
f 3307/3805/4285 3341/3806/4286 3340/3803/4283
f 3341/3806/4286 3307/3805/4285 3309/3807/4287
f 3309/3807/4287 3342/3808/4288 3341/3806/4286
f 3343/3809/4289 3342/3808/4288 3309/3807/4287
f 3309/3807/4287 3311/3810/4290 3343/3809/4289
f 3330/3785/4265 3343/3809/4289 3311/3810/4290
f 3311/3810/4290 3288/3786/4266 3330/3785/4265
f 3344/3811/4291 3312/3812/4292 3315/3813/4293
f 3315/3813/4293 3345/3814/4294 3344/3811/4291
f 3346/3815/4295 3345/3814/4294 3315/3813/4293
f 3315/3813/4293 3317/3816/4296 3346/3815/4295
f 3346/3815/4295 3317/3816/4296 3318/3817/4297
f 3318/3817/4297 3347/3818/4298 3346/3815/4295
f 3347/3818/4298 3318/3817/4297 3320/3819/4299
f 3320/3819/4299 3348/3820/4300 3347/3818/4298
f 3349/3821/4301 3348/3820/4300 3320/3819/4299
f 3320/3819/4299 3322/3822/4302 3349/3821/4301
f 3350/3823/4303 3349/3821/4301 3322/3822/4302
f 3322/3822/4302 3324/3824/4304 3350/3823/4303
f 3350/3823/4303 3324/3824/4304 3326/3825/4305
f 3326/3825/4305 3351/3826/4306 3350/3823/4303
f 3351/3826/4306 3326/3825/4305 3328/3827/4307
f 3328/3827/4307 3352/3828/4308 3351/3826/4306
f 3352/3828/4308 3328/3827/4307 3295/3794/4274
f 3295/3794/4274 3335/3793/4273 3352/3828/4308
f 3353/3829/4309 3354/3830/4310 3355/3831/4311
f 3355/3831/4311 3356/3832/4312 3357/3833/4313
f 3357/3833/4313 3358/3834/4314 3355/3831/4311
f 3355/3831/4311 3358/3834/4314 3353/3829/4309
f 3359/3835/4315 3353/3829/4309 3358/3834/4314
f 3358/3834/4314 3360/3836/4316 3359/3835/4315
f 3359/3835/4315 3360/3836/4316 3361/3837/4317
f 3362/3838/4318 3354/3839/4319 3353/3840/4320
f 3353/3840/4320 3363/3841/4321 3362/3838/4318
f 3363/3841/4321 3353/3840/4320 3359/3842/4322
f 3359/3842/4322 3364/3843/4323 3363/3841/4321
f 3365/3844/4324 3364/3843/4323 3359/3842/4322
f 3359/3842/4322 3366/3845/4325 3365/3844/4324
f 3345/3770/4326 3346/3772/4327 3367/3771/4328
f 3367/3771/4328 3368/3769/4329 3345/3770/4326
f 3345/3770/4326 3368/3769/4329 3369/3768/4330
f 3369/3768/4330 3344/3767/4331 3345/3770/4326
f 3336/3749/4332 3337/3753/4333 3370/3754/4334
f 3370/3754/4334 3371/3752/4335 3336/3749/4332
f 3335/3750/4336 3336/3749/4332 3371/3752/4335
f 3371/3752/4335 3372/3751/4337 3335/3750/4336
f 3352/3783/4338 3335/3750/4336 3372/3751/4337
f 3372/3751/4337 3373/3784/4339 3352/3783/4338
f 3351/3781/4340 3352/3783/4338 3373/3784/4339
f 3373/3784/4339 3374/3782/4341 3351/3781/4340
f 3350/3779/4342 3351/3781/4340 3374/3782/4341
f 3374/3782/4341 3375/3780/4343 3350/3779/4342
f 3349/3777/4344 3350/3779/4342 3375/3780/4343
f 3375/3780/4343 3376/3778/4345 3349/3777/4344
f 3348/3775/4346 3349/3777/4344 3376/3778/4345
f 3376/3778/4345 3377/3776/4347 3348/3775/4346
f 3348/3775/4346 3377/3776/4347 3378/3774/4348
f 3378/3774/4348 3347/3773/4349 3348/3775/4346
f 3347/3773/4349 3378/3774/4348 3367/3771/4328
f 3367/3771/4328 3346/3772/4327 3347/3773/4349
f 3331/3746/4350 3332/3748/4351 3379/3747/4352
f 3379/3747/4352 3380/3745/4353 3331/3746/4350
f 3330/3743/4354 3331/3746/4350 3380/3745/4353
f 3380/3745/4353 3381/3744/4355 3330/3743/4354
f 3343/3766/4356 3330/3743/4354 3381/3744/4355
f 3381/3744/4355 3382/3765/4357 3343/3766/4356
f 3343/3766/4356 3382/3765/4357 3383/3763/4358
f 3383/3763/4358 3342/3764/4359 3343/3766/4356
f 3342/3764/4359 3383/3763/4358 3384/3761/4360
f 3384/3761/4360 3341/3762/4361 3342/3764/4359
f 3341/3762/4361 3384/3761/4360 3385/3760/4362
f 3385/3760/4362 3340/3759/4363 3341/3762/4361
f 3339/3757/4364 3340/3759/4363 3385/3760/4362
f 3385/3760/4362 3386/3758/4365 3339/3757/4364
f 3338/3755/4366 3339/3757/4364 3386/3758/4365
f 3386/3758/4365 3387/3756/4367 3338/3755/4366
f 3337/3753/4333 3338/3755/4366 3387/3756/4367
f 3387/3756/4367 3370/3754/4334 3337/3753/4333
f 3299/3798/4368 3297/3795/4369 3371/3796/4370
f 3371/3796/4370 3370/3797/4371 3299/3798/4368
f 3301/3800/4372 3299/3798/4368 3370/3797/4371
f 3370/3797/4371 3387/3799/4373 3301/3800/4372
f 3301/3800/4372 3387/3799/4373 3386/3801/4374
f 3386/3801/4374 3303/3802/4375 3301/3800/4372
f 3303/3802/4375 3386/3801/4374 3385/3803/4376
f 3385/3803/4376 3305/3804/4377 3303/3802/4375
f 3306/3805/4378 3305/3804/4377 3385/3803/4376
f 3385/3803/4376 3384/3806/4379 3306/3805/4378
f 3308/3807/4380 3306/3805/4378 3384/3806/4379
f 3384/3806/4379 3383/3808/4381 3308/3807/4380
f 3310/3810/4382 3308/3807/4380 3383/3808/4381
f 3383/3808/4381 3382/3809/4383 3310/3810/4382
f 3289/3786/4384 3310/3810/4382 3382/3809/4383
f 3382/3809/4383 3381/3785/4385 3289/3786/4384
f 3289/3786/4384 3381/3785/4385 3380/3788/4386
f 3380/3788/4386 3290/3787/4387 3289/3786/4384
f 3292/3790/4388 3290/3787/4387 3380/3788/4386
f 3380/3788/4386 3379/3789/4389 3292/3790/4388
f 3316/3816/4390 3314/3813/4391 3368/3814/4392
f 3368/3814/4393 3367/3815/4394 3316/3816/4395
f 3319/3817/4396 3316/3816/4395 3367/3815/4394
f 3367/3815/4394 3378/3818/4397 3319/3817/4396
f 3321/3819/4398 3319/3817/4396 3378/3818/4397
f 3378/3818/4397 3377/3820/4399 3321/3819/4398
f 3321/3819/4398 3377/3820/4399 3376/3821/4400
f 3376/3821/4400 3323/3822/4401 3321/3819/4398
f 3325/3824/4402 3323/3822/4401 3376/3821/4400
f 3376/3821/4400 3375/3823/4403 3325/3824/4402
f 3327/3825/4404 3325/3824/4402 3375/3823/4403
f 3375/3823/4403 3374/3826/4405 3327/3825/4404
f 3329/3827/4406 3327/3825/4404 3374/3826/4405
f 3374/3826/4405 3373/3828/4407 3329/3827/4406
f 3296/3794/4408 3329/3827/4406 3373/3828/4407
f 3373/3828/4407 3372/3793/4409 3296/3794/4408
f 3296/3794/4408 3372/3793/4409 3371/3796/4370
f 3371/3796/4370 3297/3795/4369 3296/3794/4408
f 3388/3846/4410 3389/3847/4411 3390/3848/4412
f 3391/3849/4413 3392/3850/4414 3393/3851/4415
f 3393/3851/4415 3394/3852/4416 3391/3849/4413
f 3391/3849/4413 3394/3852/4416 3395/3853/4417
f 3395/3853/4417 3396/3854/4418 3391/3849/4413
f 3357/3855/4419 3396/3854/4418 3395/3853/4417
f 3390/3848/4412 3396/3854/4418 3357/3855/4419
f 3357/3855/4419 3397/3856/4420 3390/3848/4412
f 3390/3848/4412 3397/3856/4420 3388/3846/4410
f 3388/3846/4410 3397/3856/4420 3398/3857/4421
f 3398/3857/4421 3399/3858/4422 3388/3846/4410
f 3395/3853/4417 3400/3859/4423 3357/3855/4419
f 3356/3860/4424 3398/3857/4421 3397/3856/4420
f 3397/3856/4420 3357/3855/4419 3356/3860/4424
f 3401/3861/4425 3402/3862/4426 3403/3863/4427
f 3402/3862/4426 3401/3861/4425 3396/3864/4428
f 3396/3864/4428 3389/3865/4429 3402/3862/4426
f 3396/3864/4428 3390/3866/4430 3389/3865/4429
f 3358/3867/4431 3357/3868/4432 3400/3869/4433
f 3400/3869/4433 3404/3870/4434 3358/3867/4431
f 3405/3871/4435 3406/3872/4436 3356/3873/4437
f 3356/3873/4437 3355/3874/4438 3405/3871/4435
f 3362/3875/4439 3405/3871/4435 3355/3874/4438
f 3355/3874/4438 3354/3876/4440 3362/3875/4439
f 3407/3877/4441 3408/3878/4442 3409/3879/4443
f 3409/3879/4443 3410/3880/4444 3407/3877/4441
f 3388/3881/4445 3399/3882/4446 3411/3883/4447
f 3411/3883/4447 3412/3884/4448 3388/3881/4445
f 3389/3885/4449 3388/3881/4445 3412/3884/4448
f 3412/3884/4448 3402/3886/4450 3389/3885/4449
f 3413/3887/4451 3414/3888/4452 3415/3889/4453
f 3415/3889/4454 3416/3890/4455 3413/3887/4456
f 3417/3891/4457 3418/3892/4458 3419/3893/4459
f 3419/3893/4459 3420/3894/4460 3417/3891/4457
f 3421/3895/4461 3422/3896/4462 3423/3897/4461
f 3423/3897/4461 3424/3898/4463 3421/3895/4461
f 3425/3899/4464 3424/3900/4465 3426/3901/4466
f 3426/3901/4467 3427/3902/4468 3425/3899/4464
f 3418/3903/4469 3428/3904/4470 3421/3905/4471
f 3421/3905/4471 3419/3906/4472 3418/3903/4469
f 3429/3907/4473 3430/3908/4474 3431/3909/4475
f 3431/3909/4475 3432/3910/4476 3429/3907/4473
f 3433/3911/4477 3434/3912/4478 3431/3913/4479
f 3431/3913/4479 3430/3914/4480 3433/3911/4477
f 3435/3915/4481 3436/3916/4482 3437/3917/4483
f 3435/3915/4481 3437/3917/4483 3438/3918/4484
f 3435/3915/4481 3438/3918/4484 3361/3919/4485
f 3361/3919/4485 3439/3920/4486 3435/3915/4481
f 3392/3921/4487 3439/3920/4486 3361/3919/4485
f 3361/3919/4485 3360/3922/4488 3392/3921/4487
f 3392/3921/4487 3360/3922/4488 3358/3923/4489
f 3392/3921/4487 3358/3923/4489 3404/3924/4490
f 3393/3925/4491 3392/3921/4487 3404/3924/4490
f 3421/3926/4492 3428/3927/4493 3433/3928/4494
f 3422/3929/4495 3421/3926/4492 3433/3928/4494
f 3433/3928/4494 3430/3930/4496 3422/3929/4495
f 3422/3929/4495 3430/3930/4496 3429/3931/4497
f 3429/3931/4497 3440/3932/4498 3422/3929/4495
f 3440/3932/4498 3429/3931/4497 3441/3933/4499
f 3441/3933/4499 3442/3934/4500 3440/3932/4498
f 3441/3933/4499 3443/3935/4501 3442/3934/4500
f 3409/3936/4502 3413/3937/4503 3416/3938/4504
f 3416/3938/4504 3410/3939/4505 3409/3936/4502
f 3416/3940/4506 3415/3941/4506 3407/3942/4507
f 3407/3942/4508 3410/3943/4509 3416/3940/4509
f 3423/3944/4510 3422/3945/4511 3440/3946/4512
f 3440/3946/4512 3444/3947/4513 3423/3944/4510
f 3424/3948/4514 3425/3949/4515 3445/3950/4516
f 3445/3950/4516 3446/3951/4517 3424/3948/4518
f 3421/3952/4519 3424/3948/4518 3446/3951/4517
f 3446/3951/4517 3442/3953/4520 3421/3952/4519
f 3421/3952/4519 3442/3953/4520 3420/3954/4521
f 3420/3954/4521 3419/3955/4522 3421/3952/4519
f 3436/3956/4523 3435/3957/4524 3447/3958/4525
f 3447/3958/4525 3448/3959/4526 3436/3956/4523
f 3365/3960/4527 3366/3961/4528 3449/3962/4529
f 3449/3962/4529 3450/3963/4530 3365/3960/4527
f 3444/3964/4531 3440/3965/4532 3442/3966/4533
f 3442/3966/4533 3446/3967/4534 3444/3964/4531
f 3445/3968/4535 3451/3969/4536 3452/3970/4537
f 3452/3970/4537 3446/3971/4538 3445/3968/4539
f 3420/3972/4540 3442/3973/4541 3443/3974/4542
f 3443/3974/4542 3417/3975/4543 3420/3972/4540
f 3453/3976/4544 3446/3977/4545 3452/3978/4546
f 3444/3979/4547 3446/3977/4545 3453/3976/4548
f 3453/3976/4548 3432/3980/4549 3444/3979/4547
f 3444/3979/4547 3432/3980/4549 3431/3981/4550
f 3431/3981/4550 3423/3982/4551 3444/3979/4547
f 3424/3983/4552 3423/3982/4551 3431/3981/4550
f 3431/3981/4550 3434/3984/4553 3424/3983/4552
f 3434/3984/4553 3426/3985/4554 3424/3983/4552
f 3396/3986/4555 3401/3987/4556 3454/3988/4557
f 3454/3988/4557 3391/3989/4558 3396/3986/4555
f 3439/3990/4559 3391/3989/4558 3454/3988/4557
f 3391/3989/4558 3439/3990/4559 3392/3991/4560
f 3454/3988/4557 3455/3992/4561 3456/3993/4562
f 3454/3988/4557 3456/3993/4562 3439/3990/4559
f 3439/3990/4559 3456/3993/4562 3447/3994/4563
f 3447/3994/4563 3435/3995/4564 3439/3990/4559
f 3429/3996/4565 3432/3997/4566 3453/3998/4567
f 3453/3998/4567 3441/3999/4568 3429/3996/4565
f 3437/4000/4569 3457/4001/4570 3458/4002/4571
f 3458/4002/4571 3438/4003/4572 3437/4000/4569
f 3459/4004/4573 3447/4005/4574 3456/4006/4575
f 3447/4005/4574 3459/4004/4573 3458/4007/4576
f 3458/4007/4576 3457/4008/4577 3447/4005/4574
f 3457/4008/4577 3448/4009/4578 3447/4005/4574
f 3436/4010/4579 3448/4011/4580 3460/4012/4581
f 3460/4012/4581 3448/4011/4580 3457/4013/4582
f 3457/4013/4582 3450/4014/4583 3460/4012/4581
f 3365/4015/4584 3450/4014/4583 3457/4013/4582
f 3457/4013/4582 3437/4016/4585 3365/4015/4584
f 3365/4015/4584 3437/4016/4585 3436/4010/4579
f 3436/4010/4579 3364/4017/4586 3365/4015/4584
f 3460/4012/4581 3364/4017/4586 3436/4010/4579
f 3364/4017/4586 3460/4012/4587 3393/4018/4588
f 3460/4012/4587 3394/4019/4589 3393/4018/4588
f 3460/4012/4587 3461/4020/4590 3394/4019/4589
f 3395/4021/4591 3394/4019/4589 3461/4020/4590
f 3461/4020/4590 3462/4022/4592 3395/4021/4591
f 3400/4023/4593 3395/4021/4591 3462/4022/4592
f 3462/4022/4592 3463/4024/4594 3400/4023/4593
f 3406/4025/4595 3400/4023/4596 3463/4024/4594
f 3463/4024/4594 3464/4026/4597 3406/4025/4595
f 3465/4027/4598 3411/4028/4599 3399/4029/4600
f 3399/4029/4600 3398/4030/4601 3465/4027/4598
f 3465/4027/4598 3398/4030/4601 3356/4031/4437
f 3356/4031/4437 3466/4032/4602 3465/4027/4598
f 3466/4032/4602 3356/4031/4437 3406/4033/4436
f 3406/4033/4436 3464/4034/4603 3466/4032/4602
f 3467/4035/4604 3468/4036/4605 3469/4037/4606
f 3470/4038/4607 3471/4039/4608 3472/4040/4609
f 3472/4040/4609 3473/4041/4610 3470/4038/4607
f 3473/4041/4610 3472/4040/4609 3474/4042/4611
f 3474/4042/4611 3475/4043/4612 3473/4041/4610
f 3475/4043/4612 3474/4042/4611 3476/4044/4613
f 3476/4044/4613 3477/4045/4614 3475/4043/4612
f 3470/4038/4607 3477/4045/4614 3476/4044/4613
f 3476/4044/4613 3471/4039/4608 3470/4038/4607
f 3478/4046/4615 3471/4039/4608 3476/4044/4613
f 3471/4039/4608 3478/4046/4615 3479/4047/4616
f 3479/4047/4616 3467/4035/4604 3471/4039/4608
f 3480/4048/4617 3467/4035/4604 3479/4047/4616
f 3480/4048/4617 3468/4036/4605 3467/4035/4604
f 3480/4048/4617 3481/4049/4618 3468/4036/4605
f 3480/4048/4617 3482/4050/4619 3481/4049/4618
f 3481/4049/4618 3482/4050/4619 3483/4051/4620
f 3476/4044/4613 3484/4052/4621 3478/4046/4615
f 3480/4048/4617 3484/4052/4621 3476/4044/4613
f 3476/4044/4613 3482/4050/4619 3480/4048/4617
f 3485/4053/4622 3486/4054/4623 3487/4055/4624
f 3487/4055/4624 3488/4056/4625 3485/4053/4622
f 3489/4057/4626 3488/4056/4625 3487/4055/4624
f 3487/4055/4624 3490/4058/4626 3489/4057/4626
f 3489/4057/4626 3490/4058/4626 3491/4059/4627
f 3491/4059/4627 3492/4060/4628 3489/4057/4626
f 3493/4061/4629 3492/4060/4628 3491/4059/4627
f 3491/4059/4627 3494/4062/4630 3493/4061/4629
f 3458/4063/4631 3459/4064/4632 3495/4065/4633
f 3495/4065/4633 3449/4066/4634 3458/4063/4631
f 3438/4067/4635 3458/4063/4631 3449/4066/4634
f 3449/4066/4634 3366/4068/4636 3438/4067/4635
f 3361/4069/4317 3438/4067/4635 3366/4068/4636
f 3366/4068/4636 3359/4070/4315 3361/4069/4317
f 3408/4071/4637 3414/4072/4638 3413/4073/4639
f 3413/4073/4639 3409/4074/4640 3408/4071/4637
f 3456/4075/4641 3455/4076/4642 3495/4077/4643
f 3495/4077/4643 3459/4078/4644 3456/4075/4641
f 3496/4079/4645 3497/4080/4646 3468/4081/4647
f 3468/4081/4647 3481/4082/4648 3496/4079/4645
f 3498/4083/4649 3469/4084/4650 3468/4085/4651
f 3468/4085/4651 3497/4086/4649 3498/4083/4649
f 3483/4087/4652 3499/4088/4653 3496/4089/4654
f 3496/4089/4654 3481/4090/4652 3483/4087/4652
f 3480/4091/4655 3500/4092/4656 3501/4093/4657
f 3501/4093/4657 3484/4094/4658 3480/4091/4655
f 3480/4095/4659 3479/4096/4660 3502/4097/4661
f 3502/4097/4661 3500/4098/4662 3480/4095/4659
f 3477/4099/4663 3503/4100/4663 3504/4101/4663
f 3504/4101/4663 3475/4102/4664 3477/4099/4663
f 3475/4103/4665 3504/4104/4666 3505/4105/4667
f 3505/4105/4667 3473/4106/4665 3475/4103/4665
f 3477/4107/4668 3470/4108/4669 3506/4109/4670
f 3506/4109/4670 3503/4110/4671 3477/4107/4668
f 3507/4111/4672 3508/4112/4673 3509/4113/4674
f 3509/4113/4674 3510/4114/4675 3507/4111/4672
f 3511/4115/4676 3507/4111/4672 3510/4114/4675
f 3510/4114/4675 3512/4116/4677 3511/4115/4676
f 3474/4117/4678 3472/4118/4678 3513/4119/4678
f 3513/4119/4678 3514/4120/4678 3474/4117/4678
f 3515/4121/4679 3516/4122/4680 3517/4123/4681
f 3517/4123/4681 3502/4124/4682 3515/4121/4679
f 3502/4124/4682 3517/4123/4681 3497/4125/4683
f 3502/4124/4682 3497/4125/4683 3496/4126/4684
f 3502/4124/4682 3496/4126/4684 3500/4127/4685
f 3496/4126/4684 3518/4128/4686 3500/4127/4685
f 3500/4127/4685 3518/4128/4686 3519/4129/4687
f 3519/4129/4687 3501/4130/4688 3500/4127/4685
f 3515/4121/4679 3501/4130/4688 3519/4129/4687
f 3519/4129/4687 3516/4122/4680 3515/4121/4679
f 3506/4131/4689 3516/4122/4680 3519/4129/4687
f 3516/4122/4680 3506/4131/4689 3505/4132/4690
f 3505/4132/4690 3513/4133/4691 3516/4122/4680
f 3514/4134/4692 3513/4133/4691 3505/4132/4690
f 3505/4132/4690 3504/4135/4693 3514/4134/4692
f 3519/4129/4687 3514/4134/4692 3504/4135/4693
f 3504/4135/4693 3503/4136/4694 3519/4129/4687
f 3519/4129/4687 3503/4136/4694 3506/4131/4689
f 3496/4126/4684 3499/4137/4695 3518/4128/4686
f 3498/4138/4696 3497/4125/4683 3517/4123/4681
f 3520/4139/4697 3521/4140/4698 3469/4141/4699
f 3469/4141/4699 3521/4140/4698 3467/4142/4700
f 3482/4143/4701 3520/4139/4697 3483/4144/4702
f 3469/4141/4699 3483/4144/4702 3520/4139/4697
f 3499/4145/4703 3483/4144/4702 3469/4141/4699
f 3469/4141/4699 3498/4146/4704 3499/4145/4703
f 3518/4147/4705 3499/4145/4703 3512/4148/4706
f 3511/4149/4707 3512/4148/4706 3499/4145/4703
f 3499/4145/4703 3498/4146/4704 3511/4149/4707
f 3511/4149/4707 3498/4146/4704 3517/4150/4708
f 3485/4151/4709 3488/4152/4710 3489/4153/4711
f 3519/4154/4712 3518/4155/4713 3512/4156/4714
f 3512/4156/4714 3510/4157/4715 3519/4154/4712
f 3519/4154/4712 3510/4157/4715 3509/4158/4716
f 3509/4158/4716 3514/4159/4717 3519/4154/4712
f 3485/4151/4709 3514/4159/4717 3509/4158/4716
f 3514/4159/4717 3485/4151/4709 3493/4160/4718
f 3485/4151/4709 3489/4153/4711 3493/4160/4718
f 3493/4160/4718 3489/4153/4711 3492/4161/4719
f 3493/4160/4718 3474/4162/4720 3514/4159/4717
f 3493/4160/4718 3522/4163/4721 3474/4162/4720
f 3476/4164/4722 3474/4162/4720 3522/4163/4721
f 3522/4163/4721 3523/4165/4723 3476/4164/4722
f 3476/4164/4722 3523/4165/4723 3520/4166/4724
f 3520/4166/4724 3482/4167/4725 3476/4164/4722
f 3507/4168/4726 3511/4169/4727 3517/4170/4728
f 3517/4170/4728 3516/4171/4729 3507/4168/4726
f 3507/4168/4726 3516/4171/4729 3513/4172/4730
f 3513/4172/4730 3508/4173/4731 3507/4168/4726
f 3508/4173/4731 3513/4172/4730 3524/4174/4732
f 3524/4174/4732 3513/4172/4730 3472/4175/4733
f 3472/4175/4733 3525/4176/4734 3524/4174/4732
f 3472/4175/4733 3526/4177/4735 3525/4176/4734
f 3527/4178/4736 3526/4177/4735 3472/4175/4733
f 3472/4175/4733 3471/4179/4737 3527/4178/4736
f 3521/4180/4738 3527/4178/4736 3471/4179/4737
f 3471/4179/4737 3467/4181/4739 3521/4180/4738
f 3509/4182/4740 3486/4183/4741 3485/4184/4742
f 3486/4183/4741 3509/4182/4740 3508/4185/4743
f 3508/4185/4743 3524/4186/4744 3486/4183/4741
f 3494/4187/4745 3486/4183/4741 3524/4186/4744
f 3524/4186/4744 3525/4188/4746 3494/4187/4745
f 3494/4187/4745 3525/4188/4746 3526/4189/4747
f 3526/4189/4747 3522/4190/4748 3494/4187/4745
f 3494/4187/4745 3522/4190/4748 3493/4191/4749
f 3528/4192/4750 3529/4193/4751 3530/4194/4752
f 3530/4194/4752 3529/4193/4751 3531/4195/4753
f 3532/4196/4754 3530/4194/4752 3531/4195/4753
f 3531/4195/4753 3533/4197/4755 3532/4196/4754
f 3534/4198/4756 3532/4196/4754 3533/4197/4755
f 3533/4197/4755 3535/4199/4757 3534/4198/4756
f 3534/4198/4756 3535/4199/4757 3536/4200/4758
f 3537/4201/4759 3534/4198/4756 3536/4200/4758
f 3536/4200/4758 3538/4202/4760 3537/4201/4759
f 3537/4201/4759 3538/4202/4760 3539/4203/4761
f 3540/4204/4762 3537/4201/4759 3539/4203/4761
f 3539/4203/4761 3541/4205/4763 3540/4204/4762
f 3540/4204/4762 3541/4205/4763 3528/4192/4750
f 3530/4194/4752 3540/4204/4762 3528/4192/4750
f 3540/4204/4762 3530/4194/4752 3537/4201/4759
f 3530/4194/4752 3534/4198/4756 3537/4201/4759
f 3530/4194/4752 3532/4196/4754 3534/4198/4756
f 3542/4206/4764 3543/4207/4765 3544/4208/4766
f 3544/4208/4766 3545/4209/4767 3542/4206/4764
f 3542/4206/4764 3545/4209/4767 3546/4210/4768
f 3546/4210/4768 3547/4211/4769 3542/4206/4764
f 3548/4212/4770 3547/4211/4769 3546/4210/4768
f 3546/4210/4768 3549/4213/4771 3548/4212/4770
f 3548/4212/4770 3549/4213/4771 3550/4214/4772
f 3551/4215/4773 3552/4216/4774 3542/4206/4764
f 3542/4206/4764 3547/4211/4769 3551/4215/4773
f 3553/4217/4775 3551/4215/4773 3547/4211/4769
f 3547/4211/4769 3548/4212/4770 3553/4217/4775
f 3554/4218/4776 3553/4217/4775 3548/4212/4770
f 3548/4212/4770 3550/4214/4772 3554/4218/4776
f 3555/4219/4777 3554/4218/4776 3550/4214/4772
f 3550/4214/4772 3549/4213/4771 3555/4219/4777
f 3556/4220/4778 3555/4219/4777 3549/4213/4771
f 3549/4213/4771 3546/4210/4768 3556/4220/4778
f 3557/4221/4779 3556/4220/4778 3546/4210/4768
f 3546/4210/4768 3545/4209/4767 3557/4221/4779
f 3558/4222/4780 3557/4221/4779 3545/4209/4767
f 3545/4209/4767 3544/4208/4766 3558/4222/4780
f 3559/4223/4781 3558/4222/4780 3544/4208/4766
f 3544/4208/4766 3543/4207/4765 3559/4223/4781
f 3552/4216/4774 3559/4223/4781 3543/4207/4765
f 3543/4207/4765 3542/4206/4764 3552/4216/4774
f 3560/4204/4782 3561/4201/4783 3562/4194/4784
f 3561/4201/4783 3563/4198/4785 3562/4194/4784
f 3563/4198/4785 3564/4196/4786 3562/4194/4784
f 3565/4192/4787 3560/4204/4782 3562/4194/4784
f 3560/4204/4782 3565/4192/4787 3566/4205/4788
f 3560/4204/4782 3566/4205/4788 3567/4203/4789
f 3567/4203/4789 3561/4201/4783 3560/4204/4782
f 3561/4201/4783 3567/4203/4789 3568/4202/4790
f 3561/4201/4783 3568/4202/4790 3569/4200/4791
f 3569/4200/4791 3563/4198/4785 3561/4201/4783
f 3563/4198/4785 3569/4200/4791 3570/4199/4792
f 3563/4198/4785 3570/4199/4792 3571/4197/4793
f 3571/4197/4793 3564/4196/4786 3563/4198/4785
f 3564/4196/4786 3571/4197/4793 3572/4195/4794
f 3572/4195/4794 3562/4194/4784 3564/4196/4786
f 3562/4194/4784 3572/4195/4794 3573/4193/4795
f 3562/4194/4784 3573/4193/4795 3565/4192/4787
f 3574/4215/4796 3575/4211/4797 3576/4206/4798
f 3575/4211/4797 3574/4215/4796 3577/4217/4799
f 3577/4217/4799 3578/4212/4800 3575/4211/4797
f 3578/4212/4800 3577/4217/4799 3579/4218/4801
f 3579/4218/4801 3580/4214/4802 3578/4212/4800
f 3580/4214/4802 3579/4218/4801 3581/4219/4803
f 3581/4219/4803 3582/4213/4804 3580/4214/4802
f 3582/4213/4804 3581/4219/4803 3583/4220/4805
f 3583/4220/4805 3584/4210/4806 3582/4213/4804
f 3584/4210/4806 3583/4220/4805 3585/4221/4807
f 3585/4221/4807 3586/4209/4808 3584/4210/4806
f 3586/4209/4808 3585/4221/4807 3587/4222/4809
f 3587/4222/4809 3588/4208/4810 3586/4209/4808
f 3588/4208/4810 3587/4222/4809 3589/4223/4811
f 3589/4223/4811 3590/4207/4812 3588/4208/4810
f 3590/4207/4812 3589/4223/4811 3591/4216/4813
f 3591/4216/4813 3576/4206/4798 3590/4207/4812
f 3576/4206/4798 3591/4216/4813 3574/4215/4796
f 3588/4208/4810 3590/4207/4812 3576/4206/4798
f 3576/4206/4798 3586/4209/4808 3588/4208/4810
f 3584/4210/4806 3586/4209/4808 3576/4206/4798
f 3576/4206/4798 3575/4211/4797 3584/4210/4806
f 3584/4210/4806 3575/4211/4797 3578/4212/4800
f 3578/4212/4800 3582/4213/4804 3584/4210/4806
f 3578/4212/4800 3580/4214/4802 3582/4213/4804
f 3592/4035/4814 3593/4037/4815 3594/4036/4816
f 3595/4048/4817 3594/4036/4816 3596/4049/4818
f 3595/4048/4817 3592/4035/4814 3594/4036/4816
f 3595/4048/4817 3597/4047/4819 3592/4035/4814
f 3598/4039/4820 3592/4035/4814 3597/4047/4819
f 3597/4047/4819 3599/4046/4821 3598/4039/4820
f 3600/4041/4822 3601/4043/4823 3602/4042/4824
f 3602/4042/4824 3603/4040/4825 3600/4041/4822
f 3604/4038/4826 3600/4041/4822 3603/4040/4825
f 3603/4040/4825 3598/4039/4820 3604/4038/4826
f 3604/4038/4826 3598/4039/4820 3605/4044/4827
f 3605/4044/4827 3598/4039/4820 3599/4046/4821
f 3599/4046/4821 3606/4052/4828 3605/4044/4827
f 3605/4044/4827 3606/4052/4828 3595/4048/4817
f 3595/4048/4817 3607/4050/4829 3605/4044/4827
f 3595/4048/4817 3596/4049/4818 3607/4050/4829
f 3596/4049/4818 3608/4051/4830 3607/4050/4829
f 3605/4044/4827 3609/4045/4831 3604/4038/4826
f 3601/4043/4823 3609/4045/4831 3605/4044/4827
f 3605/4044/4827 3602/4042/4824 3601/4043/4823
f 3610/4224/4832 3611/4225/4833 3612/4226/4834
f 3613/4227/4835 3610/4224/4832 3612/4226/4834
f 3613/4227/4835 3614/4228/4836 3610/4224/4832
f 3615/4115/4837 3616/4116/4837 3617/4114/4838
f 3617/4114/4838 3618/4111/4839 3615/4115/4837
f 3618/4111/4839 3617/4114/4838 3619/4113/4840
f 3619/4113/4840 3620/4112/4840 3618/4111/4839
f 3621/4229/4841 3606/4230/4842 3599/4231/4842
f 3599/4231/4842 3622/4232/4841 3621/4229/4841
f 3622/4233/4843 3599/4234/4844 3597/4235/4845
f 3597/4235/4845 3623/4236/4846 3622/4233/4843
f 3600/4237/4847 3604/4238/4847 3624/4239/4848
f 3624/4239/4848 3625/4240/4848 3600/4237/4847
f 3626/4241/4849 3627/4242/4850 3628/4243/4851
f 3628/4243/4851 3629/4244/4852 3626/4241/4849
f 3630/4245/4853 3626/4241/4849 3629/4244/4852
f 3629/4244/4852 3631/4246/4853 3630/4245/4853
f 3632/4079/4854 3596/4082/4855 3594/4081/4855
f 3594/4081/4855 3633/4080/4854 3632/4079/4854
f 3634/4083/4856 3633/4086/4857 3594/4085/4858
f 3594/4085/4858 3593/4084/4859 3634/4083/4856
f 3608/4087/4860 3596/4090/4861 3632/4089/4862
f 3632/4089/4862 3635/4088/4863 3608/4087/4860
f 3595/4091/4864 3606/4094/4865 3621/4093/4866
f 3621/4093/4866 3636/4092/4867 3595/4091/4864
f 3595/4095/4868 3636/4098/4869 3623/4097/4870
f 3623/4097/4870 3597/4096/4868 3595/4095/4868
f 3609/4099/4871 3601/4102/4872 3637/4101/4873
f 3637/4101/4873 3638/4100/4874 3609/4099/4871
f 3601/4103/4875 3600/4106/4841 3625/4105/4855
f 3625/4105/4855 3637/4104/4855 3601/4103/4875
f 3609/4107/4876 3638/4110/4877 3624/4109/4877
f 3624/4109/4877 3604/4108/4878 3609/4107/4876
f 3602/4117/4878 3639/4120/4877 3640/4119/4877
f 3640/4119/4877 3603/4118/4879 3602/4117/4878
f 3641/4129/4880 3642/4128/4881 3636/4127/4882
f 3636/4127/4882 3621/4130/4883 3641/4129/4880
f 3641/4129/4880 3621/4130/4883 3622/4121/4884
f 3632/4126/4885 3642/4128/4881 3635/4137/4886
f 3636/4127/4882 3642/4128/4881 3632/4126/4885
f 3623/4124/4887 3636/4127/4882 3632/4126/4885
f 3623/4124/4887 3632/4126/4885 3633/4125/4888
f 3623/4124/4887 3633/4125/4888 3643/4123/4889
f 3622/4121/4884 3623/4124/4887 3643/4123/4889
f 3643/4123/4889 3644/4122/4890 3622/4121/4884
f 3622/4121/4884 3644/4122/4890 3641/4129/4880
f 3641/4129/4880 3644/4122/4890 3624/4131/4891
f 3624/4131/4891 3638/4136/4892 3641/4129/4880
f 3641/4129/4880 3638/4136/4892 3637/4135/4893
f 3637/4135/4893 3639/4134/4894 3641/4129/4880
f 3639/4134/4894 3637/4135/4893 3625/4132/4895
f 3625/4132/4895 3640/4133/4896 3639/4134/4894
f 3644/4122/4890 3640/4133/4896 3625/4132/4895
f 3625/4132/4895 3624/4131/4891 3644/4122/4890
f 3634/4138/4897 3643/4123/4889 3633/4125/4888
f 3593/4141/4898 3628/4140/4899 3627/4139/4900
f 3593/4141/4898 3592/4142/4901 3628/4140/4899
f 3607/4143/4902 3608/4144/4903 3627/4139/4900
f 3627/4139/4900 3608/4144/4903 3593/4141/4898
f 3593/4141/4898 3608/4144/4903 3635/4145/4904
f 3635/4145/4904 3634/4146/4905 3593/4141/4898
f 3615/4149/4906 3643/4150/4907 3634/4146/4905
f 3615/4149/4906 3634/4146/4905 3635/4145/4904
f 3635/4145/4904 3616/4148/4908 3615/4149/4906
f 3642/4147/4909 3616/4148/4908 3635/4145/4904
f 3612/4187/4910 3645/4191/4911 3630/4190/4912
f 3612/4187/4910 3630/4190/4912 3631/4189/4913
f 3631/4189/4913 3646/4188/4914 3612/4187/4910
f 3612/4187/4910 3646/4188/4914 3647/4186/4915
f 3647/4186/4915 3613/4183/4916 3612/4187/4910
f 3613/4183/4916 3647/4186/4915 3620/4185/4917
f 3620/4185/4917 3619/4182/4918 3613/4183/4916
f 3619/4182/4918 3648/4184/4919 3613/4183/4916
f 3645/4061/4920 3612/4062/4921 3611/4059/4922
f 3611/4059/4922 3649/4060/4923 3645/4061/4920
f 3650/4057/4924 3649/4060/4923 3611/4059/4922
f 3611/4059/4922 3610/4058/4925 3650/4057/4924
f 3650/4057/4924 3610/4058/4925 3614/4055/4926
f 3614/4055/4926 3651/4056/4927 3650/4057/4924
f 3648/4053/4928 3651/4056/4927 3614/4055/4926
f 3614/4055/4926 3613/4054/4929 3648/4053/4928
f 3645/4160/4930 3649/4161/4931 3650/4153/4932
f 3648/4151/4933 3645/4160/4930 3650/4153/4932
f 3645/4160/4930 3648/4151/4933 3639/4159/4934
f 3648/4151/4933 3619/4158/4935 3639/4159/4934
f 3641/4154/4936 3639/4159/4934 3619/4158/4935
f 3619/4158/4935 3617/4157/4937 3641/4154/4936
f 3641/4154/4936 3617/4157/4937 3616/4156/4938
f 3616/4156/4938 3642/4155/4939 3641/4154/4936
f 3648/4151/4933 3650/4153/4932 3651/4152/4940
f 3639/4159/4934 3602/4162/4941 3645/4160/4930
f 3645/4160/4930 3602/4162/4941 3630/4163/4942
f 3630/4163/4942 3602/4162/4941 3605/4164/4943
f 3605/4164/4943 3626/4165/4944 3630/4163/4942
f 3627/4166/4945 3626/4165/4944 3605/4164/4943
f 3605/4164/4943 3607/4167/4946 3627/4166/4945
f 3628/4180/4947 3592/4181/4948 3598/4179/4949
f 3598/4179/4949 3629/4178/4950 3628/4180/4947
f 3629/4178/4950 3598/4179/4949 3603/4175/4951
f 3603/4175/4951 3631/4177/4952 3629/4178/4950
f 3603/4175/4951 3646/4176/4953 3631/4177/4952
f 3647/4174/4954 3646/4176/4953 3603/4175/4951
f 3603/4175/4951 3640/4172/4955 3647/4174/4954
f 3620/4173/4956 3647/4174/4954 3640/4172/4955
f 3618/4168/4957 3620/4173/4956 3640/4172/4955
f 3640/4172/4955 3644/4171/4958 3618/4168/4957
f 3618/4168/4957 3644/4171/4958 3643/4170/4959
f 3643/4170/4959 3615/4169/4960 3618/4168/4957
f 3652/4227/4961 3653/4224/4962 3654/4228/4963
f 3652/4227/4961 3655/4226/4964 3653/4224/4962
f 3653/4224/4962 3655/4226/4964 3656/4225/4965
f 3657/4245/4966 3658/4246/4967 3659/4244/4968
f 3659/4244/4968 3660/4241/4969 3657/4245/4966
f 3660/4241/4969 3659/4244/4968 3661/4243/4970
f 3661/4243/4970 3662/4242/4971 3660/4241/4969
f 3663/4035/4972 3664/4036/4973 3665/4037/4974
f 3666/4047/4975 3663/4035/4972 3667/4039/4976
f 3668/4048/4977 3663/4035/4972 3666/4047/4975
f 3668/4048/4977 3664/4036/4973 3663/4035/4972
f 3668/4048/4977 3669/4049/4978 3664/4036/4973
f 3668/4048/4977 3670/4050/4979 3669/4049/4978
f 3669/4049/4978 3670/4050/4979 3671/4051/4980
f 3672/4044/4981 3673/4052/4982 3674/4046/4983
f 3668/4048/4977 3673/4052/4982 3672/4044/4981
f 3672/4044/4981 3670/4050/4979 3668/4048/4977
f 3667/4039/4976 3674/4046/4983 3666/4047/4975
f 3674/4046/4983 3667/4039/4976 3672/4044/4981
f 3672/4044/4981 3667/4039/4976 3675/4038/4984
f 3675/4038/4984 3676/4045/4985 3672/4044/4981
f 3672/4044/4981 3676/4045/4985 3677/4043/4986
f 3677/4043/4986 3678/4042/4987 3672/4044/4981
f 3678/4042/4987 3677/4043/4986 3679/4041/4988
f 3679/4041/4988 3680/4040/4989 3678/4042/4987
f 3680/4040/4989 3679/4041/4988 3675/4038/4984
f 3675/4038/4984 3667/4039/4976 3680/4040/4989
f 3681/4053/4990 3652/4054/4991 3654/4055/4992
f 3654/4055/4992 3682/4056/4993 3681/4053/4990
f 3683/4057/4994 3682/4056/4993 3654/4055/4992
f 3654/4055/4992 3653/4058/4995 3683/4057/4994
f 3683/4057/4994 3653/4058/4995 3656/4059/4996
f 3656/4059/4996 3684/4060/4997 3683/4057/4994
f 3685/4061/4998 3684/4060/4997 3656/4059/4996
f 3656/4059/4996 3655/4062/4999 3685/4061/4998
f 3686/4229/5000 3687/4232/5000 3674/4231/5001
f 3674/4231/5001 3673/4230/5001 3686/4229/5000
f 3687/4233/5002 3688/4236/5002 3666/4235/5003
f 3666/4235/5003 3674/4234/5004 3687/4233/5002
f 3679/4237/5005 3689/4240/5006 3690/4239/5006
f 3690/4239/5006 3675/4238/5005 3679/4237/5005
f 3691/4079/5007 3692/4080/5008 3664/4081/5009
f 3664/4081/5009 3669/4082/5009 3691/4079/5007
f 3693/4083/5010 3665/4084/5011 3664/4085/5012
f 3664/4085/5012 3692/4086/5013 3693/4083/5010
f 3671/4087/5014 3694/4088/5015 3691/4089/5016
f 3691/4089/5016 3669/4090/5017 3671/4087/5014
f 3668/4091/5018 3695/4092/5019 3686/4093/5020
f 3686/4093/5020 3673/4094/5021 3668/4091/5018
f 3668/4095/5022 3666/4096/5022 3688/4097/5023
f 3688/4097/5023 3695/4098/5023 3668/4095/5022
f 3676/4099/5024 3696/4100/5025 3697/4101/5026
f 3697/4101/5026 3677/4102/5024 3676/4099/5024
f 3677/4103/5027 3697/4104/5009 3689/4105/5009
f 3689/4105/5009 3679/4106/5000 3677/4103/5027
f 3676/4107/5028 3675/4108/5028 3690/4109/5029
f 3690/4109/5029 3696/4110/5029 3676/4107/5028
f 3698/4111/5030 3699/4112/5031 3700/4113/5031
f 3700/4113/5031 3701/4114/5032 3698/4111/5030
f 3702/4115/5033 3698/4111/5030 3701/4114/5032
f 3701/4114/5032 3703/4116/5034 3702/4115/5033
f 3678/4117/5028 3680/4118/5035 3704/4119/5029
f 3704/4119/5029 3705/4120/5029 3678/4117/5028
f 3687/4121/5036 3706/4122/5037 3707/4123/5038
f 3707/4123/5038 3688/4124/5039 3687/4121/5036
f 3688/4124/5039 3707/4123/5038 3692/4125/5040
f 3688/4124/5039 3692/4125/5040 3691/4126/5041
f 3688/4124/5039 3691/4126/5041 3695/4127/5042
f 3691/4126/5041 3708/4128/5043 3695/4127/5042
f 3695/4127/5042 3708/4128/5043 3709/4129/5044
f 3709/4129/5044 3686/4130/5045 3695/4127/5042
f 3687/4121/5036 3686/4130/5045 3709/4129/5044
f 3709/4129/5044 3706/4122/5037 3687/4121/5036
f 3690/4131/5046 3706/4122/5037 3709/4129/5044
f 3706/4122/5037 3690/4131/5046 3689/4132/5047
f 3689/4132/5047 3704/4133/5048 3706/4122/5037
f 3705/4134/5049 3704/4133/5048 3689/4132/5047
f 3689/4132/5047 3697/4135/5050 3705/4134/5049
f 3709/4129/5044 3705/4134/5049 3697/4135/5050
f 3697/4135/5050 3696/4136/5051 3709/4129/5044
f 3709/4129/5044 3696/4136/5051 3690/4131/5046
f 3691/4126/5041 3694/4137/5052 3708/4128/5043
f 3693/4138/5053 3692/4125/5040 3707/4123/5038
f 3662/4139/5054 3661/4140/5055 3665/4141/5056
f 3665/4141/5056 3661/4140/5055 3663/4142/5057
f 3670/4143/5058 3662/4139/5054 3671/4144/5059
f 3665/4141/5056 3671/4144/5059 3662/4139/5054
f 3694/4145/5060 3671/4144/5059 3665/4141/5056
f 3665/4141/5056 3693/4146/5061 3694/4145/5060
f 3708/4147/5062 3694/4145/5060 3703/4148/5063
f 3702/4149/5064 3703/4148/5063 3694/4145/5060
f 3694/4145/5060 3693/4146/5061 3702/4149/5064
f 3702/4149/5064 3693/4146/5061 3707/4150/5065
f 3681/4151/5066 3682/4152/5067 3683/4153/5068
f 3709/4154/5069 3708/4155/5070 3703/4156/5071
f 3703/4156/5071 3701/4157/5072 3709/4154/5069
f 3709/4154/5069 3701/4157/5072 3700/4158/5073
f 3700/4158/5073 3705/4159/5074 3709/4154/5069
f 3681/4151/5066 3705/4159/5074 3700/4158/5073
f 3705/4159/5074 3681/4151/5066 3685/4160/5075
f 3681/4151/5066 3683/4153/5068 3685/4160/5075
f 3685/4160/5075 3683/4153/5068 3684/4161/5076
f 3685/4160/5075 3678/4162/5077 3705/4159/5074
f 3685/4160/5075 3657/4163/5078 3678/4162/5077
f 3672/4164/5079 3678/4162/5077 3657/4163/5078
f 3657/4163/5078 3660/4165/5080 3672/4164/5079
f 3672/4164/5079 3660/4165/5080 3662/4166/5081
f 3662/4166/5081 3670/4167/5082 3672/4164/5079
f 3698/4168/5083 3702/4169/5084 3707/4170/5085
f 3707/4170/5085 3706/4171/5086 3698/4168/5083
f 3698/4168/5083 3706/4171/5086 3704/4172/5087
f 3704/4172/5087 3699/4173/5088 3698/4168/5083
f 3699/4173/5088 3704/4172/5087 3710/4174/5089
f 3710/4174/5089 3704/4172/5087 3680/4175/5090
f 3680/4175/5090 3711/4176/5091 3710/4174/5089
f 3680/4175/5090 3658/4177/5092 3711/4176/5091
f 3659/4178/5093 3658/4177/5092 3680/4175/5090
f 3680/4175/5090 3667/4179/5094 3659/4178/5093
f 3661/4180/5095 3659/4178/5093 3667/4179/5094
f 3667/4179/5094 3663/4181/5096 3661/4180/5095
f 3700/4182/5097 3652/4183/5098 3681/4184/5099
f 3652/4183/5098 3700/4182/5097 3699/4185/5100
f 3699/4185/5100 3710/4186/5101 3652/4183/5098
f 3655/4187/5102 3652/4183/5098 3710/4186/5101
f 3710/4186/5101 3711/4188/5103 3655/4187/5102
f 3655/4187/5102 3711/4188/5103 3658/4189/5104
f 3658/4189/5104 3657/4190/5105 3655/4187/5102
f 3655/4187/5102 3657/4190/5105 3685/4191/5106
f 3712/4247/5107 3713/4248/5108 3714/4249/5109
f 3714/4249/5109 3715/4250/5110 3712/4247/5107
f 3715/4250/5110 3714/4249/5109 3716/4251/5111
f 3716/4251/5111 3717/4252/5112 3715/4250/5110
f 3718/4253/5113 3719/4254/5114 3720/4255/5115
f 3719/4254/5114 3721/4256/5116 3720/4255/5115
f 3720/4255/5115 3721/4256/5116 3722/4257/5117
f 3722/4257/5117 3723/4258/5118 3720/4255/5115
f 3724/4259/5119 3720/4255/5115 3723/4258/5118
f 3723/4258/5118 3725/4260/5120 3724/4259/5119
f 3724/4259/5119 3725/4260/5120 3712/4261/5121
f 3712/4261/5121 3715/4262/5122 3724/4259/5119
f 3724/4259/5119 3715/4262/5122 3717/4263/5123
f 3717/4263/5123 3726/4264/5124 3724/4259/5119
f 3720/4255/5115 3724/4259/5119 3726/4264/5124
f 3726/4264/5124 3727/4265/5125 3720/4255/5115
f 3720/4255/5115 3727/4265/5125 3718/4253/5113
f 3728/4266/5126 3729/4267/5127 3730/4268/5128
f 3730/4268/5128 3729/4267/5127 3731/4269/5129
f 3731/4269/5129 3732/4270/5130 3730/4268/5128
f 3732/4270/5130 3731/4269/5129 3716/4271/5131
f 3716/4271/5131 3714/4272/5132 3732/4270/5130
f 3732/4270/5130 3714/4272/5132 3713/4273/5133
f 3713/4273/5133 3733/4274/5134 3732/4270/5130
f 3732/4270/5130 3733/4274/5134 3734/4275/5135
f 3734/4275/5135 3730/4268/5128 3732/4270/5130
f 3730/4268/5128 3734/4275/5135 3735/4276/5136
f 3735/4276/5136 3736/4277/5137 3730/4268/5128
f 3736/4277/5137 3737/4278/5138 3730/4268/5128
f 3730/4268/5128 3737/4278/5138 3728/4266/5126
f 3738/4279/5139 3739/4280/5140 3740/4281/5141
f 3741/4282/5142 3742/4283/5143 3743/4284/5144
f 3744/4285/5145 3742/4283/5143 3741/4282/5142
f 3741/4282/5142 3745/4286/5146 3744/4285/5145
f 3744/4285/5145 3745/4286/5146 3746/4287/5147
f 3746/4287/5147 3745/4286/5146 3747/4288/5148
f 3747/4288/5148 3748/4289/5149 3746/4287/5147
f 3746/4287/5147 3748/4289/5149 3738/4279/5139
f 3738/4279/5139 3749/4290/5150 3746/4287/5147
f 3740/4281/5141 3749/4290/5150 3738/4279/5139
f 3749/4290/5150 3740/4281/5141 3750/4291/5151
f 3750/4291/5151 3751/4292/5152 3749/4290/5150
f 3746/4287/5147 3749/4290/5150 3751/4292/5152
f 3751/4292/5152 3752/4293/5153 3746/4287/5147
f 3746/4287/5147 3752/4293/5153 3744/4285/5145
f 3753/4294/5154 3754/4295/5155 3741/4282/5142
f 3741/4282/5142 3754/4295/5155 3747/4288/5148
f 3747/4288/5148 3745/4286/5146 3741/4282/5142
f 3755/4296/5156 3756/4297/5157 3757/4298/5158
f 3743/4284/5144 3756/4297/5157 3755/4296/5156
f 3755/4296/5156 3758/4299/5159 3743/4284/5144
f 3759/4300/5160 3760/4301/5161 3761/4302/5162
f 3761/4302/5162 3760/4301/5161 3762/4303/5163
f 3762/4303/5163 3760/4301/5161 3763/4304/5164
f 3763/4304/5164 3764/4305/5165 3762/4303/5163
f 3762/4303/5163 3764/4305/5165 3765/4306/5166
f 3765/4306/5166 3766/4307/5167 3762/4303/5163
f 3767/4308/5168 3766/4307/5167 3765/4306/5166
f 3768/4309/5169 3766/4307/5167 3767/4308/5168
f 3767/4308/5168 3769/4310/5170 3768/4309/5169
f 3757/4298/5158 3769/4310/5170 3767/4308/5168
f 3767/4308/5168 3770/4311/5171 3757/4298/5158
f 3757/4298/5158 3770/4311/5171 3755/4296/5156
f 3755/4296/5156 3770/4311/5171 3771/4312/5172
f 3771/4312/5172 3772/4313/5173 3755/4296/5156
f 3755/4296/5156 3772/4313/5173 3753/4294/5154
f 3753/4294/5154 3758/4299/5159 3755/4296/5156
f 3741/4282/5142 3758/4299/5159 3753/4294/5154
f 3743/4284/5144 3758/4299/5159 3741/4282/5142
f 3762/4303/5163 3773/4314/5174 3761/4302/5162
f 3768/4309/5169 3773/4314/5174 3762/4303/5163
f 3762/4303/5163 3766/4307/5167 3768/4309/5169
f 3765/4306/5166 3774/4315/5175 3767/4308/5168
f 3767/4308/5168 3774/4315/5175 3771/4312/5172
f 3771/4312/5172 3770/4311/5171 3767/4308/5168
f 3759/4300/5160 3775/4316/5176 3776/4317/5177
f 3776/4317/5177 3777/4318/5178 3759/4300/5160
f 3759/4300/5160 3777/4318/5178 3763/4304/5164
f 3763/4304/5164 3760/4301/5161 3759/4300/5160
f 3778/4319/5179 3779/4320/5180 3780/4321/5181
f 3780/4321/5181 3781/4322/5182 3778/4319/5179
f 3782/4323/5183 3778/4319/5179 3781/4322/5182
f 3781/4322/5182 3783/4324/5184 3782/4323/5183
f 3784/4325/5185 3782/4323/5183 3783/4324/5184
f 3783/4324/5184 3785/4326/5186 3784/4325/5185
f 3784/4325/5185 3785/4326/5186 3786/4324/5187
f 3787/4327/5188 3786/4324/5187 3785/4326/5186
f 3788/4322/5189 3786/4324/5187 3787/4327/5188
f 3787/4327/5188 3789/4328/5190 3788/4322/5189
f 3790/4321/5191 3788/4322/5189 3789/4328/5190
f 3789/4328/5190 3791/4329/5192 3790/4321/5191
f 3790/4321/5191 3791/4329/5192 3776/4317/5177
f 3776/4317/5177 3775/4316/5176 3790/4321/5191
f 3790/4321/5191 3775/4316/5176 3792/4330/5193
f 3792/4330/5193 3775/4316/5176 3759/4300/5160
f 3759/4300/5160 3793/4331/5194 3792/4330/5193
f 3761/4302/5162 3793/4331/5194 3759/4300/5160
f 3792/4330/5193 3794/4320/5195 3790/4321/5191
f 3790/4321/5191 3794/4320/5195 3795/4319/5196
f 3795/4319/5196 3788/4322/5189 3790/4321/5191
f 3788/4322/5189 3795/4319/5196 3796/4323/5197
f 3796/4323/5197 3786/4324/5187 3788/4322/5189
f 3786/4324/5187 3796/4323/5197 3784/4325/5185
f 3785/4326/5186 3797/4332/5198 3787/4327/5188
f 3798/4327/5199 3797/4332/5198 3785/4326/5186
f 3785/4326/5186 3783/4324/5184 3798/4327/5199
f 3798/4327/5199 3783/4324/5184 3781/4322/5182
f 3781/4322/5182 3799/4328/5200 3798/4327/5199
f 3799/4328/5200 3781/4322/5182 3780/4321/5181
f 3780/4321/5181 3800/4329/5201 3799/4328/5200
f 3801/4317/5202 3800/4329/5201 3780/4321/5181
f 3780/4321/5181 3802/4316/5203 3801/4317/5202
f 3803/4312/5204 3804/4311/5205 3805/4296/5206
f 3806/4308/5207 3804/4311/5205 3803/4312/5204
f 3803/4312/5204 3807/4315/5208 3806/4308/5207
f 3806/4308/5207 3807/4315/5208 3808/4306/5209
f 3808/4306/5209 3809/4307/5210 3806/4308/5207
f 3806/4308/5207 3809/4307/5210 3810/4309/5211
f 3810/4309/5211 3809/4307/5210 3811/4303/5212
f 3811/4303/5212 3812/4314/5213 3810/4309/5211
f 3813/4302/5214 3812/4314/5213 3811/4303/5212
f 3811/4303/5212 3814/4301/5215 3813/4302/5214
f 3815/4304/5216 3814/4301/5215 3811/4303/5212
f 3816/4300/5217 3814/4301/5215 3815/4304/5216
f 3815/4304/5216 3817/4318/5218 3816/4300/5217
f 3816/4300/5217 3817/4318/5218 3801/4317/5202
f 3801/4317/5202 3802/4316/5203 3816/4300/5217
f 3816/4300/5217 3802/4316/5203 3818/4330/5219
f 3818/4330/5219 3802/4316/5203 3780/4321/5181
f 3780/4321/5181 3779/4320/5180 3818/4330/5219
f 3818/4330/5219 3819/4331/5220 3816/4300/5217
f 3816/4300/5217 3819/4331/5220 3813/4302/5214
f 3813/4302/5214 3814/4301/5215 3816/4300/5217
f 3811/4303/5212 3820/4305/5221 3815/4304/5216
f 3808/4306/5209 3820/4305/5221 3811/4303/5212
f 3811/4303/5212 3809/4307/5210 3808/4306/5209
f 3810/4309/5211 3821/4310/5222 3806/4308/5207
f 3806/4308/5207 3821/4310/5222 3822/4298/5223
f 3822/4298/5223 3804/4311/5205 3806/4308/5207
f 3740/4333/5141 3739/4334/5140 3823/4279/5224
f 3823/4279/5224 3824/4290/5225 3740/4333/5141
f 3750/4335/5151 3740/4333/5141 3824/4290/5225
f 3824/4290/5225 3825/4292/5226 3750/4335/5151
f 3825/4292/5226 3824/4290/5225 3826/4287/5227
f 3826/4287/5227 3827/4293/5228 3825/4292/5226
f 3828/4285/5229 3827/4293/5228 3826/4287/5227
f 3826/4287/5227 3829/4286/5230 3828/4285/5229
f 3830/4288/5231 3829/4286/5230 3826/4287/5227
f 3831/4282/5232 3829/4286/5230 3830/4288/5231
f 3830/4288/5231 3832/4295/5233 3831/4282/5232
f 3831/4282/5232 3832/4295/5233 3833/4294/5234
f 3833/4294/5234 3834/4299/5235 3831/4282/5232
f 3831/4282/5232 3834/4299/5235 3835/4284/5236
f 3835/4284/5236 3834/4299/5235 3805/4296/5206
f 3805/4296/5206 3836/4297/5237 3835/4284/5236
f 3822/4298/5223 3836/4297/5237 3805/4296/5206
f 3805/4296/5206 3804/4311/5205 3822/4298/5223
f 3835/4284/5236 3837/4283/5238 3831/4282/5232
f 3831/4282/5232 3837/4283/5238 3828/4285/5229
f 3828/4285/5229 3829/4286/5230 3831/4282/5232
f 3805/4296/5206 3838/4313/5239 3803/4312/5204
f 3833/4294/5234 3838/4313/5239 3805/4296/5206
f 3805/4296/5206 3834/4299/5235 3833/4294/5234
f 3826/4287/5227 3839/4289/5240 3830/4288/5231
f 3823/4279/5224 3839/4289/5240 3826/4287/5227
f 3826/4287/5227 3824/4290/5225 3823/4279/5224
f 3726/4336/5241 3717/4252/5242 3716/4251/5243
f 3716/4251/5243 3731/4337/5244 3726/4336/5241
f 3727/4338/5245 3726/4339/5241 3731/4340/5244
f 3731/4340/5244 3729/4341/5246 3727/4338/5245
f 3718/4342/5247 3727/4338/5245 3729/4341/5246
f 3729/4341/5246 3728/4343/5248 3718/4342/5247
f 3723/4344/5249 3722/4345/5250 3735/4346/5251
f 3735/4346/5251 3734/4347/5252 3723/4344/5249
f 3725/4348/5253 3723/4344/5249 3734/4347/5252
f 3734/4347/5252 3733/4349/5254 3725/4348/5253
f 3725/4348/5253 3733/4349/5254 3713/4350/5255
f 3713/4350/5255 3712/4351/5256 3725/4348/5253
f 3840/4352/5257 3841/4353/5258 3842/4354/5259
f 3797/4355/5260 3843/4356/5261 3844/4357/5262
f 3844/4357/5262 3787/4358/5263 3797/4355/5260
f 3787/4358/5263 3844/4357/5262 3845/4359/5264
f 3845/4359/5264 3789/4360/5265 3787/4358/5263
f 3789/4360/5265 3845/4359/5264 3846/4361/5266
f 3846/4361/5266 3791/4362/5267 3789/4360/5265
f 3846/4361/5266 3776/4363/5268 3791/4362/5267
f 3776/4363/5268 3846/4361/5266 3842/4354/5259
f 3842/4354/5259 3777/4364/5269 3776/4363/5268
f 3842/4354/5259 3763/4365/5270 3777/4364/5269
f 3842/4354/5259 3764/4366/5271 3763/4365/5270
f 3765/4367/5272 3764/4366/5271 3842/4354/5259
f 3842/4354/5259 3841/4353/5258 3765/4367/5272
f 3765/4367/5272 3841/4353/5258 3847/4368/5273
f 3847/4368/5273 3841/4353/5258 3840/4352/5257
f 3840/4352/5257 3848/4369/5274 3847/4368/5273
f 3848/4369/5274 3840/4352/5257 3849/4370/5275
f 3849/4370/5275 3850/4371/5276 3848/4369/5274
f 3797/4355/5260 3798/4358/5277 3851/4357/5278
f 3851/4357/5278 3843/4356/5261 3797/4355/5260
f 3852/4372/5279 3843/4356/5261 3851/4357/5278
f 3844/4357/5262 3843/4356/5261 3852/4372/5279
f 3852/4372/5279 3849/4370/5275 3844/4357/5262
f 3845/4359/5264 3844/4357/5262 3849/4370/5275
f 3846/4361/5266 3845/4359/5264 3849/4370/5275
f 3849/4370/5275 3840/4352/5257 3846/4361/5266
f 3842/4354/5259 3846/4361/5266 3840/4352/5257
f 3852/4372/5279 3853/4373/5280 3854/4374/5281
f 3854/4374/5281 3849/4370/5275 3852/4372/5279
f 3847/4368/5273 3774/4375/5282 3765/4367/5272
f 3847/4368/5273 3771/4376/5283 3774/4375/5282
f 3847/4368/5273 3772/4377/5284 3771/4376/5283
f 3753/4378/5285 3772/4377/5284 3847/4368/5273
f 3847/4368/5273 3848/4369/5274 3753/4378/5285
f 3848/4369/5274 3754/4379/5286 3753/4378/5285
f 3747/4380/5287 3754/4379/5286 3848/4369/5274
f 3848/4369/5274 3850/4371/5276 3747/4380/5287
f 3850/4371/5276 3748/4381/5288 3747/4380/5287
f 3738/4382/5289 3748/4381/5288 3850/4371/5276
f 3850/4371/5276 3849/4370/5275 3854/4374/5281
f 3850/4371/5276 3854/4374/5281 3738/4382/5289
f 3739/4383/5290 3738/4382/5289 3854/4374/5281
f 3854/4374/5281 3853/4373/5280 3739/4383/5290
f 3739/4383/5290 3853/4373/5280 3855/4374/5291
f 3855/4374/5291 3853/4373/5280 3852/4372/5279
f 3852/4372/5279 3856/4370/5292 3855/4374/5291
f 3851/4357/5278 3856/4370/5292 3852/4372/5279
f 3857/4384/5293 3856/4370/5292 3851/4357/5278
f 3857/4384/5293 3851/4357/5278 3798/4358/5277
f 3798/4358/5277 3799/4360/5294 3857/4384/5293
f 3858/4361/5295 3857/4384/5293 3799/4360/5294
f 3799/4360/5294 3800/4362/5296 3858/4361/5295
f 3858/4361/5295 3800/4362/5296 3801/4363/5297
f 3859/4385/5298 3858/4361/5295 3801/4363/5297
f 3801/4363/5297 3817/4364/5299 3859/4385/5298
f 3859/4385/5298 3817/4364/5299 3815/4365/5300
f 3859/4385/5298 3815/4365/5300 3820/4366/5301
f 3859/4385/5298 3860/4353/5302 3861/4352/5303
f 3861/4352/5303 3858/4361/5295 3859/4385/5298
f 3858/4361/5295 3861/4352/5303 3856/4370/5292
f 3856/4370/5292 3857/4384/5293 3858/4361/5295
f 3859/4385/5298 3820/4366/5301 3808/4367/5304
f 3808/4367/5304 3860/4353/5302 3859/4385/5298
f 3862/4368/5305 3860/4353/5302 3808/4367/5304
f 3861/4352/5303 3860/4353/5302 3862/4368/5305
f 3862/4368/5305 3863/4369/5306 3861/4352/5303
f 3856/4370/5292 3861/4352/5303 3863/4369/5306
f 3863/4369/5306 3864/4371/5307 3856/4370/5292
f 3864/4371/5307 3855/4374/5291 3856/4370/5292
f 3823/4382/5308 3855/4374/5291 3864/4371/5307
f 3855/4374/5291 3823/4382/5308 3739/4383/5290
f 3808/4367/5304 3807/4375/5309 3862/4368/5305
f 3862/4368/5305 3807/4375/5309 3803/4376/5310
f 3862/4368/5305 3803/4376/5310 3838/4377/5311
f 3862/4368/5305 3838/4377/5311 3833/4378/5312
f 3833/4378/5312 3863/4369/5306 3862/4368/5305
f 3863/4369/5306 3833/4378/5312 3832/4379/5313
f 3863/4369/5306 3832/4379/5313 3830/4380/5314
f 3830/4380/5314 3864/4371/5307 3863/4369/5306
f 3864/4371/5307 3830/4380/5314 3839/4381/5315
f 3864/4371/5307 3839/4381/5315 3823/4382/5308
f 3719/4386/5316 3718/4387/5317 3728/4388/5318
f 3728/4388/5318 3737/4389/5319 3719/4386/5316
f 3719/4386/5316 3737/4389/5319 3736/4390/5320
f 3736/4390/5320 3721/4391/5321 3719/4386/5316
f 3721/4391/5321 3736/4390/5320 3735/4392/5322
f 3735/4392/5322 3722/4393/5323 3721/4391/5321
f 3865/4035/5324 3866/4037/5325 3867/4036/5326
f 3868/4048/5327 3867/4036/5326 3869/4049/5328
f 3868/4048/5327 3865/4035/5324 3867/4036/5326
f 3868/4048/5327 3870/4047/5329 3865/4035/5324
f 3871/4039/5330 3865/4035/5324 3870/4047/5329
f 3870/4047/5329 3872/4046/5331 3871/4039/5330
f 3873/4041/5332 3874/4043/5333 3875/4042/5334
f 3875/4042/5334 3876/4040/5335 3873/4041/5332
f 3877/4038/5336 3873/4041/5332 3876/4040/5335
f 3876/4040/5335 3871/4039/5330 3877/4038/5336
f 3877/4038/5336 3871/4039/5330 3878/4044/5337
f 3878/4044/5337 3871/4039/5330 3872/4046/5331
f 3872/4046/5331 3879/4052/5338 3878/4044/5337
f 3878/4044/5337 3879/4052/5338 3868/4048/5327
f 3868/4048/5327 3880/4050/5339 3878/4044/5337
f 3868/4048/5327 3869/4049/5328 3880/4050/5339
f 3869/4049/5328 3881/4051/5340 3880/4050/5339
f 3878/4044/5337 3882/4045/5341 3877/4038/5336
f 3874/4043/5333 3882/4045/5341 3878/4044/5337
f 3878/4044/5337 3875/4042/5334 3874/4043/5333
f 3752/4394/5342 3751/4395/5343 3883/4396/5344
f 3744/4397/5345 3752/4394/5342 3883/4396/5344
f 3883/4396/5344 3884/4398/5346 3744/4397/5345
f 3742/4399/5347 3744/4397/5345 3884/4398/5346
f 3884/4398/5346 3743/4400/5348 3742/4399/5347
f 3743/4400/5348 3884/4398/5346 3885/4401/5349
f 3885/4401/5349 3756/4402/5350 3743/4400/5348
f 3885/4401/5349 3757/4403/5351 3756/4402/5350
f 3769/4404/5352 3757/4403/5351 3885/4401/5349
f 3769/4404/5352 3885/4401/5349 3768/4405/5353
f 3885/4401/5349 3773/4406/5354 3768/4405/5353
f 3885/4401/5349 3761/4407/5355 3773/4406/5354
f 3793/4408/5356 3761/4407/5355 3885/4401/5349
f 3792/4409/5357 3793/4408/5356 3885/4401/5349
f 3885/4401/5349 3884/4398/5346 3792/4409/5357
f 3794/4410/5358 3792/4409/5357 3884/4398/5346
f 3795/4411/5359 3794/4410/5358 3884/4398/5346
f 3884/4398/5346 3883/4396/5344 3795/4411/5359
f 3883/4396/5344 3796/4412/5360 3795/4411/5359
f 3796/4412/5360 3883/4396/5344 3886/4413/5361
f 3886/4413/5361 3784/4414/5362 3796/4412/5360
f 3782/4415/5363 3784/4414/5362 3886/4413/5361
f 3886/4413/5361 3887/4416/5364 3782/4415/5363
f 3887/4416/5364 3778/4417/5365 3782/4415/5363
f 3778/4417/5365 3887/4416/5364 3888/4418/5366
f 3888/4418/5366 3779/4419/5367 3778/4417/5365
f 3779/4419/5367 3888/4418/5366 3818/4420/5368
f 3818/4420/5368 3888/4418/5366 3889/4421/5369
f 3889/4421/5369 3819/4422/5370 3818/4420/5368
f 3819/4422/5370 3889/4421/5369 3813/4423/5371
f 3889/4421/5369 3812/4424/5372 3813/4423/5371
f 3889/4421/5369 3810/4425/5373 3812/4424/5372
f 3821/4426/5374 3810/4425/5373 3889/4421/5369
f 3821/4426/5374 3889/4421/5369 3822/4427/5375
f 3889/4421/5369 3836/4428/5376 3822/4427/5375
f 3835/4429/5377 3836/4428/5376 3889/4421/5369
f 3889/4421/5369 3888/4418/5366 3835/4429/5377
f 3888/4418/5366 3837/4430/5378 3835/4429/5377
f 3837/4430/5378 3888/4418/5366 3828/4431/5379
f 3828/4431/5379 3888/4418/5366 3887/4416/5364
f 3887/4416/5364 3827/4432/5380 3828/4431/5379
f 3827/4432/5380 3887/4416/5364 3825/4433/5381
f 3825/4433/5381 3887/4416/5364 3886/4413/5361
f 3886/4413/5361 3750/4434/5382 3825/4433/5381
f 3751/4395/5343 3750/4434/5382 3886/4413/5361
f 3886/4413/5361 3883/4396/5344 3751/4395/5343
f 3890/4224/5383 3891/4225/5384 3892/4226/5385
f 3893/4227/5386 3890/4224/5383 3892/4226/5385
f 3893/4227/5386 3894/4228/5387 3890/4224/5383
f 3895/4115/5388 3896/4116/5389 3897/4114/5390
f 3897/4114/5390 3898/4111/5391 3895/4115/5388
f 3898/4111/5391 3897/4114/5390 3899/4113/5392
f 3899/4113/5392 3900/4112/5393 3898/4111/5391
f 3901/4229/5394 3879/4230/5395 3872/4231/5396
f 3872/4231/5396 3902/4232/5397 3901/4229/5394
f 3902/4233/5398 3872/4234/5399 3870/4235/5400
f 3870/4235/5400 3903/4236/5401 3902/4233/5398
f 3873/4237/5402 3877/4238/5403 3904/4239/5404
f 3904/4239/5404 3905/4240/5405 3873/4237/5402
f 3906/4241/5406 3907/4242/5407 3908/4243/5407
f 3908/4243/5407 3909/4244/5408 3906/4241/5406
f 3910/4245/5409 3906/4241/5406 3909/4244/5408
f 3909/4244/5408 3911/4246/5410 3910/4245/5409
f 3912/4079/5411 3869/4082/5412 3867/4081/5413
f 3867/4081/5413 3913/4080/5414 3912/4079/5411
f 3914/4083/5415 3913/4086/5416 3867/4085/5417
f 3867/4085/5417 3866/4084/5418 3914/4083/5415
f 3881/4087/5419 3869/4090/5420 3912/4089/5421
f 3912/4089/5421 3915/4088/5422 3881/4087/5419
f 3868/4091/5423 3879/4094/5424 3901/4093/5425
f 3901/4093/5425 3916/4092/5425 3868/4091/5423
f 3868/4095/5426 3916/4098/5427 3903/4097/5428
f 3903/4097/5428 3870/4096/5429 3868/4095/5426
f 3882/4099/5430 3874/4102/5430 3917/4101/5430
f 3917/4101/5430 3918/4100/5430 3882/4099/5430
f 3874/4103/5431 3873/4106/5431 3905/4105/5432
f 3905/4105/5432 3917/4104/5432 3874/4103/5431
f 3882/4107/5433 3918/4110/5434 3904/4109/5434
f 3904/4109/5434 3877/4108/5435 3882/4107/5433
f 3875/4117/5436 3919/4120/5436 3920/4119/5436
f 3920/4119/5436 3876/4118/5436 3875/4117/5436
f 3921/4129/5437 3922/4128/5438 3916/4127/5439
f 3916/4127/5439 3901/4130/5440 3921/4129/5437
f 3921/4129/5437 3901/4130/5440 3902/4121/5441
f 3912/4126/5442 3922/4128/5438 3915/4137/5443
f 3916/4127/5439 3922/4128/5438 3912/4126/5442
f 3903/4124/5444 3916/4127/5439 3912/4126/5442
f 3903/4124/5444 3912/4126/5442 3913/4125/5445
f 3903/4124/5444 3913/4125/5445 3923/4123/5446
f 3902/4121/5441 3903/4124/5444 3923/4123/5446
f 3923/4123/5446 3924/4122/5447 3902/4121/5441
f 3902/4121/5441 3924/4122/5447 3921/4129/5437
f 3921/4129/5437 3924/4122/5447 3904/4131/5448
f 3904/4131/5448 3918/4136/5449 3921/4129/5437
f 3921/4129/5437 3918/4136/5449 3917/4135/5450
f 3917/4135/5450 3919/4134/5451 3921/4129/5437
f 3919/4134/5451 3917/4135/5450 3905/4132/5452
f 3905/4132/5452 3920/4133/5453 3919/4134/5451
f 3924/4122/5447 3920/4133/5453 3905/4132/5452
f 3905/4132/5452 3904/4131/5448 3924/4122/5447
f 3914/4138/5454 3923/4123/5446 3913/4125/5445
f 3866/4141/5455 3908/4140/5456 3907/4139/5457
f 3866/4141/5455 3865/4142/5458 3908/4140/5456
f 3880/4143/5459 3881/4144/5460 3907/4139/5457
f 3907/4139/5457 3881/4144/5460 3866/4141/5455
f 3866/4141/5455 3881/4144/5460 3915/4145/5461
f 3915/4145/5461 3914/4146/5462 3866/4141/5455
f 3895/4149/5463 3923/4150/5464 3914/4146/5462
f 3895/4149/5463 3914/4146/5462 3915/4145/5461
f 3915/4145/5461 3896/4148/5465 3895/4149/5463
f 3922/4147/5466 3896/4148/5465 3915/4145/5461
f 3892/4187/5467 3925/4191/5468 3910/4190/5469
f 3892/4187/5467 3910/4190/5469 3911/4189/5470
f 3911/4189/5470 3926/4188/5471 3892/4187/5467
f 3892/4187/5467 3926/4188/5471 3927/4186/5472
f 3927/4186/5472 3893/4183/5473 3892/4187/5467
f 3893/4183/5473 3927/4186/5472 3900/4185/5474
f 3900/4185/5474 3899/4182/5475 3893/4183/5473
f 3899/4182/5475 3928/4184/5476 3893/4183/5473
f 3925/4061/5477 3892/4062/5478 3891/4059/5479
f 3891/4059/5479 3929/4060/5480 3925/4061/5477
f 3930/4057/5481 3929/4060/5480 3891/4059/5479
f 3891/4059/5479 3890/4058/5481 3930/4057/5481
f 3930/4057/5481 3890/4058/5481 3894/4055/5482
f 3894/4055/5482 3931/4056/5483 3930/4057/5481
f 3928/4053/5484 3931/4056/5483 3894/4055/5482
f 3894/4055/5482 3893/4054/5485 3928/4053/5484
f 3925/4160/5486 3929/4161/5487 3930/4153/5488
f 3928/4151/5489 3925/4160/5486 3930/4153/5488
f 3925/4160/5486 3928/4151/5489 3919/4159/5490
f 3928/4151/5489 3899/4158/5491 3919/4159/5490
f 3921/4154/5492 3919/4159/5490 3899/4158/5491
f 3899/4158/5491 3897/4157/5493 3921/4154/5492
f 3921/4154/5492 3897/4157/5493 3896/4156/5494
f 3896/4156/5494 3922/4155/5495 3921/4154/5492
f 3928/4151/5489 3930/4153/5488 3931/4152/5496
f 3919/4159/5490 3875/4162/5497 3925/4160/5486
f 3925/4160/5486 3875/4162/5497 3910/4163/5498
f 3910/4163/5498 3875/4162/5497 3878/4164/5499
f 3878/4164/5499 3906/4165/5500 3910/4163/5498
f 3907/4166/5501 3906/4165/5500 3878/4164/5499
f 3878/4164/5499 3880/4167/5502 3907/4166/5501
f 3908/4180/5503 3865/4181/5504 3871/4179/5505
f 3871/4179/5505 3909/4178/5506 3908/4180/5503
f 3909/4178/5506 3871/4179/5505 3876/4175/5507
f 3876/4175/5507 3911/4177/5508 3909/4178/5506
f 3876/4175/5507 3926/4176/5509 3911/4177/5508
f 3927/4174/5510 3926/4176/5509 3876/4175/5507
f 3876/4175/5507 3920/4172/5511 3927/4174/5510
f 3900/4173/5512 3927/4174/5510 3920/4172/5511
f 3898/4168/5513 3900/4173/5512 3920/4172/5511
f 3920/4172/5511 3924/4171/5514 3898/4168/5513
f 3898/4168/5513 3924/4171/5514 3923/4170/5515
f 3923/4170/5515 3895/4169/5516 3898/4168/5513
f 3932/4435/5517 3933/4436/5518 3934/4437/5519
f 3934/4437/5519 3935/4438/5520 3932/4435/5517
f 3936/4439/5521 3932/4435/5517 3935/4438/5520
f 3935/4438/5520 3937/4440/5522 3936/4439/5521
f 3938/4441/5523 3936/4439/5521 3937/4440/5522
f 3937/4440/5522 3939/4442/5524 3938/4441/5523
f 3940/4443/5525 3938/4441/5523 3939/4442/5524
f 3939/4442/5524 3941/4444/5526 3940/4443/5525
f 3942/4445/5527 3943/4446/5528 3944/4447/5529
f 3944/4447/5529 3945/4448/5530 3942/4445/5527
f 3942/4445/5527 3945/4448/5530 3946/4449/5531
f 3946/4449/5531 3947/4450/5532 3942/4445/5527
f 3948/4451/5533 3947/4450/5532 3946/4449/5531
f 3946/4449/5531 3949/4452/5534 3948/4451/5533
f 3948/4451/5533 3949/4452/5534 3950/4453/5535
f 3950/4453/5535 3951/4454/5536 3948/4451/5533
f 3952/4455/5537 3951/4454/5536 3950/4453/5535
f 3950/4453/5535 3953/4456/5538 3952/4455/5537
f 3954/4457/5539 3952/4455/5537 3953/4456/5538
f 3953/4456/5538 3955/4458/5540 3954/4457/5539
f 3954/4457/5539 3955/4458/5540 3956/4459/5541
f 3956/4459/5541 3957/4460/5542 3954/4457/5539
f 3958/4461/5543 3957/4460/5542 3956/4459/5541
f 3956/4459/5541 3959/4462/5544 3958/4461/5543
f 3933/4436/5518 3958/4461/5543 3959/4462/5544
f 3959/4462/5544 3934/4437/5519 3933/4436/5518
f 3960/4463/5545 3961/4464/5546 3962/4465/5547
f 3963/4466/5548 3961/4464/5546 3960/4463/5545
f 3964/4467/5549 3965/4468/5550 3966/4469/5551
f 3967/4470/5552 3966/4469/5551 3965/4468/5550
f 3965/4468/5550 3968/4471/5553 3967/4470/5552
f 3967/4470/5552 3968/4471/5553 3960/4463/5545
f 3960/4463/5545 3962/4465/5547 3967/4470/5552
f 3967/4470/5552 3962/4465/5547 3937/4472/5554
f 3937/4472/5554 3962/4465/5547 3961/4464/5546
f 3961/4464/5546 3939/4473/5555 3937/4472/5554
f 3961/4464/5546 3941/4474/5556 3939/4473/5555
f 3969/4475/5557 3941/4474/5556 3961/4464/5546
f 3961/4464/5546 3963/4466/5548 3969/4475/5557
f 3963/4466/5548 3970/4476/5558 3969/4475/5557
f 3970/4476/5558 3963/4466/5548 3971/4477/5559
f 3971/4477/5559 3963/4466/5548 3972/4478/5560
f 3972/4478/5560 3973/4479/5561 3971/4477/5559
f 3973/4479/5561 3972/4478/5560 3974/4480/5562
f 3972/4478/5560 3975/4481/5563 3974/4480/5562
f 3976/4482/5564 3977/4483/5565 3964/4467/5549
f 3978/4484/5566 3964/4467/5549 3977/4483/5565
f 3965/4468/5550 3964/4467/5549 3978/4484/5566
f 3978/4484/5566 3979/4485/5567 3965/4468/5550
f 3968/4471/5553 3965/4468/5550 3979/4485/5567
f 3979/4485/5567 3980/4486/5568 3968/4471/5553
f 3960/4463/5545 3968/4471/5553 3980/4486/5568
f 3980/4486/5568 3981/4487/5569 3960/4463/5545
f 3960/4463/5545 3981/4487/5569 3963/4466/5548
f 3963/4466/5548 3981/4487/5569 3982/4488/5570
f 3982/4488/5570 3972/4478/5560 3963/4466/5548
f 3983/4489/5571 3972/4478/5560 3982/4488/5570
f 3975/4481/5563 3972/4478/5560 3983/4489/5571
f 3983/4489/5571 3984/4490/5572 3975/4481/5563
f 3984/4490/5572 3983/4489/5571 3985/4491/5573
f 3985/4491/5573 3986/4492/5574 3984/4490/5572
f 3986/4492/5574 3985/4491/5573 3987/4493/5575
f 3987/4493/5575 3985/4491/5573 3988/4494/5576
f 3989/4495/5577 3982/4488/5570 3981/4487/5569
f 3981/4487/5569 3980/4486/5568 3989/4495/5577
f 3989/4495/5577 3980/4486/5568 3979/4485/5567
f 3979/4485/5567 3990/4496/5578 3989/4495/5577
f 3991/4497/5579 3990/4496/5578 3979/4485/5567
f 3979/4485/5567 3978/4484/5566 3991/4497/5579
f 3992/4498/5580 3993/4499/5581 3977/4483/5565
f 3977/4483/5565 3993/4499/5581 3978/4484/5566
f 3978/4484/5566 3993/4499/5581 3994/4500/5582
f 3994/4500/5582 3991/4497/5579 3978/4484/5566
f 3995/4501/5583 3991/4497/5579 3994/4500/5582
f 3991/4497/5579 3995/4501/5583 3990/4496/5578
f 3996/4502/5584 3990/4496/5578 3995/4501/5583
f 3989/4495/5577 3990/4496/5578 3996/4502/5584
f 3989/4495/5577 3996/4502/5584 3997/4503/5585
f 3997/4503/5585 3982/4488/5570 3989/4495/5577
f 3982/4488/5570 3997/4503/5585 3983/4489/5571
f 3983/4489/5571 3997/4503/5585 3998/4504/5586
f 3998/4504/5586 3985/4491/5573 3983/4489/5571
f 3985/4491/5573 3998/4504/5586 3999/4505/5587
f 3999/4505/5587 3988/4494/5576 3985/4491/5573
f 3988/4494/5576 3999/4505/5587 4000/4506/5588
f 4000/4506/5588 4001/4507/5589 3988/4494/5576
f 4001/4507/5589 4000/4506/5588 4002/4508/5590
f 4003/4509/5591 4002/4508/5590 4004/4510/5592
f 4004/4510/5592 4002/4508/5590 4000/4506/5588
f 4000/4506/5588 4005/4511/5593 4004/4510/5592
f 4005/4511/5593 4000/4506/5588 3999/4505/5587
f 3999/4505/5587 4006/4512/5594 4005/4511/5593
f 4006/4512/5594 3999/4505/5587 3998/4504/5586
f 3998/4504/5586 4007/4513/5595 4006/4512/5594
f 4007/4513/5595 3998/4504/5586 3997/4503/5585
f 3997/4503/5585 3996/4502/5584 4007/4513/5595
f 3995/4501/5583 4007/4513/5595 3996/4502/5584
f 4007/4513/5595 3995/4501/5583 4008/4514/5596
f 3994/4500/5582 4008/4514/5596 3995/4501/5583
f 4008/4514/5596 3994/4500/5582 4009/4515/5597
f 4009/4515/5597 3994/4500/5582 3993/4499/5581
f 3993/4499/5581 3992/4498/5580 4009/4515/5597
f 4010/4516/5598 4009/4515/5597 3992/4498/5580
f 3992/4498/5580 4011/4517/5599 4010/4516/5598
f 4012/4518/5600 4010/4516/5598 4011/4517/5599
f 4013/4519/5601 4006/4512/5594 4014/4520/5602
f 4014/4520/5602 4006/4512/5594 4007/4513/5595
f 4007/4513/5595 4008/4514/5596 4014/4520/5602
f 4009/4515/5597 4014/4520/5602 4008/4514/5596
f 4013/4519/5601 4014/4520/5602 4009/4515/5597
f 4009/4515/5597 4015/4521/5603 4013/4519/5601
f 4010/4516/5598 4015/4521/5603 4009/4515/5597
f 4015/4521/5603 4010/4516/5598 4012/4518/5600
f 4012/4518/5600 4016/4522/5604 4015/4521/5603
f 4013/4519/5601 4015/4521/5603 4016/4522/5604
f 4016/4522/5604 4017/4523/5605 4013/4519/5601
f 4006/4512/5594 4013/4519/5601 4017/4523/5605
f 4017/4523/5605 4005/4511/5593 4006/4512/5594
f 4005/4511/5593 4017/4523/5605 4018/4524/5606
f 4018/4524/5606 4004/4510/5592 4005/4511/5593
f 4019/4525/5607 4004/4510/5592 4018/4524/5606
f 4004/4510/5592 4019/4525/5607 4003/4509/5591
f 4020/4505/5608 4003/4509/5591 4019/4525/5607
f 4019/4525/5607 4021/4512/5609 4020/4505/5608
f 4022/4504/5610 4020/4505/5608 4021/4512/5609
f 4021/4512/5609 4023/4513/5611 4022/4504/5610
f 4024/4526/5612 4022/4504/5610 4023/4513/5611
f 4023/4513/5611 4025/4502/5613 4024/4526/5612
f 4024/4526/5612 4025/4502/5613 4026/4495/5614
f 4023/4513/5611 4021/4512/5609 4027/4527/5615
f 4028/4519/5616 4027/4527/5615 4021/4512/5609
f 4029/4528/5617 4028/4519/5616 4021/4512/5609
f 4021/4512/5609 4019/4525/5607 4029/4528/5617
f 4018/4524/5606 4029/4528/5617 4019/4525/5607
f 4029/4528/5617 4018/4524/5606 4030/4529/5618
f 4030/4529/5618 4018/4524/5606 4017/4523/5605
f 4017/4523/5605 4016/4522/5604 4030/4529/5618
f 4031/4530/5619 4030/4529/5618 4016/4522/5604
f 4016/4522/5604 4012/4518/5600 4031/4530/5619
f 4028/4519/5616 4029/4528/5617 4032/4531/5620
f 4030/4529/5618 4032/4531/5620 4029/4528/5617
f 4032/4531/5620 4030/4529/5618 4031/4530/5619
f 4025/4502/5613 4023/4513/5611 4033/4532/5621
f 4023/4513/5611 4034/4533/5622 4033/4532/5621
f 4027/4527/5615 4034/4533/5622 4023/4513/5611
f 4034/4533/5622 4027/4527/5615 4035/4515/5623
f 4035/4515/5623 4027/4527/5615 4028/4519/5616
f 4028/4519/5616 4036/4521/5624 4035/4515/5623
f 4032/4531/5620 4036/4521/5624 4028/4519/5616
f 4036/4521/5624 4032/4531/5620 4037/4534/5625
f 4031/4530/5619 4037/4534/5625 4032/4531/5620
f 4037/4534/5625 4031/4530/5619 4038/4535/5626
f 4038/4535/5626 4031/4530/5619 4012/4518/5600
f 4012/4518/5600 4039/4536/5627 4038/4535/5626
f 4011/4517/5599 4039/4536/5627 4012/4518/5600
f 4040/4537/5628 4039/4536/5627 4011/4517/5599
f 4011/4517/5599 4041/4538/5629 4040/4537/5628
f 4042/4539/5630 4041/4538/5629 4011/4517/5599
f 4011/4517/5599 3992/4498/5580 4042/4539/5630
f 3977/4483/5565 4042/4539/5630 3992/4498/5580
f 4043/4470/5631 4044/4540/5632 4045/4468/5633
f 4046/4541/5634 4045/4468/5633 4044/4540/5632
f 4045/4468/5633 4046/4541/5634 4047/4542/5635
f 4048/4543/5636 4047/4542/5635 4046/4541/5634
f 4047/4542/5635 4048/4543/5636 4049/4544/5637
f 4049/4544/5637 4048/4543/5636 4033/4532/5621
f 4033/4532/5621 4034/4533/5622 4049/4544/5637
f 4035/4515/5623 4049/4544/5637 4034/4533/5622
f 4050/4499/5638 4049/4544/5637 4035/4515/5623
f 4049/4544/5637 4050/4499/5638 4047/4542/5635
f 4046/4541/5634 4051/4496/5639 4048/4543/5636
f 4048/4543/5636 4051/4496/5639 4033/4532/5621
f 4043/4470/5631 4052/4545/5640 4053/4472/5641
f 4037/4534/5625 4054/4516/5642 4036/4521/5624
f 4054/4516/5642 4035/4515/5623 4036/4521/5624
f 4055/4498/5643 4035/4515/5623 4054/4516/5642
f 4035/4515/5623 4055/4498/5643 4050/4499/5638
f 4056/4483/5644 4050/4499/5638 4055/4498/5643
f 4047/4542/5635 4050/4499/5638 4056/4483/5644
f 4056/4483/5644 4057/4546/5645 4047/4542/5635
f 4047/4542/5635 4057/4546/5645 4045/4468/5633
f 4058/4469/5646 4045/4468/5633 4057/4546/5645
f 4045/4468/5633 4058/4469/5646 4043/4470/5631
f 4059/4547/5647 4043/4470/5631 4058/4469/5646
f 4052/4545/5640 4043/4470/5631 4059/4547/5647
f 4059/4547/5647 4060/4548/5648 4052/4545/5640
f 4060/4548/5648 4059/4547/5647 4061/4549/5649
f 4061/4549/5649 4062/4550/5650 4060/4548/5648
f 4061/4549/5649 4063/4551/5651 4062/4550/5650
f 4064/4552/5652 4063/4551/5651 4061/4549/5649
f 4061/4549/5649 4065/4553/5653 4064/4552/5652
f 4066/4554/5654 4067/4555/5655 4068/4556/5656
f 4069/4482/5657 4067/4555/5655 4066/4554/5654
f 4066/4554/5654 4070/4557/5658 4069/4482/5657
f 4071/4558/5659 4069/4482/5657 4070/4557/5658
f 4070/4557/5658 4072/4559/5660 4071/4558/5659
f 4058/4469/5646 4071/4558/5659 4072/4559/5660
f 4057/4546/5645 4071/4558/5659 4058/4469/5646
f 4069/4482/5657 4071/4558/5659 4057/4546/5645
f 4057/4546/5645 4056/4483/5644 4069/4482/5657
f 4069/4482/5657 4056/4483/5644 4073/4539/5661
f 4055/4498/5643 4073/4539/5661 4056/4483/5644
f 4073/4539/5661 4055/4498/5643 4074/4517/5662
f 4054/4516/5642 4074/4517/5662 4055/4498/5643
f 4074/4517/5662 4054/4516/5642 4037/4534/5625
f 4037/4534/5625 4075/4560/5663 4074/4517/5662
f 4038/4535/5626 4075/4560/5663 4037/4534/5625
f 4076/4537/5664 4075/4560/5663 4038/4535/5626
f 4074/4517/5662 4075/4560/5663 4076/4537/5664
f 4076/4537/5664 4077/4538/5665 4074/4517/5662
f 4074/4517/5662 4077/4538/5665 4073/4539/5661
f 4067/4555/5655 4073/4539/5661 4077/4538/5665
f 4073/4539/5661 4067/4555/5655 4069/4482/5657
f 4077/4538/5665 4068/4556/5656 4067/4555/5655
f 4068/4556/5656 4077/4538/5665 4076/4537/5664
f 4058/4469/5646 4061/4549/5649 4059/4547/5647
f 4072/4559/5660 4061/4549/5649 4058/4469/5646
f 4072/4559/5660 4065/4553/5653 4061/4549/5649
f 4078/4561/5666 4065/4553/5653 4072/4559/5660
f 4072/4559/5660 4070/4557/5658 4078/4561/5666
f 4078/4561/5666 4070/4557/5658 4079/4562/5667
f 4079/4562/5667 4070/4557/5658 4066/4554/5654
f 4079/4562/5667 4066/4554/5654 4080/4563/5668
f 4068/4556/5656 4080/4563/5668 4066/4554/5654
f 4080/4563/5668 4068/4556/5656 4081/4564/5669
f 4076/4537/5664 4081/4564/5669 4068/4556/5656
f 4081/4564/5669 4076/4537/5664 4082/4565/5670
f 4038/4535/5626 4082/4565/5670 4076/4537/5664
f 4040/4537/5628 4082/4565/5670 4038/4535/5626
f 4038/4535/5626 4039/4536/5627 4040/4537/5628
f 4083/4566/5671 4064/4552/5652 4065/4553/5653
f 4065/4553/5653 4078/4561/5666 4083/4566/5671
f 4083/4566/5671 4078/4561/5666 4084/4567/5672
f 4079/4562/5667 4084/4567/5672 4078/4561/5666
f 4084/4567/5672 4079/4562/5667 4085/4568/5673
f 4080/4563/5668 4085/4568/5673 4079/4562/5667
f 4085/4568/5673 4080/4563/5668 4086/4569/5674
f 4081/4564/5669 4086/4569/5674 4080/4563/5668
f 4086/4569/5674 4081/4564/5669 4087/4570/5675
f 4082/4565/5670 4087/4570/5675 4081/4564/5669
f 4088/4571/5676 4087/4570/5675 4082/4565/5670
f 4082/4565/5670 4040/4537/5628 4088/4571/5676
f 4089/4572/5677 4088/4571/5676 4040/4537/5628
f 4040/4537/5628 4041/4538/5629 4089/4572/5677
f 4090/4573/5678 4089/4572/5677 4041/4538/5629
f 4041/4538/5629 4042/4539/5630 4090/4573/5678
f 3976/4482/5564 4090/4573/5678 4042/4539/5630
f 4042/4539/5630 3977/4483/5565 3976/4482/5564
f 4087/4570/5675 4091/4574/5679 4086/4569/5674
f 4085/4568/5673 4092/4575/5680 4084/4567/5672
f 4092/4575/5680 4085/4568/5673 4093/4576/5681
f 4086/4569/5674 4093/4576/5681 4085/4568/5673
f 4094/4577/5682 4093/4576/5681 4086/4569/5674
f 4086/4569/5674 4091/4574/5679 4094/4577/5682
f 4094/4577/5682 4091/4574/5679 4095/4578/5683
f 4095/4578/5683 4091/4574/5679 4087/4570/5675
f 4087/4570/5675 4088/4571/5676 4095/4578/5683
f 4096/4579/5684 4095/4578/5683 4088/4571/5676
f 4088/4571/5676 4089/4572/5677 4096/4579/5684
f 4097/4580/5685 4096/4579/5684 4089/4572/5677
f 4089/4572/5677 4090/4573/5678 4097/4580/5685
f 4097/4580/5685 4090/4573/5678 3976/4482/5564
f 4084/4567/5672 4098/4581/5686 4083/4566/5671
f 4098/4581/5686 4084/4567/5672 4092/4575/5680
f 4092/4575/5680 4099/4582/5687 4098/4581/5686
f 4099/4582/5687 4092/4575/5680 4100/4583/5688
f 4093/4576/5681 4100/4583/5688 4092/4575/5680
f 4101/4584/5689 4100/4583/5688 4093/4576/5681
f 4093/4576/5681 4094/4577/5682 4101/4584/5689
f 4101/4584/5689 4094/4577/5682 4102/4585/5690
f 4095/4578/5683 4102/4585/5690 4094/4577/5682
f 4103/4568/5691 4102/4585/5690 4095/4578/5683
f 4095/4578/5683 4096/4579/5684 4103/4568/5691
f 4104/4562/5692 4103/4568/5691 4096/4579/5684
f 4096/4579/5684 4097/4580/5685 4104/4562/5692
f 4104/4562/5692 4097/4580/5685 4105/4586/5693
f 3976/4482/5564 4105/4586/5693 4097/4580/5685
f 4105/4586/5693 3976/4482/5564 4106/4558/5694
f 3964/4467/5549 4106/4558/5694 3976/4482/5564
f 3966/4469/5551 4106/4558/5694 3964/4467/5549
f 4101/4584/5689 4107/4583/5695 3945/4587/5696
f 3945/4587/5696 3944/4588/5697 4101/4584/5689
f 4101/4584/5689 3944/4588/5697 4108/4587/5698
f 4108/4587/5698 4100/4583/5688 4101/4584/5689
f 4109/4589/5699 4100/4583/5688 4108/4587/5698
f 4100/4583/5688 4109/4589/5699 4099/4582/5687
f 4110/4559/5700 4111/4549/5701 4112/4553/5702
f 3966/4469/5551 4111/4549/5701 4110/4559/5700
f 4110/4559/5700 4106/4558/5694 3966/4469/5551
f 4106/4558/5694 4110/4559/5700 4105/4586/5693
f 4113/4561/5703 4105/4586/5693 4110/4559/5700
f 4104/4562/5692 4105/4586/5693 4113/4561/5703
f 4110/4559/5700 4112/4553/5702 4113/4561/5703
f 3937/4472/5554 3935/4545/5704 3967/4470/5552
f 4114/4547/5705 3967/4470/5552 3935/4545/5704
f 3966/4469/5551 3967/4470/5552 4114/4547/5705
f 4114/4547/5705 4111/4549/5701 3966/4469/5551
f 3934/4548/5706 4111/4549/5701 4114/4547/5705
f 4111/4549/5701 3934/4548/5706 3959/4550/5707
f 3959/4550/5707 3956/4551/5708 4111/4549/5701
f 4111/4549/5701 3956/4551/5708 3955/4552/5709
f 3955/4552/5709 4112/4553/5702 4111/4549/5701
f 4112/4553/5702 3955/4552/5709 3953/4566/5710
f 3953/4566/5710 4113/4561/5703 4112/4553/5702
f 4115/4590/5711 4113/4561/5703 3953/4566/5710
f 4113/4561/5703 4115/4590/5711 4104/4562/5692
f 4103/4568/5691 4104/4562/5692 4115/4590/5711
f 4115/4590/5711 4116/4575/5712 4103/4568/5691
f 4102/4585/5690 4103/4568/5691 4116/4575/5712
f 4116/4575/5712 4107/4583/5695 4102/4585/5690
f 4102/4585/5690 4107/4583/5695 4101/4584/5689
f 3935/4545/5704 3934/4548/5706 4114/4547/5705
f 3953/4566/5710 3950/4581/5713 4115/4590/5711
f 4116/4575/5712 4115/4590/5711 3950/4581/5713
f 3950/4581/5713 3949/4582/5714 4116/4575/5712
f 4107/4583/5695 4116/4575/5712 3949/4582/5714
f 3949/4582/5714 3946/4589/5715 4107/4583/5695
f 3946/4589/5715 3945/4587/5696 4107/4583/5695
f 3936/4591/5716 3938/4592/5717 4117/4593/5718
f 3940/4594/5719 4117/4593/5718 3938/4592/5717
f 4117/4593/5718 3940/4594/5719 4118/4595/5720
f 4118/4595/5720 4119/4596/5721 4117/4593/5718
f 4120/4597/5722 4119/4596/5721 4118/4595/5720
f 4118/4595/5720 4121/4598/5723 4120/4597/5722
f 4122/4599/5724 4120/4597/5722 4121/4598/5723
f 4123/4600/5725 4120/4597/5722 4122/4599/5724
f 4122/4599/5724 4124/4601/5726 4123/4600/5725
f 4125/4602/5727 4123/4600/5725 4124/4601/5726
f 4126/4603/5728 3933/4604/5729 4127/4605/5730
f 4127/4605/5730 3933/4604/5729 3932/4606/5731
f 3932/4606/5731 4128/4607/5732 4127/4605/5730
f 4128/4607/5732 3932/4606/5731 3936/4591/5716
f 3936/4591/5716 4129/4608/5733 4128/4607/5732
f 4117/4593/5718 4129/4608/5733 3936/4591/5716
f 4117/4593/5718 4130/4609/5734 4129/4608/5733
f 4130/4609/5734 4117/4593/5718 4119/4596/5721
f 4119/4596/5721 4131/4610/5735 4130/4609/5734
f 4120/4597/5722 4131/4610/5735 4119/4596/5721
f 4132/4611/5736 4131/4610/5735 4120/4597/5722
f 4120/4597/5722 4123/4600/5725 4132/4611/5736
f 4132/4611/5736 4123/4600/5725 4133/4612/5737
f 4133/4612/5737 4123/4600/5725 4125/4602/5727
f 4125/4602/5727 4134/4613/5738 4133/4612/5737
f 4135/4614/5739 4133/4612/5737 4134/4613/5738
f 4134/4613/5738 4136/4615/5740 4135/4614/5739
f 4137/4616/5741 4135/4614/5739 4136/4615/5740
f 4127/4605/5730 4138/4617/5742 4139/4618/5743
f 4128/4607/5732 4138/4617/5742 4127/4605/5730
f 4138/4617/5742 4128/4607/5732 4140/4619/5744
f 4130/4609/5734 4140/4619/5744 4128/4607/5732
f 4128/4607/5732 4129/4608/5733 4130/4609/5734
f 4131/4610/5735 4132/4611/5736 4141/4620/5745
f 4141/4620/5745 4142/4621/5746 4131/4610/5735
f 4130/4609/5734 4131/4610/5735 4142/4621/5746
f 4142/4621/5746 4140/4619/5744 4130/4609/5734
f 4143/4622/5747 4140/4619/5744 4142/4621/5746
f 4140/4619/5744 4143/4622/5747 4138/4617/5742
f 4138/4617/5742 4143/4622/5747 4144/4623/5748
f 4144/4623/5748 4139/4618/5743 4138/4617/5742
f 4139/4618/5743 4144/4623/5748 4145/4624/5749
f 4145/4624/5749 4146/4625/5750 4139/4618/5743
f 4147/4626/5751 4146/4625/5750 4145/4624/5749
f 4148/4627/5752 4149/4628/5753 4150/4629/5754
f 4149/4628/5753 4148/4627/5752 4147/4626/5751
f 4147/4626/5751 4151/4630/5755 4149/4628/5753
f 4145/4624/5749 4151/4630/5755 4147/4626/5751
f 4151/4630/5755 4145/4624/5749 4152/4631/5756
f 4152/4631/5756 4145/4624/5749 4144/4623/5748
f 4144/4623/5748 4153/4632/5757 4152/4631/5756
f 4153/4632/5757 4144/4623/5748 4143/4622/5747
f 4143/4622/5747 4154/4633/5758 4153/4632/5757
f 4142/4621/5746 4154/4633/5758 4143/4622/5747
f 4155/4634/5759 4154/4633/5758 4142/4621/5746
f 4142/4621/5746 4141/4620/5745 4155/4634/5759
f 4155/4634/5759 4141/4620/5745 4156/4635/5760
f 4156/4635/5760 4141/4620/5745 4132/4611/5736
f 4132/4611/5736 4157/4636/5761 4156/4635/5760
f 4133/4612/5737 4157/4636/5761 4132/4611/5736
f 4157/4636/5761 4133/4612/5737 4135/4614/5739
f 4135/4614/5739 4158/4637/5762 4157/4636/5761
f 4155/4634/5759 4156/4635/5760 4159/4638/5763
f 4160/4639/5764 4159/4638/5763 4158/4637/5762
f 4158/4637/5762 4159/4638/5763 4156/4635/5760
f 4156/4635/5760 4157/4636/5761 4158/4637/5762
f 4161/4640/5765 4162/4641/5766 4163/4642/5767
f 4162/4641/5766 4161/4640/5765 4164/4643/5768
f 4164/4643/5768 4165/4644/5769 4162/4641/5766
f 4165/4644/5769 4164/4643/5768 4166/4645/5770
f 4166/4645/5770 4167/4646/5771 4165/4644/5769
f 4149/4628/5753 4167/4646/5771 4166/4645/5770
f 4167/4646/5771 4149/4628/5753 4151/4630/5755
f 4151/4630/5755 4168/4647/5772 4167/4646/5771
f 4152/4631/5756 4168/4647/5772 4151/4630/5755
f 4168/4647/5772 4152/4631/5756 4169/4648/5773
f 4169/4648/5773 4152/4631/5756 4153/4632/5757
f 4153/4632/5757 4170/4649/5774 4169/4648/5773
f 4153/4632/5757 4154/4633/5758 4170/4649/5774
f 4171/4650/5775 4170/4649/5774 4154/4633/5758
f 4154/4633/5758 4155/4634/5759 4171/4650/5775
f 4155/4634/5759 4172/4651/5776 4171/4650/5775
f 4159/4638/5763 4172/4651/5776 4155/4634/5759
f 4173/4652/5777 4172/4651/5776 4159/4638/5763
f 4169/4648/5773 4170/4649/5774 4171/4650/5775
f 4171/4650/5775 4174/4653/5778 4169/4648/5773
f 4175/4654/5779 4176/4655/5780 4169/4648/5773
f 4169/4648/5773 4174/4653/5778 4175/4654/5779
f 4177/4656/5781 4175/4654/5779 4174/4653/5778
f 4174/4653/5778 4178/4657/5782 4177/4656/5781
f 4178/4657/5782 4174/4653/5778 4171/4650/5775
f 4171/4650/5775 4172/4651/5776 4178/4657/5782
f 4169/4648/5773 4176/4655/5780 4168/4647/5772
f 4167/4646/5771 4168/4647/5772 4176/4655/5780
f 4176/4655/5780 4165/4644/5769 4167/4646/5771
f 4162/4641/5766 4165/4644/5769 4176/4655/5780
f 4176/4655/5780 4175/4654/5779 4162/4641/5766
f 4162/4641/5766 4175/4654/5779 4163/4642/5767
f 4163/4642/5767 4175/4654/5779 4177/4656/5781
f 4177/4656/5781 4179/4658/5783 4163/4642/5767
f 4179/4658/5783 4177/4656/5781 4180/4659/5784
f 4180/4659/5784 4177/4656/5781 4178/4657/5782
f 4178/4657/5782 4181/4660/5785 4180/4659/5784
f 4181/4660/5785 4178/4657/5782 4172/4651/5776
f 4172/4651/5776 4173/4652/5777 4181/4660/5785
f 4180/4659/5784 4181/4660/5785 4173/4652/5777
f 4182/4661/5786 4163/4642/5767 4179/4658/5783
f 4163/4642/5767 4182/4661/5786 4161/4640/5765
f 4183/4662/5787 4161/4640/5765 4182/4661/5786
f 4164/4643/5768 4161/4640/5765 4183/4662/5787
f 4159/4638/5763 4160/4639/5764 4173/4652/5777
f 4184/4663/5788 4173/4652/5777 4160/4639/5764
f 4173/4652/5777 4184/4663/5788 4180/4659/5784
f 4185/4664/5789 4180/4659/5784 4184/4663/5788
f 4180/4659/5784 4185/4664/5789 4179/4658/5783
f 4186/4665/5790 4179/4658/5783 4185/4664/5789
f 4179/4658/5783 4186/4665/5790 4182/4661/5786
f 4187/4666/5791 4182/4661/5786 4186/4665/5790
f 4182/4661/5786 4187/4666/5791 4183/4662/5787
f 4183/4662/5787 4187/4666/5791 4188/4667/5792
f 4188/4667/5792 4187/4666/5791 4189/4668/5793
f 4186/4665/5790 4189/4668/5793 4187/4666/5791
f 4189/4668/5793 4186/4665/5790 4190/4669/5794
f 4185/4664/5789 4190/4669/5794 4186/4665/5790
f 4191/4670/5795 4158/4637/5762 4135/4614/5739
f 4158/4637/5762 4191/4670/5795 4160/4639/5764
f 4192/4671/5796 4160/4639/5764 4191/4670/5795
f 4160/4639/5764 4192/4671/5796 4184/4663/5788
f 4193/4672/5797 4184/4663/5788 4192/4671/5796
f 4184/4663/5788 4193/4672/5797 4185/4664/5789
f 4185/4664/5789 4193/4672/5797 4194/4673/5798
f 4194/4673/5798 4190/4669/5794 4185/4664/5789
f 4195/4674/5799 4190/4669/5794 4194/4673/5798
f 4190/4669/5794 4195/4674/5799 4189/4668/5793
f 4196/4675/5800 4189/4668/5793 4195/4674/5799
f 4189/4668/5793 4196/4675/5800 4188/4667/5792
f 4188/4667/5792 4196/4675/5800 4197/4676/5801
f 4197/4676/5801 4196/4675/5800 4198/4677/5802
f 4198/4677/5802 4199/4678/5803 4197/4676/5801
f 4200/4679/5804 4199/4678/5803 4198/4677/5802
f 4201/4680/5805 4199/4678/5803 4200/4679/5804
f 4200/4679/5804 4202/4681/5806 4201/4680/5805
f 4203/4682/5807 4201/4680/5805 4204/4683/5808
f 4201/4680/5805 4203/4682/5807 4197/4676/5801
f 4197/4676/5801 4199/4678/5803 4201/4680/5805
f 4195/4674/5799 4198/4677/5802 4196/4675/5800
f 4205/4684/5809 4198/4677/5802 4195/4674/5799
f 4194/4673/5798 4205/4684/5809 4195/4674/5799
f 4205/4684/5809 4194/4673/5798 4206/4685/5810
f 4193/4672/5797 4206/4685/5810 4194/4673/5798
f 4192/4671/5796 4206/4685/5810 4193/4672/5797
f 4206/4685/5810 4192/4671/5796 4207/4686/5811
f 4191/4670/5795 4207/4686/5811 4192/4671/5796
f 4208/4687/5812 4207/4686/5811 4191/4670/5795
f 4191/4670/5795 4137/4616/5741 4208/4687/5812
f 4135/4614/5739 4137/4616/5741 4191/4670/5795
f 4209/4688/5813 4210/4689/5814 4200/4679/5804
f 4200/4679/5804 4210/4689/5814 4211/4690/5815
f 4211/4690/5815 4202/4681/5806 4200/4679/5804
f 4202/4681/5806 4211/4690/5815 4212/4691/5816
f 4213/4692/5817 4214/4693/5818 4215/4694/5819
f 4214/4693/5818 4213/4692/5817 4212/4691/5816
f 4212/4691/5816 4216/4695/5820 4214/4693/5818
f 4216/4695/5820 4212/4691/5816 4211/4690/5815
f 4211/4690/5815 4217/4696/5821 4216/4695/5820
f 4217/4696/5821 4211/4690/5815 4210/4689/5814
f 4210/4689/5814 4218/4697/5822 4217/4696/5821
f 4219/4698/5823 4218/4697/5822 4210/4689/5814
f 4210/4689/5814 4209/4688/5813 4219/4698/5823
f 4220/4699/5824 4219/4698/5823 4209/4688/5813
f 4198/4677/5802 4205/4684/5809 4200/4679/5804
f 4200/4679/5804 4205/4684/5809 4209/4688/5813
f 4206/4685/5810 4209/4688/5813 4205/4684/5809
f 4209/4688/5813 4206/4685/5810 4220/4699/5824
f 4207/4686/5811 4220/4699/5824 4206/4685/5810
f 4220/4699/5824 4207/4686/5811 4208/4687/5812
f 4208/4687/5812 4221/4700/5825 4220/4699/5824
f 4219/4698/5823 4220/4699/5824 4221/4700/5825
f 4221/4700/5825 4222/4701/5826 4219/4698/5823
f 4218/4697/5822 4219/4698/5823 4222/4701/5826
f 4222/4701/5826 4223/4702/5827 4218/4697/5822
f 4218/4697/5822 4223/4702/5827 4224/4703/5828
f 4224/4703/5828 4217/4696/5821 4218/4697/5822
f 4217/4696/5821 4224/4703/5828 4225/4704/5829
f 4225/4704/5829 4216/4695/5820 4217/4696/5821
f 4216/4695/5820 4225/4704/5829 4226/4705/5830
f 4226/4705/5830 4214/4693/5818 4216/4695/5820
f 4215/4694/5819 4214/4693/5818 4226/4705/5830
f 4226/4705/5830 4227/4706/5831 4215/4694/5819
f 4215/4694/5819 4227/4706/5831 4228/4707/5832
f 4136/4615/5740 4229/4708/5833 4137/4616/5741
f 4208/4687/5812 4137/4616/5741 4229/4708/5833
f 4229/4708/5833 4230/4709/5834 4208/4687/5812
f 4221/4700/5825 4208/4687/5812 4230/4709/5834
f 4230/4709/5834 4231/4710/5835 4221/4700/5825
f 4222/4701/5826 4221/4700/5825 4231/4710/5835
f 4231/4710/5835 4232/4711/5836 4222/4701/5826
f 4223/4702/5827 4222/4701/5826 4232/4711/5836
f 4232/4711/5836 4233/4712/5837 4223/4702/5827
f 4223/4702/5827 4233/4712/5837 4234/4713/5838
f 4234/4713/5838 4224/4703/5828 4223/4702/5827
f 4224/4703/5828 4234/4713/5838 4235/4714/5839
f 4235/4714/5839 4225/4704/5829 4224/4703/5828
f 4225/4704/5829 4235/4714/5839 4236/4715/5840
f 4236/4715/5840 4226/4705/5830 4225/4704/5829
f 4226/4705/5830 4236/4715/5840 4237/4716/5841
f 4237/4716/5841 4227/4706/5831 4226/4705/5830
f 4227/4706/5831 4237/4716/5841 4238/4717/5842
f 4238/4717/5842 4228/4707/5832 4227/4706/5831
f 4228/4707/5832 4238/4717/5842 4239/4718/5843
f 4239/4718/5843 4240/4719/5844 4228/4707/5832
f 4240/4719/5844 4239/4718/5843 4241/4720/5845
f 4241/4720/5845 4242/4721/5846 4240/4719/5844
f 4241/4720/5845 4243/4722/5847 4242/4721/5846
f 4242/4721/5846 4243/4722/5847 4244/4723/5848
f 4244/4723/5848 4245/4724/5849 4242/4721/5846
f 4244/4723/5848 4246/4725/5850 4245/4724/5849
f 4245/4724/5849 4246/4725/5850 4247/4726/5851
f 4247/4726/5851 4248/4727/5852 4245/4724/5849
f 4249/4728/5853 4248/4727/5852 4247/4726/5851
f 4248/4727/5852 4249/4728/5853 4250/4729/5854
f 4249/4728/5853 4251/4730/5855 4250/4729/5854
f 4250/4729/5854 4251/4730/5855 4252/4731/5856
f 4252/4731/5856 4251/4730/5855 4253/4732/5857
f 4253/4732/5857 4254/4733/5858 4252/4731/5856
f 4255/4734/5859 4252/4731/5856 4254/4733/5858
f 4247/4726/5851 4256/4735/5860 4249/4728/5853
f 4256/4735/5860 4257/4736/5861 4249/4728/5853
f 4249/4728/5853 4257/4736/5861 4253/4732/5857
f 4253/4732/5857 4251/4730/5855 4249/4728/5853
f 4202/4681/5806 4204/4683/5808 4201/4680/5805
f 4204/4683/5808 4202/4681/5806 4258/4737/5862
f 4212/4691/5816 4258/4737/5862 4202/4681/5806
f 4259/4738/5863 4258/4737/5862 4212/4691/5816
f 4259/4738/5863 4212/4691/5816 4213/4692/5817
f 4213/4692/5817 4260/4739/5864 4259/4738/5863
f 4260/4739/5864 4213/4692/5817 4261/4740/5865
f 4215/4694/5819 4261/4740/5865 4213/4692/5817
f 4261/4740/5865 4215/4694/5819 4262/4741/5866
f 4228/4707/5832 4262/4741/5866 4215/4694/5819
f 4263/4742/5867 4262/4741/5866 4228/4707/5832
f 4228/4707/5832 4240/4719/5844 4263/4742/5867
f 4264/4743/5868 4263/4742/5867 4240/4719/5844
f 4240/4719/5844 4242/4721/5846 4264/4743/5868
f 4245/4724/5849 4264/4743/5868 4242/4721/5846
f 4264/4743/5868 4245/4724/5849 4265/4744/5869
f 4245/4724/5849 4248/4727/5852 4265/4744/5869
f 4250/4729/5854 4265/4744/5869 4248/4727/5852
f 4266/4745/5870 4263/4742/5867 4264/4743/5868
f 4262/4741/5866 4263/4742/5867 4266/4745/5870
f 4266/4745/5870 4267/4746/5871 4262/4741/5866
f 4262/4741/5866 4267/4746/5871 4261/4740/5865
f 4268/4747/5872 4261/4740/5865 4267/4746/5871
f 4261/4740/5865 4268/4747/5872 4260/4739/5864
f 4269/4748/5873 4260/4739/5864 4268/4747/5872
f 4260/4739/5864 4269/4748/5873 4270/4749/5874
f 4271/4750/5875 4270/4749/5874 4269/4748/5873
f 4270/4749/5874 4271/4750/5875 4272/4751/5876
f 4273/4752/5877 4272/4751/5876 4271/4750/5875
f 4272/4751/5876 4273/4752/5877 4274/4753/5878
f 4274/4753/5878 4273/4752/5877 4275/4754/5879
f 4275/4754/5879 4276/4755/5880 4274/4753/5878
f 4276/4755/5880 4275/4754/5879 4277/4756/5881
f 4277/4756/5881 4278/4757/5882 4276/4755/5880
f 4279/4758/5883 4278/4757/5882 4277/4756/5881
f 4280/4759/5884 4278/4757/5882 4279/4758/5883
f 4267/4746/5871 4266/4745/5870 4281/4760/5885
f 4271/4750/5875 4282/4761/5886 4273/4752/5877
f 4275/4754/5879 4273/4752/5877 4282/4761/5886
f 4282/4761/5886 4283/4762/5887 4275/4754/5879
f 4269/4748/5873 4284/4763/5888 4271/4750/5875
f 4282/4761/5886 4271/4750/5875 4284/4763/5888
f 4284/4763/5888 4285/4764/5889 4282/4761/5886
f 4282/4761/5886 4285/4764/5889 4283/4762/5887
f 4283/4762/5887 4285/4764/5889 4286/4765/5890
f 4286/4765/5890 4287/4766/5891 4283/4762/5887
f 4275/4754/5879 4283/4762/5887 4287/4766/5891
f 4287/4766/5891 4277/4756/5881 4275/4754/5879
f 4267/4746/5871 4288/4767/5892 4268/4747/5872
f 4289/4768/5893 4268/4747/5872 4288/4767/5892
f 4268/4747/5872 4289/4768/5893 4269/4748/5873
f 4269/4748/5873 4289/4768/5893 4290/4769/5894
f 4290/4769/5894 4284/4763/5888 4269/4748/5873
f 4284/4763/5888 4290/4769/5894 4291/4770/5895
f 4291/4770/5895 4285/4764/5889 4284/4763/5888
f 4285/4764/5889 4291/4770/5895 4292/4771/5896
f 4292/4771/5896 4286/4765/5890 4285/4764/5889
f 4293/4772/5897 4286/4765/5890 4292/4771/5896
f 4286/4765/5890 4293/4772/5897 4294/4773/5898
f 4294/4773/5898 4287/4766/5891 4286/4765/5890
f 4287/4766/5891 4294/4773/5898 4295/4774/5899
f 4295/4774/5899 4277/4756/5881 4287/4766/5891
f 4277/4756/5881 4295/4774/5899 4279/4758/5883
f 4288/4767/5892 4290/4769/5894 4289/4768/5893
f 4296/4775/5900 4290/4769/5894 4288/4767/5892
f 4296/4775/5900 4291/4770/5895 4290/4769/5894
f 4292/4771/5896 4291/4770/5895 4296/4775/5900
f 4296/4775/5900 4297/4776/5901 4292/4771/5896
f 4298/4777/5902 4299/4778/5903 4300/4779/5904
f 4301/4780/5905 4300/4779/5904 4299/4778/5903
f 4299/4778/5903 4279/4758/5883 4301/4780/5905
f 4302/4781/5906 4301/4780/5905 4279/4758/5883
f 4279/4758/5883 4295/4774/5899 4302/4781/5906
f 4303/4782/5907 4302/4781/5906 4295/4774/5899
f 4295/4774/5899 4294/4773/5898 4303/4782/5907
f 4304/4783/5908 4303/4782/5907 4294/4773/5898
f 4294/4773/5898 4293/4772/5897 4304/4783/5908
f 4304/4783/5908 4293/4772/5897 4305/4784/5909
f 4292/4771/5896 4305/4784/5909 4293/4772/5897
f 4306/4785/5910 4305/4784/5909 4292/4771/5896
f 4292/4771/5896 4297/4776/5901 4306/4785/5910
f 4306/4785/5910 4297/4776/5901 4307/4786/5911
f 4307/4786/5911 4297/4776/5901 4296/4775/5900
f 4296/4775/5900 4281/4760/5885 4307/4786/5911
f 4281/4760/5885 4296/4775/5900 4288/4767/5892
f 4281/4760/5885 4288/4767/5892 4267/4746/5871
f 4300/4779/5904 4301/4780/5905 4308/4787/5912
f 4309/4788/5913 4308/4787/5912 4301/4780/5905
f 4301/4780/5905 4302/4781/5906 4309/4788/5913
f 4310/4789/5914 4309/4788/5913 4302/4781/5906
f 4302/4781/5906 4303/4782/5907 4310/4789/5914
f 4311/4790/5915 4310/4789/5914 4303/4782/5907
f 4303/4782/5907 4304/4783/5908 4311/4790/5915
f 4311/4790/5915 4304/4783/5908 4312/4791/5916
f 4305/4784/5909 4312/4791/5916 4304/4783/5908
f 4313/4792/5917 4312/4791/5916 4305/4784/5909
f 4305/4784/5909 4306/4785/5910 4313/4792/5917
f 4314/4793/5918 4313/4792/5917 4306/4785/5910
f 4306/4785/5910 4307/4786/5911 4314/4793/5918
f 4314/4793/5918 4307/4786/5911 4315/4794/5919
f 4315/4794/5919 4307/4786/5911 4281/4760/5885
f 4281/4760/5885 4316/4795/5920 4315/4794/5919
f 4281/4760/5885 4266/4745/5870 4316/4795/5920
f 4264/4743/5868 4316/4795/5920 4266/4745/5870
f 4316/4795/5920 4264/4743/5868 4265/4744/5869
f 4265/4744/5869 4315/4794/5919 4316/4795/5920
f 4308/4787/5912 4309/4788/5913 4317/4796/5921
f 4310/4789/5914 4317/4796/5921 4309/4788/5913
f 4317/4796/5921 4310/4789/5914 4318/4797/5922
f 4318/4797/5922 4310/4789/5914 4311/4790/5915
f 4315/4794/5919 4265/4744/5869 4250/4729/5854
f 4250/4729/5854 4319/4798/5923 4315/4794/5919
f 4315/4794/5919 4319/4798/5923 4314/4793/5918
f 4320/4799/5924 4314/4793/5918 4319/4798/5923
f 4313/4792/5917 4314/4793/5918 4320/4799/5924
f 4320/4799/5924 4321/4800/5925 4313/4792/5917
f 4312/4791/5916 4313/4792/5917 4321/4800/5925
f 4321/4800/5925 4322/4801/5926 4312/4791/5916
f 4312/4791/5916 4322/4801/5926 4311/4790/5915
f 4323/4802/5927 4311/4790/5915 4322/4801/5926
f 4311/4790/5915 4323/4802/5927 4318/4797/5922
f 4324/4803/5928 4318/4797/5922 4323/4802/5927
f 4325/4804/5929 4318/4797/5922 4324/4803/5928
f 4318/4797/5922 4325/4804/5929 4317/4796/5921
f 4326/4805/5930 4317/4796/5921 4325/4804/5929
f 4317/4796/5921 4326/4805/5930 4308/4787/5912
f 4327/4806/5931 4308/4787/5912 4326/4805/5930
f 4308/4787/5912 4327/4806/5931 4300/4779/5904
f 4328/4807/5932 4300/4779/5904 4327/4806/5931
f 4300/4779/5904 4328/4807/5932 4298/4777/5902
f 4298/4777/5902 4328/4807/5932 4329/4808/5933
f 4330/4809/5934 4324/4803/5928 4323/4802/5927
f 4331/4810/5935 4332/4811/5936 4330/4809/5934
f 4330/4809/5934 4323/4802/5927 4331/4810/5935
f 4322/4801/5926 4331/4810/5935 4323/4802/5927
f 4331/4810/5935 4322/4801/5926 4321/4800/5925
f 4321/4800/5925 4333/4812/5937 4331/4810/5935
f 4255/4734/5859 4333/4812/5937 4321/4800/5925
f 4321/4800/5925 4320/4799/5924 4255/4734/5859
f 4252/4731/5856 4255/4734/5859 4320/4799/5924
f 4319/4798/5923 4252/4731/5856 4320/4799/5924
f 4252/4731/5856 4319/4798/5923 4250/4729/5854
f 4333/4812/5937 4332/4811/5936 4331/4810/5935
f 4254/4733/5858 4334/4813/5938 4255/4734/5859
f 4333/4812/5937 4255/4734/5859 4334/4813/5938
f 4334/4813/5938 4335/4814/5939 4333/4812/5937
f 4333/4812/5937 4335/4814/5939 4336/4815/5940
f 4333/4812/5937 4336/4815/5940 4337/4816/5941
f 4337/4816/5941 4332/4811/5936 4333/4812/5937
f 4338/4817/5942 4332/4811/5936 4337/4816/5941
f 4338/4817/5942 4330/4809/5934 4332/4811/5936
f 4339/4818/5943 4330/4809/5934 4338/4817/5942
f 4330/4809/5934 4339/4818/5943 4324/4803/5928
f 4340/4819/5944 4324/4803/5928 4339/4818/5943
f 4324/4803/5928 4340/4819/5944 4325/4804/5929
f 4341/4820/5945 4325/4804/5929 4340/4819/5944
f 4325/4804/5929 4341/4820/5945 4326/4805/5930
f 4342/4821/5946 4326/4805/5930 4341/4820/5945
f 4326/4805/5930 4342/4821/5946 4327/4806/5931
f 4343/4822/5947 4327/4806/5931 4342/4821/5946
f 4327/4806/5931 4343/4822/5947 4328/4807/5932
f 4340/4819/5944 4344/4823/5948 4341/4820/5945
f 4339/4818/5943 4345/4824/5949 4340/4819/5944
f 4344/4823/5948 4340/4819/5944 4345/4824/5949
f 4345/4824/5949 4346/4825/5950 4344/4823/5948
f 4338/4817/5942 4347/4826/5951 4339/4818/5943
f 4345/4824/5949 4339/4818/5943 4347/4826/5951
f 4347/4826/5951 4348/4827/5952 4345/4824/5949
f 4346/4825/5950 4345/4824/5949 4348/4827/5952
f 4348/4827/5952 4349/4828/5953 4346/4825/5950
f 4350/4829/5954 4351/4830/5955 4348/4827/5952
f 4348/4827/5952 4347/4826/5951 4350/4829/5954
f 4352/4831/5956 4350/4829/5954 4347/4826/5951
f 4347/4826/5951 4338/4817/5942 4352/4831/5956
f 4337/4816/5941 4352/4831/5956 4338/4817/5942
f 4353/4832/5957 4354/4833/5958 4355/4834/5959
f 4356/4835/5960 4355/4834/5959 4354/4833/5958
f 4355/4834/5959 4356/4835/5960 4357/4836/5961
f 4358/4837/5962 4357/4836/5961 4356/4835/5960
f 4357/4836/5961 4358/4837/5962 4343/4822/5947
f 4343/4822/5947 4359/4838/5963 4357/4836/5961
f 4342/4821/5946 4359/4838/5963 4343/4822/5947
f 4359/4838/5963 4342/4821/5946 4360/4839/5964
f 4341/4820/5945 4360/4839/5964 4342/4821/5946
f 4361/4840/5965 4360/4839/5964 4341/4820/5945
f 4341/4820/5945 4344/4823/5948 4361/4840/5965
f 4362/4841/5966 4361/4840/5965 4344/4823/5948
f 4344/4823/5948 4346/4825/5950 4362/4841/5966
f 4363/4842/5967 4362/4841/5966 4346/4825/5950
f 4346/4825/5950 4349/4828/5953 4363/4842/5967
f 4363/4842/5967 4349/4828/5953 4364/4843/5968
f 4351/4830/5955 4364/4843/5968 4349/4828/5953
f 4349/4828/5953 4348/4827/5952 4351/4830/5955
f 4362/4841/5966 4363/4842/5967 4365/4844/5969
f 4365/4844/5969 4363/4842/5967 4366/4845/5970
f 4364/4843/5968 4366/4845/5970 4363/4842/5967
f 4357/4836/5961 4367/4846/5971 4355/4834/5959
f 4367/4846/5971 4357/4836/5961 4359/4838/5963
f 4359/4838/5963 4368/4847/5972 4367/4846/5971
f 4360/4839/5964 4368/4847/5972 4359/4838/5963
f 4369/4848/5973 4368/4847/5972 4360/4839/5964
f 4367/4846/5971 4368/4847/5972 4369/4848/5973
f 4369/4848/5973 4370/4849/5974 4367/4846/5971
f 4355/4834/5959 4367/4846/5971 4370/4849/5974
f 4370/4849/5974 4371/4850/5975 4355/4834/5959
f 4355/4834/5959 4371/4850/5975 4353/4832/5957
f 4372/4851/5976 4353/4832/5957 4371/4850/5975
f 4353/4832/5957 4372/4851/5976 4373/4852/5977
f 4374/4853/5978 4373/4852/5977 4372/4851/5976
f 4373/4852/5977 4374/4853/5978 4375/4854/5979
f 4372/4851/5976 4376/4855/5980 4374/4853/5978
f 4376/4855/5980 4372/4851/5976 4377/4856/5981
f 4371/4850/5975 4377/4856/5981 4372/4851/5976
f 4378/4857/5982 4377/4856/5981 4371/4850/5975
f 4371/4850/5975 4370/4849/5974 4378/4857/5982
f 4379/4858/5983 4378/4857/5982 4370/4849/5974
f 4370/4849/5974 4369/4848/5973 4379/4858/5983
f 4379/4858/5983 4369/4848/5973 4361/4840/5965
f 4360/4839/5964 4361/4840/5965 4369/4848/5973
f 4377/4856/5981 4380/4859/5984 4376/4855/5980
f 4381/4860/5985 4380/4859/5984 4377/4856/5981
f 4377/4856/5981 4378/4857/5982 4381/4860/5985
f 4365/4844/5969 4381/4860/5985 4378/4857/5982
f 4378/4857/5982 4379/4858/5983 4365/4844/5969
f 4365/4844/5969 4379/4858/5983 4362/4841/5966
f 4361/4840/5965 4362/4841/5966 4379/4858/5983
f 4366/4845/5970 3943/4861/5986 4365/4844/5969
f 4365/4844/5969 3943/4861/5986 3942/4862/5987
f 3942/4862/5987 4381/4860/5985 4365/4844/5969
f 4381/4860/5985 3942/4862/5987 3947/4863/5988
f 3947/4863/5988 4380/4859/5984 4381/4860/5985
f 4380/4859/5984 3947/4863/5988 3948/4864/5989
f 3948/4864/5989 4376/4855/5980 4380/4859/5984
f 4376/4855/5980 3948/4864/5989 3951/4865/5990
f 3951/4865/5990 4374/4853/5978 4376/4855/5980
f 4374/4853/5978 3951/4865/5990 3952/4866/5991
f 3952/4866/5991 4375/4854/5979 4374/4853/5978
f 4375/4854/5979 3952/4866/5991 3954/4867/5992
f 3954/4867/5992 4382/4868/5993 4375/4854/5979
f 4375/4854/5979 4382/4868/5993 4383/4869/5994
f 4375/4854/5979 4383/4869/5994 4373/4852/5977
f 4383/4869/5994 4384/4870/5995 4373/4852/5977
f 4373/4852/5977 4384/4870/5995 4353/4832/5957
f 4354/4833/5958 4353/4832/5957 4384/4870/5995
f 4328/4807/5932 4343/4822/5947 4358/4837/5962
f 4358/4837/5962 4329/4808/5933 4328/4807/5932
f 4329/4808/5933 4358/4837/5962 4385/4871/5996
f 4356/4835/5960 4385/4871/5996 4358/4837/5962
f 4385/4871/5996 4356/4835/5960 4386/4872/5997
f 4354/4833/5958 4386/4872/5997 4356/4835/5960
f 4386/4872/5997 4354/4833/5958 4387/4873/5998
f 4384/4870/5995 4387/4873/5998 4354/4833/5958
f 4384/4870/5995 4388/4874/5999 4387/4873/5998
f 4383/4869/5994 4388/4874/5999 4384/4870/5995
f 4389/4875/6000 4388/4874/5999 4383/4869/5994
f 4383/4869/5994 4382/4868/5993 4389/4875/6000
f 4126/4603/5728 4389/4875/6000 4382/4868/5993
f 4126/4603/5728 4382/4868/5993 3954/4867/5992
f 3954/4867/5992 3957/4876/6001 4126/4603/5728
f 4126/4603/5728 3957/4876/6001 3958/4877/6002
f 3958/4877/6002 3933/4604/5729 4126/4603/5728
f 4279/4758/5883 4299/4778/5903 4280/4759/5884
f 4390/4878/6003 4280/4759/5884 4299/4778/5903
f 4299/4778/5903 4298/4777/5902 4390/4878/6003
f 4390/4878/6003 4298/4777/5902 4391/4879/6004
f 4329/4808/5933 4391/4879/6004 4298/4777/5902
f 4391/4879/6004 4329/4808/5933 4392/4880/6005
f 4385/4871/5996 4392/4880/6005 4329/4808/5933
f 4392/4880/6005 4385/4871/5996 4393/4881/6006
f 4386/4872/5997 4393/4881/6006 4385/4871/5996
f 4393/4881/6006 4386/4872/5997 4148/4627/5752
f 4387/4873/5998 4148/4627/5752 4386/4872/5997
f 4147/4626/5751 4148/4627/5752 4387/4873/5998
f 4387/4873/5998 4388/4874/5999 4147/4626/5751
f 4146/4625/5750 4147/4626/5751 4388/4874/5999
f 4388/4874/5999 4389/4875/6000 4146/4625/5750
f 4139/4618/5743 4146/4625/5750 4389/4875/6000
f 4389/4875/6000 4126/4603/5728 4139/4618/5743
f 4139/4618/5743 4126/4603/5728 4127/4605/5730
f 4150/4629/5754 4393/4881/6006 4148/4627/5752
f 4393/4881/6006 4150/4629/5754 4392/4880/6005
f 4394/4882/6007 4392/4880/6005 4150/4629/5754
f 4392/4880/6005 4394/4882/6007 4391/4879/6004
f 4395/4883/6008 4391/4879/6004 4394/4882/6007
f 4391/4879/6004 4395/4883/6008 4390/4878/6003
f 4396/4884/6009 4390/4878/6003 4395/4883/6008
f 4280/4759/5884 4390/4878/6003 4396/4884/6009
f 4396/4884/6009 4397/4885/6010 4280/4759/5884
f 4278/4757/5882 4280/4759/5884 4397/4885/6010
f 4397/4885/6010 4276/4755/5880 4278/4757/5882
f 4276/4755/5880 4397/4885/6010 4398/4886/6011
f 4398/4886/6011 4274/4753/5878 4276/4755/5880
f 4399/4887/6012 4274/4753/5878 4398/4886/6011
f 4274/4753/5878 4399/4887/6012 4272/4751/5876
f 4400/4888/6013 4272/4751/5876 4399/4887/6012
f 4272/4751/5876 4400/4888/6013 4270/4749/5874
f 4401/4889/6014 4398/4886/6011 4397/4885/6010
f 4397/4885/6010 4396/4884/6009 4401/4889/6014
f 4401/4889/6014 4396/4884/6009 4402/4890/6015
f 4395/4883/6008 4402/4890/6015 4396/4884/6009
f 4402/4890/6015 4395/4883/6008 4403/4891/6016
f 4394/4882/6007 4403/4891/6016 4395/4883/6008
f 4270/4749/5874 4259/4738/5863 4260/4739/5864
f 4258/4737/5862 4259/4738/5863 4270/4749/5874
f 4270/4749/5874 4400/4888/6013 4258/4737/5862
f 4258/4737/5862 4400/4888/6013 4204/4683/5808
f 4399/4887/6012 4204/4683/5808 4400/4888/6013
f 4204/4683/5808 4399/4887/6012 4203/4682/5807
f 4398/4886/6011 4203/4682/5807 4399/4887/6012
f 4197/4676/5801 4203/4682/5807 4398/4886/6011
f 4398/4886/6011 4401/4889/6014 4197/4676/5801
f 4197/4676/5801 4401/4889/6014 4188/4667/5792
f 4402/4890/6015 4188/4667/5792 4401/4889/6014
f 4188/4667/5792 4402/4890/6015 4183/4662/5787
f 4403/4891/6016 4183/4662/5787 4402/4890/6015
f 4183/4662/5787 4403/4891/6016 4164/4643/5768
f 4164/4643/5768 4403/4891/6016 4394/4882/6007
f 4394/4882/6007 4166/4645/5770 4164/4643/5768
f 4150/4629/5754 4166/4645/5770 4394/4882/6007
f 4166/4645/5770 4150/4629/5754 4149/4628/5753
f 4256/4443/6017 4404/4444/6018 4405/4442/6019
f 4405/4442/6019 4257/4441/6020 4256/4443/6017
f 4257/4441/6020 4405/4442/6019 4053/4440/6021
f 4053/4440/6021 4253/4439/6022 4257/4441/6020
f 4253/4439/6022 4053/4440/6021 4052/4892/6023
f 4052/4892/6023 4254/4893/6024 4253/4439/6022
f 4254/4893/6024 4052/4892/6023 4060/4437/6025
f 4060/4437/6025 4334/4436/6026 4254/4893/6024
f 4334/4436/6026 4060/4437/6025 4062/4462/6027
f 4062/4462/6027 4335/4461/6028 4334/4436/6026
f 4335/4461/6028 4062/4462/6027 4063/4459/6029
f 4063/4459/6029 4336/4460/6030 4335/4461/6028
f 4337/4457/6031 4336/4460/6030 4063/4459/6029
f 4063/4459/6029 4064/4458/6032 4337/4457/6031
f 4337/4457/6031 4064/4458/6032 4083/4894/6033
f 4083/4894/6033 4352/4895/6034 4337/4457/6031
f 4352/4895/6034 4083/4894/6033 4098/4896/6035
f 4098/4896/6035 4350/4897/6036 4352/4895/6034
f 4351/4898/6037 4350/4897/6036 4098/4896/6035
f 4098/4896/6035 4099/4899/6038 4351/4898/6037
f 4351/4898/6037 4099/4899/6038 4109/4900/6039
f 4109/4900/6039 4364/4901/6040 4351/4898/6037
f 4366/4902/6041 4364/4901/6040 4109/4900/6039
f 4109/4900/6039 4108/4903/6042 4366/4902/6041
f 4366/4902/6041 4108/4903/6042 3944/4904/5529
f 3944/4904/5529 3943/4905/5528 4366/4902/6041
f 4230/4906/6043 3987/4907/6044 4406/4908/6045
f 4406/4908/6045 4231/4909/6046 4230/4906/6043
f 4231/4909/6046 4406/4908/6045 4407/4910/6047
f 4407/4910/6047 4232/4911/6048 4231/4909/6046
f 4232/4911/6048 4407/4910/6047 4408/4912/6049
f 4408/4912/6049 4233/4913/6050 4232/4911/6048
f 4234/4911/6051 4233/4913/6050 4408/4912/6049
f 4408/4912/6049 4409/4910/6052 4234/4911/6051
f 4235/4909/6053 4234/4911/6051 4409/4910/6052
f 4409/4910/6052 4410/4908/6054 4235/4909/6053
f 4236/4906/6055 4235/4909/6053 4410/4908/6054
f 4410/4908/6054 4411/4907/6056 4236/4906/6055
f 4237/4914/6057 4236/4906/6055 4411/4907/6056
f 4411/4907/6056 4412/4915/6058 4237/4914/6057
f 4237/4914/6057 4412/4915/6058 4413/4916/6059
f 4413/4916/6059 4238/4917/6060 4237/4914/6057
f 4238/4917/6060 4413/4916/6059 4414/4918/6061
f 4414/4918/6061 4239/4919/6062 4238/4917/6060
f 4241/4920/6063 4239/4919/6062 4414/4918/6061
f 4414/4918/6061 4415/4921/6064 4241/4920/6063
f 4243/4922/6065 4241/4920/6063 4415/4921/6064
f 4415/4921/6064 4416/4923/6066 4243/4922/6065
f 4243/4922/6065 4416/4923/6066 4417/4924/6067
f 4417/4924/6067 4244/4925/6068 4243/4922/6065
f 4246/4926/6069 4244/4925/6068 4417/4924/6067
f 4417/4924/6067 4418/4927/6070 4246/4926/6069
f 4246/4926/6069 4418/4927/6070 4419/4928/6071
f 4419/4928/6071 4247/4929/6072 4246/4926/6069
f 4247/4929/6072 4419/4928/6071 4404/4930/6018
f 4404/4930/6018 4256/4931/6017 4247/4929/6072
f 4118/4929/6073 3940/4931/5525 3941/4930/5526
f 3941/4930/5526 3969/4928/6074 4118/4929/6073
f 4121/4926/6075 4118/4929/6073 3969/4928/6074
f 3969/4928/6074 3970/4927/6076 4121/4926/6075
f 4121/4926/6075 3970/4927/6076 3971/4924/6077
f 3971/4924/6077 4122/4925/6078 4121/4926/6075
f 4124/4922/6079 4122/4925/6078 3971/4924/6077
f 3971/4924/6077 3973/4923/6080 4124/4922/6079
f 4124/4922/6079 3973/4923/6080 3974/4921/6081
f 3974/4921/6081 4125/4920/6082 4124/4922/6079
f 4125/4920/6082 3974/4921/6081 3975/4918/6083
f 3975/4918/6083 4134/4919/6084 4125/4920/6082
f 4136/4932/6085 4134/4919/6084 3975/4918/6083
f 3975/4918/6083 3984/4933/6086 4136/4932/6085
f 4229/4914/6087 4136/4932/6085 3984/4933/6086
f 3984/4933/6086 3986/4915/6088 4229/4914/6087
f 4229/4914/6087 3986/4915/6088 3987/4907/6044
f 3987/4907/6044 4230/4906/6043 4229/4914/6087
f 4420/4192/6089 4421/4193/6090 4422/4194/6091
f 4422/4194/6091 4421/4193/6090 4423/4195/6092
f 4424/4196/6093 4422/4194/6091 4423/4195/6092
f 4423/4195/6092 4425/4197/6094 4424/4196/6093
f 4426/4198/6095 4424/4196/6093 4425/4197/6094
f 4425/4197/6094 4427/4199/6096 4426/4198/6095
f 4426/4198/6095 4427/4199/6096 4428/4200/6097
f 4429/4201/6098 4426/4198/6095 4428/4200/6097
f 4428/4200/6097 4430/4202/6099 4429/4201/6098
f 4429/4201/6098 4430/4202/6099 4431/4203/6100
f 4432/4204/6101 4429/4201/6098 4431/4203/6100
f 4431/4203/6100 4433/4205/6102 4432/4204/6101
f 4432/4204/6101 4433/4205/6102 4420/4192/6089
f 4422/4194/6091 4432/4204/6101 4420/4192/6089
f 4432/4204/6101 4422/4194/6091 4429/4201/6098
f 4422/4194/6091 4426/4198/6095 4429/4201/6098
f 4422/4194/6091 4424/4196/6093 4426/4198/6095
f 4434/4934/6103 4435/4487/6104 4436/4466/6105
f 4436/4466/6105 4437/4478/6106 4434/4934/6103
f 4434/4934/6103 4437/4478/6106 4438/4935/6107
f 4002/4508/5590 4439/4936/6108 4001/4507/5589
f 4440/4937/6109 4439/4936/6108 4002/4508/5590
f 4002/4508/5590 4003/4509/5591 4440/4937/6109
f 4441/4494/6110 4440/4937/6109 4003/4509/5591
f 4003/4509/5591 4020/4505/5608 4441/4494/6110
f 4442/4491/6111 4441/4494/6110 4020/4505/5608
f 4020/4505/5608 4022/4504/5610 4442/4491/6111
f 4438/4935/6107 4442/4491/6111 4022/4504/5610
f 4022/4504/5610 4024/4526/5612 4438/4935/6107
f 4438/4935/6107 4024/4526/5612 4434/4934/6103
f 4026/4495/5614 4434/4934/6103 4024/4526/5612
f 4435/4487/6104 4434/4934/6103 4026/4495/5614
f 4026/4495/5614 4443/4486/6112 4435/4487/6104
f 4444/4463/6113 4435/4487/6104 4443/4486/6112
f 4436/4466/6105 4435/4487/6104 4444/4463/6113
f 4444/4463/6113 4445/4464/6114 4436/4466/6105
f 4444/4463/6113 4446/4465/6115 4445/4464/6114
f 3988/4494/5576 4406/4938/6116 3987/4493/5575
f 4406/4938/6116 3988/4494/5576 4001/4507/5589
f 4001/4507/5589 4407/4939/6117 4406/4938/6116
f 4001/4507/5589 4439/4936/6108 4407/4939/6117
f 4407/4939/6117 4439/4936/6108 4408/4940/6118
f 4409/4939/6119 4408/4940/6118 4439/4936/6108
f 4440/4937/6109 4409/4939/6119 4439/4936/6108
f 4410/4938/6120 4409/4939/6119 4440/4937/6109
f 4440/4937/6109 4441/4494/6110 4410/4938/6120
f 4411/4493/6121 4410/4938/6120 4441/4494/6110
f 4441/4494/6110 4442/4491/6111 4411/4493/6121
f 4412/4492/6122 4411/4493/6121 4442/4491/6111
f 4413/4941/6123 4412/4492/6122 4442/4491/6111
f 4442/4491/6111 4438/4935/6107 4413/4941/6123
f 4414/4481/6124 4413/4941/6123 4438/4935/6107
f 4438/4935/6107 4437/4478/6106 4414/4481/6124
f 4437/4478/6106 4415/4480/6125 4414/4481/6124
f 4416/4479/6126 4415/4480/6125 4437/4478/6106
f 4417/4477/6127 4416/4479/6126 4437/4478/6106
f 4437/4478/6106 4436/4466/6105 4417/4477/6127
f 4418/4476/6128 4417/4477/6127 4436/4466/6105
f 4436/4466/6105 4419/4475/6129 4418/4476/6128
f 4419/4475/6129 4436/4466/6105 4445/4464/6114
f 4445/4464/6114 4404/4474/6130 4419/4475/6129
f 4445/4464/6114 4405/4473/6131 4404/4474/6130
f 4053/4472/5641 4405/4473/6131 4445/4464/6114
f 4445/4464/6114 4446/4465/6115 4053/4472/5641
f 4053/4472/5641 4446/4465/6115 4043/4470/5631
f 4043/4470/5631 4446/4465/6115 4444/4463/6113
f 4444/4463/6113 4044/4540/5632 4043/4470/5631
f 4443/4486/6112 4044/4540/5632 4444/4463/6113
f 4044/4540/5632 4443/4486/6112 4046/4541/5634
f 4046/4541/5634 4443/4486/6112 4026/4495/5614
f 4026/4495/5614 4051/4496/5639 4046/4541/5634
f 4026/4495/5614 4025/4502/5613 4051/4496/5639
f 4033/4532/5621 4051/4496/5639 4025/4502/5613
f 4447/4204/6132 4448/4201/6133 4449/4194/6134
f 4448/4201/6133 4450/4198/6135 4449/4194/6134
f 4450/4198/6135 4451/4196/6136 4449/4194/6134
f 4452/4192/6137 4447/4204/6132 4449/4194/6134
f 4447/4204/6132 4452/4192/6137 4453/4205/6138
f 4447/4204/6132 4453/4205/6138 4454/4203/6139
f 4454/4203/6139 4448/4201/6133 4447/4204/6132
f 4448/4201/6133 4454/4203/6139 4455/4202/6140
f 4448/4201/6133 4455/4202/6140 4456/4200/6141
f 4456/4200/6141 4450/4198/6135 4448/4201/6133
f 4450/4198/6135 4456/4200/6141 4457/4199/6142
f 4450/4198/6135 4457/4199/6142 4458/4197/6143
f 4458/4197/6143 4451/4196/6136 4450/4198/6135
f 4451/4196/6136 4458/4197/6143 4459/4195/6144
f 4459/4195/6144 4449/4194/6134 4451/4196/6136
f 4449/4194/6134 4459/4195/6144 4460/4193/6145
f 4449/4194/6134 4460/4193/6145 4452/4192/6137
f 4461/4942/6146 4462/4943/6147 4463/4944/6148
f 4463/4944/6148 4464/4945/6149 4461/4942/6146
f 4461/4942/6146 4464/4945/6149 4465/4946/6150
f 4465/4946/6150 4466/4947/6151 4461/4942/6146
f 4467/4948/6152 4466/4947/6151 4465/4946/6150
f 4465/4946/6150 4468/4949/6153 4467/4948/6152
f 4467/4948/6152 4468/4949/6153 4469/4950/6154
f 4470/4951/6155 4471/4952/6156 4461/4942/6146
f 4461/4942/6146 4466/4947/6151 4470/4951/6155
f 4472/4953/6157 4470/4951/6155 4466/4947/6151
f 4466/4947/6151 4467/4948/6152 4472/4953/6157
f 4473/4954/6158 4472/4953/6157 4467/4948/6152
f 4467/4948/6152 4469/4950/6154 4473/4954/6158
f 4474/4955/6159 4473/4954/6158 4469/4950/6154
f 4469/4950/6154 4468/4949/6153 4474/4955/6159
f 4475/4956/6160 4474/4955/6159 4468/4949/6153
f 4468/4949/6153 4465/4946/6150 4475/4956/6160
f 4476/4957/6161 4475/4956/6160 4465/4946/6150
f 4465/4946/6150 4464/4945/6149 4476/4957/6161
f 4477/4958/6162 4476/4957/6161 4464/4945/6149
f 4464/4945/6149 4463/4944/6148 4477/4958/6162
f 4478/4959/6163 4477/4958/6162 4463/4944/6148
f 4463/4944/6148 4462/4943/6147 4478/4959/6163
f 4471/4952/6156 4478/4959/6163 4462/4943/6147
f 4462/4943/6147 4461/4942/6146 4471/4952/6156
f 4479/4944/6164 4480/4943/6165 4481/4942/6166
f 4481/4942/6166 4482/4945/6167 4479/4944/6164
f 4483/4946/6168 4482/4945/6167 4481/4942/6166
f 4481/4942/6166 4484/4947/6169 4483/4946/6168
f 4483/4946/6168 4484/4947/6169 4485/4948/6170
f 4485/4948/6170 4486/4949/6171 4483/4946/6168
f 4485/4948/6170 4487/4950/6172 4486/4949/6171
f 4488/4951/6173 4484/4947/6169 4481/4942/6166
f 4484/4947/6169 4488/4951/6173 4489/4953/6174
f 4489/4953/6174 4485/4948/6170 4484/4947/6169
f 4485/4948/6170 4489/4953/6174 4490/4954/6175
f 4490/4954/6175 4487/4950/6172 4485/4948/6170
f 4487/4950/6172 4490/4954/6175 4491/4955/6176
f 4491/4955/6176 4486/4949/6171 4487/4950/6172
f 4486/4949/6171 4491/4955/6176 4492/4956/6177
f 4492/4956/6177 4483/4946/6168 4486/4949/6171
f 4483/4946/6168 4492/4956/6177 4493/4957/6178
f 4493/4957/6178 4482/4945/6167 4483/4946/6168
f 4482/4945/6167 4493/4957/6178 4494/4958/6179
f 4494/4958/6179 4479/4944/6164 4482/4945/6167
f 4479/4944/6164 4494/4958/6179 4495/4959/6180
f 4495/4959/6180 4480/4943/6165 4479/4944/6164
f 4480/4943/6165 4495/4959/6180 4496/4952/6181
f 4496/4952/6181 4481/4942/6166 4480/4943/6165
f 4481/4942/6166 4496/4952/6181 4488/4951/6173
f 4497/4960/6182 4498/4961/6183 4499/4962/6184
f 4499/4962/6184 4500/4963/6185 4497/4960/6182
f 4497/4960/6182 4500/4963/6185 4501/4964/6186
f 4501/4964/6186 4502/4965/6187 4497/4960/6182
f 4503/4966/6188 4502/4965/6187 4501/4964/6186
f 4501/4964/6186 4504/4967/6189 4503/4966/6188
f 4505/4968/6190 4503/4966/6188 4504/4967/6189
f 4504/4967/6189 4506/4969/6191 4505/4968/6190
f 4505/4968/6190 4506/4969/6191 4507/4970/6192
f 4507/4970/6192 4508/4971/6193 4505/4968/6190
f 4508/4971/6193 4507/4970/6192 4509/4972/6194
f 4509/4972/6194 4510/4973/6195 4508/4971/6193
f 4511/4974/6196 4510/4973/6195 4509/4972/6194
f 4509/4972/6194 4512/4975/6197 4511/4974/6196
f 4513/4976/6198 4511/4974/6196 4512/4975/6197
f 4512/4975/6197 4514/4977/6199 4513/4976/6198
f 4515/4978/6200 4513/4976/6198 4514/4977/6199
f 4514/4977/6199 4516/4979/6201 4515/4978/6200
f 4515/4978/6200 4516/4979/6201 4517/4980/6202
f 4517/4980/6202 4518/4981/6203 4515/4978/6200
f 4519/4982/6204 4518/4981/6203 4517/4980/6202
f 4517/4980/6202 4520/4983/6205 4519/4982/6204
f 4519/4982/6204 4520/4983/6205 4521/4984/6206
f 4521/4984/6206 4522/4985/6207 4519/4982/6204
f 4523/4986/6208 4522/4985/6207 4521/4984/6206
f 4521/4984/6206 4524/4987/6209 4523/4986/6208
f 4523/4986/6208 4524/4987/6209 4525/4988/6210
f 4525/4988/6210 4526/4989/6211 4523/4986/6208
f 4526/4989/6211 4525/4988/6210 4527/4990/6212
f 4527/4990/6212 4528/4991/6213 4526/4989/6211
f 4528/4991/6213 4527/4990/6212 4529/4992/6214
f 4529/4992/6214 4530/4993/6215 4528/4991/6213
f 4531/4994/6216 4530/4993/6215 4529/4992/6214
f 4529/4992/6214 4532/4995/6217 4531/4994/6216
f 4498/4996/6183 4531/4994/6216 4532/4995/6217
f 4532/4995/6217 4499/4997/6184 4498/4996/6183
f 4533/4998/6218 4534/4999/6219 4535/5000/6220
f 4535/5000/6220 4536/5001/6221 4533/4998/6218
f 4536/5001/6221 4535/5000/6220 4537/5002/6222
f 4537/5002/6222 4538/5003/6223 4536/5001/6221
f 4538/5003/6223 4537/5002/6222 4539/5004/6224
f 4539/5004/6224 4540/5005/6225 4538/5003/6223
f 4540/5005/6225 4539/5004/6224 4541/5006/6226
f 4541/5006/6226 4542/5007/6227 4540/5005/6225
f 4542/5007/6227 4541/5006/6226 4543/5008/6228
f 4543/5008/6228 4544/5009/6229 4542/5007/6227
f 4544/5009/6229 4543/5008/6228 4545/5010/6230
f 4545/5010/6230 4546/5011/6231 4544/5009/6229
f 4546/5011/6231 4545/5010/6230 4547/5012/6232
f 4547/5012/6232 4548/5013/6233 4546/5011/6231
f 4549/5014/6234 4548/5013/6233 4547/5012/6232
f 4547/5012/6232 4550/5015/6235 4549/5014/6234
f 4551/5016/6236 4549/5014/6234 4550/5015/6235
f 4550/5015/6235 4552/5017/6237 4551/5016/6236
f 4553/5018/6238 4551/5016/6236 4552/5017/6237
f 4552/5017/6237 4554/5019/6239 4553/5018/6238
f 4555/5020/6240 4553/5018/6238 4554/5019/6239
f 4554/5019/6239 4556/5021/6241 4555/5020/6240
f 4555/5020/6240 4556/5021/6241 4557/5022/6242
f 4557/5022/6242 4558/5023/6243 4555/5020/6240
f 4559/5024/6244 4558/5023/6243 4557/5022/6242
f 4557/5022/6242 4560/5025/6245 4559/5024/6244
f 4559/5024/6244 4560/5025/6245 4561/5026/6246
f 4561/5026/6246 4562/5027/6247 4559/5024/6244
f 4562/5027/6247 4561/5026/6246 4563/5028/6248
f 4563/5028/6248 4564/5029/6249 4562/5027/6247
f 4565/5030/6250 4564/5029/6249 4563/5028/6248
f 4563/5028/6248 4566/5031/6251 4565/5030/6250
f 4533/5032/6218 4565/5030/6250 4566/5031/6251
f 4566/5031/6251 4534/5033/6219 4533/5032/6218
f 4567/5034/6252 4568/5035/6253 4547/5036/6254
f 4547/5036/6254 4545/5037/6255 4567/5034/6252
f 4543/5038/6256 4567/5034/6252 4545/5037/6255
f 4541/5039/6257 4567/5034/6252 4543/5038/6256
f 4539/5040/6258 4567/5034/6252 4541/5039/6257
f 4537/5041/6259 4567/5034/6252 4539/5040/6258
f 4537/5041/6259 4535/5042/6260 4567/5034/6252
f 4567/5034/6252 4535/5042/6260 4534/5043/6261
f 4568/5035/6253 4567/5034/6252 4534/5043/6261
f 4534/5043/6261 4566/5044/6262 4568/5035/6253
f 4569/5045/6263 4568/5035/6253 4566/5044/6262
f 4566/5044/6262 4563/5046/6264 4569/5045/6263
f 4570/5047/6265 4569/5045/6263 4563/5046/6264
f 4563/5046/6264 4561/5048/6266 4570/5047/6265
f 4570/5047/6265 4561/5048/6266 4560/5049/6267
f 4570/5047/6265 4560/5049/6267 4557/5050/6268
f 4557/5050/6268 4556/5051/6269 4570/5047/6265
f 4570/5047/6265 4556/5051/6269 4571/5052/6270
f 4571/5052/6270 4556/5051/6269 4554/5053/6271
f 4552/5054/6272 4571/5052/6270 4554/5053/6271
f 4569/5045/6263 4571/5052/6270 4552/5054/6272
f 4552/5054/6272 4550/5055/6273 4569/5045/6263
f 4568/5035/6253 4569/5045/6263 4550/5055/6273
f 4550/5055/6273 4547/5036/6254 4568/5035/6253
f 4569/5045/6263 4570/5047/6265 4571/5052/6270
f 4572/5056/6274 4573/5057/6275 4574/5058/6276
f 4528/5059/6277 4530/5060/6278 4575/5061/6279
f 4575/5061/6279 4530/5060/6278 4531/5062/6280
f 4576/5063/6281 4575/5061/6279 4531/5062/6280
f 4531/5062/6280 4498/5064/6282 4576/5063/6281
f 4576/5063/6281 4498/5064/6282 4497/5065/6283
f 4497/5065/6283 4572/5056/6274 4576/5063/6281
f 4572/5056/6274 4497/5065/6283 4502/5066/6284
f 4502/5066/6284 4573/5057/6275 4572/5056/6274
f 4573/5057/6275 4502/5066/6284 4503/5067/6285
f 4573/5057/6275 4503/5067/6285 4505/5068/6286
f 4505/5068/6286 4508/5069/6287 4573/5057/6275
f 4573/5057/6275 4508/5069/6287 4574/5058/6276
f 4574/5058/6276 4508/5069/6287 4510/5070/6288
f 4511/5071/6289 4574/5058/6276 4510/5070/6288
f 4513/5072/6290 4574/5058/6276 4511/5071/6289
f 4574/5058/6276 4513/5072/6290 4515/5073/6291
f 4515/5073/6291 4572/5056/6274 4574/5058/6276
f 4572/5056/6274 4515/5073/6291 4518/5074/6292
f 4518/5074/6292 4576/5063/6281 4572/5056/6274
f 4577/5075/6293 4576/5063/6281 4518/5074/6292
f 4575/5061/6279 4576/5063/6281 4577/5075/6293
f 4575/5061/6279 4577/5075/6293 4526/5076/6294
f 4575/5061/6279 4526/5076/6294 4528/5059/6277
f 4526/5076/6294 4577/5075/6293 4523/5077/6295
f 4523/5077/6295 4577/5075/6293 4522/5078/6296
f 4522/5078/6296 4577/5075/6293 4519/5079/6297
f 4518/5074/6292 4519/5079/6297 4577/5075/6293
f 4578/4978/6298 4579/4979/6299 4580/4977/6300
f 4580/4977/6300 4581/4976/6301 4578/4978/6298
f 4581/4976/6301 4580/4977/6300 4582/4975/6302
f 4582/4975/6302 4583/4974/6303 4581/4976/6301
f 4583/4974/6303 4582/4975/6302 4584/4972/6304
f 4584/4972/6304 4585/4973/6305 4583/4974/6303
f 4586/4971/6306 4585/4973/6305 4584/4972/6304
f 4584/4972/6304 4587/4970/6307 4586/4971/6306
f 4588/4968/6308 4586/4971/6306 4587/4970/6307
f 4587/4970/6307 4589/4969/6309 4588/4968/6308
f 4588/4968/6308 4589/4969/6309 4590/4967/6310
f 4590/4967/6310 4591/4966/6311 4588/4968/6308
f 4591/4966/6311 4590/4967/6310 4592/4964/6312
f 4592/4964/6312 4593/4965/6313 4591/4966/6311
f 4594/4960/6314 4593/4965/6313 4592/4964/6312
f 4592/4964/6312 4595/4963/6315 4594/4960/6314
f 4594/4960/6314 4595/4963/6315 4596/4962/6316
f 4596/4962/6316 4597/4961/6317 4594/4960/6314
f 4597/4996/6317 4596/4997/6316 4598/4995/6318
f 4598/4995/6318 4599/4994/6319 4597/4996/6317
f 4599/4994/6319 4598/4995/6318 4600/4992/6320
f 4600/4992/6320 4601/4993/6321 4599/4994/6319
f 4602/4991/6322 4601/4993/6321 4600/4992/6320
f 4600/4992/6320 4603/4990/6323 4602/4991/6322
f 4604/4989/6324 4602/4991/6322 4603/4990/6323
f 4603/4990/6323 4605/4988/6325 4604/4989/6324
f 4606/4986/6326 4604/4989/6324 4605/4988/6325
f 4605/4988/6325 4607/4987/6327 4606/4986/6326
f 4606/4986/6326 4607/4987/6327 4608/4984/6328
f 4608/4984/6328 4609/4985/6329 4606/4986/6326
f 4610/4982/6330 4609/4985/6329 4608/4984/6328
f 4608/4984/6328 4611/4983/6331 4610/4982/6330
f 4610/4982/6330 4611/4983/6331 4612/4980/6332
f 4612/4980/6332 4613/4981/6333 4610/4982/6330
f 4578/4978/6298 4613/4981/6333 4612/4980/6332
f 4612/4980/6332 4579/4979/6299 4578/4978/6298
f 4614/5080/6334 4615/5081/6335 4616/5082/6336
f 4617/5083/6337 4615/5081/6335 4614/5080/6334
f 4614/5080/6334 4618/5084/6338 4617/5083/6337
f 4619/5085/6339 4617/5083/6337 4618/5084/6338
f 4618/5084/6338 4620/5086/6340 4619/5085/6339
f 4619/5085/6339 4620/5086/6340 4621/5087/6341
f 4621/5087/6341 4622/5088/6342 4619/5085/6339
f 4622/5088/6342 4621/5087/6341 4623/5089/6343
f 4624/5090/6344 4625/5091/6345 4626/5092/6346
f 4627/5093/6347 4625/5091/6345 4624/5090/6344
f 4624/5090/6344 4628/5094/6348 4627/5093/6347
f 4629/5095/6349 4627/5093/6347 4628/5094/6348
f 4628/5094/6348 4630/5096/6350 4629/5095/6349
f 4631/5097/6351 4629/5095/6349 4630/5096/6350
f 4630/5096/6350 4632/5098/6352 4631/5097/6351
f 4631/5097/6351 4632/5098/6352 4633/5096/6353
f 4633/5096/6353 4634/5095/6354 4631/5097/6351
f 4634/5095/6354 4633/5096/6353 4635/5094/6355
f 4635/5094/6355 4636/5093/6356 4634/5095/6354
f 4636/5093/6356 4635/5094/6355 4637/5090/6357
f 4637/5090/6357 4638/5091/6358 4636/5093/6356
f 4639/5092/6359 4638/5091/6358 4637/5090/6357
f 4637/5090/6357 4640/5099/6360 4639/5092/6359
f 4616/5082/6336 4639/5092/6359 4640/5099/6360
f 4640/5099/6360 4641/5100/6361 4616/5082/6336
f 4616/5082/6336 4641/5100/6361 4614/5080/6334
f 4623/5089/6343 4642/5101/6362 4622/5088/6342
f 4642/5101/6362 4623/5089/6343 4643/5102/6363
f 4643/5102/6363 4644/5103/6364 4642/5101/6362
f 4645/5101/6365 4644/5103/6364 4643/5102/6363
f 4643/5102/6363 4646/5089/6366 4645/5101/6365
f 4647/5088/6367 4645/5101/6365 4646/5089/6366
f 4646/5089/6366 4648/5087/6368 4647/5088/6367
f 4649/5085/6369 4647/5088/6367 4648/5087/6368
f 4648/5087/6368 4650/5086/6370 4649/5085/6369
f 4649/5085/6369 4650/5086/6370 4651/5084/6371
f 4651/5084/6371 4652/5083/6372 4649/5085/6369
f 4652/5083/6372 4651/5084/6371 4653/5080/6373
f 4653/5080/6373 4654/5081/6374 4652/5083/6372
f 4655/5082/6375 4654/5081/6374 4653/5080/6373
f 4653/5080/6373 4656/5100/6376 4655/5082/6375
f 4655/5082/6375 4656/5100/6376 4657/5099/6377
f 4657/5099/6377 4626/5092/6346 4655/5082/6375
f 4626/5092/6346 4657/5099/6377 4624/5090/6344
f 4658/5104/6378 4659/5105/6379 4660/5106/6380
f 4659/5105/6379 4658/5104/6378 4661/5107/6381
f 4661/5107/6381 4662/5108/6382 4659/5105/6379
f 4663/5109/6383 4662/5108/6382 4661/5107/6381
f 4664/5110/6384 4665/5111/6385 4666/5112/6386
f 4665/5111/6385 4664/5110/6384 4667/5113/6387
f 4667/5113/6387 4668/5114/6388 4665/5111/6385
f 4669/5111/6389 4668/5114/6388 4667/5113/6387
f 4667/5113/6387 4670/5110/6390 4669/5111/6389
f 4671/5112/6391 4669/5111/6389 4670/5110/6390
f 4670/5110/6390 4672/5115/6392 4671/5112/6391
f 4673/5116/6393 4671/5112/6391 4672/5115/6392
f 4672/5115/6392 4674/5117/6394 4673/5116/6393
f 4675/5118/6395 4673/5116/6393 4674/5117/6394
f 4674/5117/6394 4676/5119/6396 4675/5118/6395
f 4677/5120/6397 4675/5118/6395 4676/5119/6396
f 4676/5119/6396 4678/5121/6398 4677/5120/6397
f 4677/5120/6397 4678/5121/6398 4679/5122/6399
f 4679/5122/6399 4680/5123/6400 4677/5120/6397
f 4660/5106/6380 4680/5123/6400 4679/5122/6399
f 4679/5122/6399 4681/5124/6401 4660/5106/6380
f 4660/5106/6380 4681/5124/6401 4658/5104/6378
f 4682/5125/6402 4658/5126/6403 4681/5127/6404
f 4682/5125/6402 4681/5127/6404 4679/5128/6405
f 4678/5129/6406 4682/5125/6402 4679/5128/6405
f 4676/5130/6407 4682/5125/6402 4678/5129/6406
f 4676/5130/6407 4674/5131/6408 4682/5125/6402
f 4674/5131/6408 4672/5132/6409 4682/5125/6402
f 4672/5132/6409 4670/5133/6410 4682/5125/6402
f 4683/5134/6411 4682/5125/6402 4670/5133/6410
f 4670/5133/6410 4667/5135/6412 4683/5134/6411
f 4683/5134/6411 4667/5135/6412 4664/5133/6413
f 4664/5133/6413 4684/5125/6414 4683/5134/6411
f 4685/5132/6415 4684/5125/6414 4664/5133/6413
f 4686/5131/6416 4684/5125/6414 4685/5132/6415
f 4687/5130/6417 4684/5125/6414 4686/5131/6416
f 4687/5130/6417 4688/5129/6418 4684/5125/6414
f 4688/5129/6418 4689/5128/6419 4684/5125/6414
f 4684/5125/6414 4689/5128/6419 4690/5127/6420
f 4684/5125/6414 4690/5127/6420 4691/5126/6421
f 4684/5125/6414 4691/5126/6421 4692/5136/6422
f 4684/5125/6414 4692/5136/6422 4693/5137/6423
f 4693/5137/6423 4683/5134/6411 4684/5125/6414
f 4682/5125/6402 4683/5134/6411 4693/5137/6423
f 4693/5137/6423 4661/5136/6424 4682/5125/6402
f 4682/5125/6402 4661/5136/6424 4658/5126/6403
f 4694/5014/6425 4695/5015/6426 4696/5012/6427
f 4696/5012/6427 4697/5013/6428 4694/5014/6425
f 4698/5011/6429 4697/5013/6428 4696/5012/6427
f 4696/5012/6427 4699/5010/6430 4698/5011/6429
f 4700/5009/6431 4698/5011/6429 4699/5010/6430
f 4699/5010/6430 4701/5008/6432 4700/5009/6431
f 4702/5007/6433 4700/5009/6431 4701/5008/6432
f 4701/5008/6432 4703/5006/6434 4702/5007/6433
f 4704/5005/6435 4702/5007/6433 4703/5006/6434
f 4703/5006/6434 4705/5004/6436 4704/5005/6435
f 4706/5003/6437 4704/5005/6435 4705/5004/6436
f 4705/5004/6436 4707/5002/6438 4706/5003/6437
f 4708/5001/6439 4706/5003/6437 4707/5002/6438
f 4707/5002/6438 4709/5000/6440 4708/5001/6439
f 4710/4998/6441 4708/5001/6439 4709/5000/6440
f 4709/5000/6440 4711/4999/6442 4710/4998/6441
f 4710/5032/6441 4711/5033/6442 4712/5031/6443
f 4712/5031/6443 4713/5030/6444 4710/5032/6441
f 4713/5030/6444 4712/5031/6443 4714/5028/6445
f 4714/5028/6445 4715/5029/6446 4713/5030/6444
f 4716/5027/6447 4715/5029/6446 4714/5028/6445
f 4714/5028/6445 4717/5026/6448 4716/5027/6447
f 4718/5024/6449 4716/5027/6447 4717/5026/6448
f 4717/5026/6448 4719/5025/6450 4718/5024/6449
f 4718/5024/6449 4719/5025/6450 4720/5022/6451
f 4720/5022/6451 4721/5023/6452 4718/5024/6449
f 4722/5020/6453 4721/5023/6452 4720/5022/6451
f 4720/5022/6451 4723/5021/6454 4722/5020/6453
f 4722/5020/6453 4723/5021/6454 4724/5019/6455
f 4724/5019/6455 4725/5018/6456 4722/5020/6453
f 4725/5018/6456 4724/5019/6455 4726/5017/6457
f 4726/5017/6457 4727/5016/6458 4725/5018/6456
f 4727/5016/6458 4726/5017/6457 4695/5015/6426
f 4695/5015/6426 4694/5014/6425 4727/5016/6458
f 4622/5138/6459 4642/5139/6460 4728/5140/6461
f 4728/5140/6461 4729/5141/6462 4622/5138/6459
f 4729/5141/6462 4619/5142/6463 4622/5138/6459
f 4729/5141/6462 4617/5143/6464 4619/5142/6463
f 4729/5141/6462 4615/5144/6465 4617/5143/6464
f 4616/5145/6466 4615/5144/6465 4729/5141/6462
f 4729/5141/6462 4730/5146/6467 4616/5145/6466
f 4639/5147/6468 4616/5145/6466 4730/5146/6467
f 4730/5146/6467 4638/5148/6469 4639/5147/6468
f 4730/5146/6467 4636/5149/6470 4638/5148/6469
f 4634/5150/6471 4636/5149/6470 4730/5146/6467
f 4731/5141/6472 4732/5146/6473 4728/5140/6461
f 4729/5141/6462 4728/5140/6461 4730/5146/6467
f 4730/5146/6467 4728/5140/6461 4634/5150/6471
f 4634/5150/6471 4728/5140/6461 4631/5151/6474
f 4629/5150/6475 4631/5151/6474 4728/5140/6461
f 4629/5150/6475 4728/5140/6461 4732/5146/6473
f 4732/5146/6473 4627/5149/6476 4629/5150/6475
f 4732/5146/6473 4625/5148/6477 4627/5149/6476
f 4732/5146/6473 4626/5147/6478 4625/5148/6477
f 4626/5147/6478 4732/5146/6473 4655/5145/6479
f 4655/5145/6479 4732/5146/6473 4731/5141/6472
f 4731/5141/6472 4654/5144/6480 4655/5145/6479
f 4731/5141/6472 4652/5143/6481 4654/5144/6480
f 4731/5141/6472 4649/5142/6482 4652/5143/6481
f 4731/5141/6472 4647/5138/6483 4649/5142/6482
f 4647/5138/6483 4731/5141/6472 4728/5140/6461
f 4728/5140/6461 4645/5139/6484 4647/5138/6483
f 4645/5139/6484 4728/5140/6461 4644/5152/6485
f 4642/5139/6460 4644/5152/6485 4728/5140/6461
f 4661/5107/6381 4693/5153/6486 4663/5109/6383
f 4663/5109/6383 4693/5153/6486 4692/5107/6487
f 4692/5107/6487 4733/5108/6488 4663/5109/6383
f 4734/5105/6489 4733/5108/6488 4692/5107/6487
f 4692/5107/6487 4691/5104/6490 4734/5105/6489
f 4735/5106/6491 4734/5105/6489 4691/5104/6490
f 4691/5104/6490 4690/5124/6492 4735/5106/6491
f 4735/5106/6491 4690/5124/6492 4689/5122/6493
f 4689/5122/6493 4736/5123/6494 4735/5106/6491
f 4737/5120/6495 4736/5123/6494 4689/5122/6493
f 4689/5122/6493 4688/5121/6496 4737/5120/6495
f 4737/5120/6495 4688/5121/6496 4687/5119/6497
f 4687/5119/6497 4738/5118/6498 4737/5120/6495
f 4738/5118/6498 4687/5119/6497 4686/5117/6499
f 4686/5117/6499 4739/5116/6500 4738/5118/6498
f 4739/5116/6500 4686/5117/6499 4685/5115/6501
f 4685/5115/6501 4666/5112/6386 4739/5116/6500
f 4666/5112/6386 4685/5115/6501 4664/5110/6384
f 4740/5154/6502 4741/5155/6503 4742/5156/6504
f 4740/5154/6502 4743/5157/6505 4741/5155/6503
f 4744/5158/6506 4743/5157/6505 4740/5154/6502
f 4745/5159/6507 4744/5158/6506 4740/5154/6502
f 4740/5154/6502 4746/5160/6508 4745/5159/6507
f 4747/5161/6509 4745/5159/6507 4746/5160/6508
f 4748/5162/6510 4747/5161/6509 4746/5160/6508
f 4748/5162/6510 4746/5160/6508 4749/5163/6511
f 4750/5164/6512 4749/5163/6511 4746/5160/6508
f 4746/5160/6508 4751/5165/6513 4750/5164/6512
f 4751/5165/6513 4752/5166/6514 4750/5164/6512
f 4751/5165/6513 4753/5164/6515 4752/5166/6514
f 4753/5164/6515 4751/5165/6513 4754/5160/6516
f 4754/5160/6516 4755/5163/6517 4753/5164/6515
f 4756/5162/6518 4755/5163/6517 4754/5160/6516
f 4756/5162/6518 4754/5160/6516 4757/5161/6519
f 4757/5161/6519 4754/5160/6516 4758/5159/6520
f 4746/5160/6508 4740/5154/6502 4759/5167/6521
f 4759/5167/6521 4751/5165/6513 4746/5160/6508
f 4754/5160/6516 4751/5165/6513 4759/5167/6521
f 4759/5167/6521 4760/5154/6522 4754/5160/6516
f 4758/5159/6520 4754/5160/6516 4760/5154/6522
f 4760/5154/6522 4761/5158/6523 4758/5159/6520
f 4761/5158/6523 4760/5154/6522 4762/5157/6524
f 4760/5154/6522 4763/5155/6525 4762/5157/6524
f 4760/5154/6522 4764/5156/6526 4763/5155/6525
f 4760/5154/6522 4765/5168/6527 4764/5156/6526
f 4760/5154/6522 4766/5169/6528 4765/5168/6527
f 4766/5169/6528 4760/5154/6522 4759/5167/6521
f 4759/5167/6521 4767/5170/6529 4766/5169/6528
f 4767/5170/6529 4759/5167/6521 4768/5171/6530
f 4769/5170/6531 4768/5171/6530 4759/5167/6521
f 4770/5169/6532 4769/5170/6531 4759/5167/6521
f 4759/5167/6521 4740/5154/6502 4770/5169/6532
f 4740/5154/6502 4771/5168/6533 4770/5169/6532
f 4740/5154/6502 4742/5156/6504 4771/5168/6533
f 4772/5045/6534 4773/5052/6535 4774/5047/6536
f 4707/5041/6537 4775/5034/6538 4709/5042/6539
f 4775/5034/6538 4711/5043/6540 4709/5042/6539
f 4711/5043/6540 4775/5034/6538 4776/5035/6541
f 4776/5035/6541 4712/5044/6542 4711/5043/6540
f 4712/5044/6542 4776/5035/6541 4772/5045/6534
f 4772/5045/6534 4714/5046/6543 4712/5044/6542
f 4714/5046/6543 4772/5045/6534 4774/5047/6536
f 4774/5047/6536 4717/5048/6544 4714/5046/6543
f 4774/5047/6536 4719/5049/6545 4717/5048/6544
f 4774/5047/6536 4720/5050/6546 4719/5049/6545
f 4720/5050/6546 4774/5047/6536 4723/5051/6547
f 4774/5047/6536 4773/5052/6535 4723/5051/6547
f 4773/5052/6535 4724/5053/6548 4723/5051/6547
f 4726/5054/6549 4724/5053/6548 4773/5052/6535
f 4726/5054/6549 4773/5052/6535 4772/5045/6534
f 4772/5045/6534 4695/5055/6550 4726/5054/6549
f 4695/5055/6550 4772/5045/6534 4776/5035/6541
f 4776/5035/6541 4696/5036/6551 4695/5055/6550
f 4696/5036/6551 4776/5035/6541 4775/5034/6538
f 4775/5034/6538 4699/5037/6552 4696/5036/6551
f 4701/5038/6553 4699/5037/6552 4775/5034/6538
f 4703/5039/6554 4701/5038/6553 4775/5034/6538
f 4705/5040/6555 4703/5039/6554 4775/5034/6538
f 4707/5041/6537 4705/5040/6555 4775/5034/6538
f 4777/5056/6556 4778/5058/6557 4779/5057/6558
f 4602/5059/6559 4780/5061/6560 4601/5060/6561
f 4780/5061/6560 4599/5062/6562 4601/5060/6561
f 4599/5062/6562 4780/5061/6560 4781/5063/6563
f 4781/5063/6563 4597/5064/6564 4599/5062/6562
f 4594/5065/6565 4597/5064/6564 4781/5063/6563
f 4781/5063/6563 4777/5056/6556 4594/5065/6565
f 4593/5066/6566 4594/5065/6565 4777/5056/6556
f 4777/5056/6556 4779/5057/6558 4593/5066/6566
f 4779/5057/6558 4591/5067/6567 4593/5066/6566
f 4779/5057/6558 4588/5068/6568 4591/5067/6567
f 4588/5068/6568 4779/5057/6558 4586/5069/6569
f 4779/5057/6558 4778/5058/6557 4586/5069/6569
f 4778/5058/6557 4585/5070/6570 4586/5069/6569
f 4583/5071/6571 4585/5070/6570 4778/5058/6557
f 4581/5072/6572 4583/5071/6571 4778/5058/6557
f 4578/5073/6573 4581/5072/6572 4778/5058/6557
f 4778/5058/6557 4777/5056/6556 4578/5073/6573
f 4613/5074/6574 4578/5073/6573 4777/5056/6556
f 4777/5056/6556 4781/5063/6563 4613/5074/6574
f 4613/5074/6574 4781/5063/6563 4782/5075/6575
f 4780/5061/6560 4782/5075/6575 4781/5063/6563
f 4780/5061/6560 4604/5076/6576 4782/5075/6575
f 4780/5061/6560 4602/5059/6559 4604/5076/6576
f 4604/5076/6576 4606/5077/6577 4782/5075/6575
f 4606/5077/6577 4609/5078/6578 4782/5075/6575
f 4609/5078/6578 4610/5079/6579 4782/5075/6575
f 4782/5075/6575 4610/5079/6579 4613/5074/6574
f 4783/5172/6580 4784/5173/6581 4785/5174/6582
f 4785/5174/6582 4786/5175/6583 4783/5172/6580
f 4786/5175/6583 4785/5174/6582 4787/5176/6584
f 4787/5176/6584 4788/5177/6585 4786/5175/6583
f 4788/5177/6585 4787/5176/6584 4789/5178/6586
f 4789/5178/6586 4790/5179/6587 4788/5177/6585
f 4791/5180/6588 4790/5179/6587 4789/5178/6586
f 4789/5178/6586 4792/5181/6589 4791/5180/6588
f 4793/5182/6590 4791/5180/6588 4792/5181/6589
f 4792/5181/6589 4794/5183/6591 4793/5182/6590
f 4793/5182/6590 4794/5183/6591 4795/5184/6592
f 4795/5184/6592 4796/5185/6593 4793/5182/6590
f 4797/5186/6594 4798/5187/6595 4799/5188/6596
f 4799/5188/6596 4800/5189/6597 4797/5186/6594
f 4801/5190/6598 4800/5189/6597 4799/5188/6596
f 4799/5188/6596 4802/5191/6599 4801/5190/6598
f 4801/5190/6598 4802/5191/6599 4803/5192/6600
f 4803/5192/6600 4804/5193/6601 4801/5190/6598
f 4805/5194/6602 4804/5193/6601 4803/5192/6600
f 4803/5192/6600 4806/5195/6603 4805/5194/6602
f 4807/5196/6604 4805/5194/6602 4806/5195/6603
f 4806/5195/6603 4808/5197/6605 4807/5196/6604
f 4807/5196/6604 4808/5197/6605 4809/5198/6606
f 4809/5198/6606 4810/5199/6607 4807/5196/6604
f 4789/5200/6608 4803/5201/6609 4802/5202/6610
f 4802/5202/6610 4792/5203/6611 4789/5200/6608
f 4794/5204/6612 4792/5203/6611 4802/5202/6610
f 4802/5202/6610 4799/5205/6613 4794/5204/6612
f 4795/5206/6614 4794/5204/6612 4799/5205/6613
f 4799/5205/6613 4798/5207/6615 4795/5206/6614
f 4795/5206/6614 4798/5207/6615 4797/5208/6616
f 4797/5208/6616 4796/5209/6617 4795/5206/6614
f 4793/5210/6618 4796/5209/6617 4797/5208/6616
f 4797/5208/6616 4800/5211/6619 4793/5210/6618
f 4791/5212/6620 4793/5210/6618 4800/5211/6619
f 4800/5211/6619 4801/5213/6621 4791/5212/6620
f 4791/5212/6620 4801/5213/6621 4804/5214/6622
f 4804/5214/6622 4790/5215/6623 4791/5212/6620
f 4790/5215/6623 4804/5214/6622 4805/5216/6624
f 4805/5216/6624 4788/5217/6625 4790/5215/6623
f 4786/5218/6626 4788/5217/6625 4805/5216/6624
f 4805/5216/6624 4807/5219/6627 4786/5218/6626
f 4783/5220/6628 4786/5218/6626 4807/5219/6627
f 4807/5219/6627 4810/5221/6629 4783/5220/6628
f 4783/5220/6628 4810/5221/6629 4809/5222/6630
f 4809/5222/6630 4784/5223/6631 4783/5220/6628
f 4785/5224/6632 4784/5223/6631 4809/5222/6630
f 4809/5222/6630 4808/5225/6633 4785/5224/6632
f 4787/5226/6634 4785/5224/6632 4808/5225/6633
f 4808/5225/6633 4806/5227/6635 4787/5226/6634
f 4787/5226/6634 4806/5227/6635 4803/5228/6609
f 4803/5228/6609 4789/5229/6608 4787/5226/6634
f 4811/5230/6636 4812/5231/6637 4813/5232/6638
f 4814/5233/6639 4815/5234/6640 4816/5235/6641
f 4815/5234/6640 4814/5233/6639 4817/5236/6642
f 4817/5236/6642 4818/5237/6643 4815/5234/6640
f 4819/5238/6644 4818/5237/6643 4817/5236/6642
f 4820/5239/6645 4818/5237/6643 4819/5238/6644
f 4819/5238/6644 4821/5240/6646 4820/5239/6645
f 4813/5232/6638 4820/5239/6645 4821/5240/6646
f 4821/5240/6646 4822/5241/6647 4813/5232/6638
f 4813/5232/6638 4822/5241/6647 4823/5242/6648
f 4813/5232/6638 4823/5242/6648 4811/5230/6636
f 4811/5230/6636 4823/5242/6648 4824/5243/6649
f 4825/5244/6650 4826/5245/6651 4827/5246/6652
f 4828/5247/6653 4826/5245/6651 4825/5244/6650
f 4825/5244/6650 4829/5248/6654 4828/5247/6653
f 4830/5249/6655 4828/5247/6653 4829/5248/6654
f 4829/5248/6654 4831/5250/6656 4830/5249/6655
f 4832/5251/6657 4833/5252/6658 4834/5253/6659
f 4834/5253/6659 4835/5254/6657 4832/5251/6657
f 4836/5255/6660 4837/5256/6661 4832/5257/6662
f 4832/5257/6662 4835/5258/6663 4836/5255/6660
f 4836/5259/6664 4835/5260/6665 4834/5261/6666
f 4834/5261/6666 4838/5262/6667 4836/5259/6664
f 4836/5263/6668 4838/5264/6669 4839/5265/6670
f 4839/5265/6670 4837/5266/6671 4836/5263/6668
f 4840/5267/6672 4841/5268/6673 4842/5269/6674
f 4842/5269/6674 4843/5270/6675 4840/5267/6672
f 4844/5271/6676 4840/5267/6672 4843/5270/6675
f 4843/5270/6675 4845/5272/6677 4844/5271/6676
f 4844/5271/6676 4845/5272/6677 4846/5273/6678
f 4846/5273/6678 4847/5274/6679 4844/5271/6676
f 4848/5275/6680 4847/5276/6679 4846/5277/6678
f 4846/5277/6678 4849/5278/6681 4848/5275/6680
f 4850/5279/6682 4848/5275/6680 4849/5278/6681
f 4849/5278/6681 4851/5280/6683 4850/5279/6682
f 4850/5279/6682 4851/5280/6683 4852/5281/6684
f 4852/5281/6684 4853/5282/6685 4850/5279/6682
f 4853/5282/6685 4852/5281/6684 4854/5283/6686
f 4854/5283/6686 4855/5284/6687 4853/5282/6685
f 4856/5285/6688 4855/5284/6687 4854/5283/6686
f 4854/5283/6686 4857/5286/6689 4856/5285/6688
f 4858/5287/6690 4856/5285/6688 4857/5286/6689
f 4857/5286/6689 4859/5288/6691 4858/5287/6690
f 4858/5287/6690 4859/5288/6691 4860/5289/6692
f 4860/5289/6692 4861/5290/6693 4858/5287/6690
f 4862/5291/6694 4861/5290/6693 4860/5289/6692
f 4860/5289/6692 4863/5292/6695 4862/5291/6694
f 4841/5268/6673 4862/5291/6694 4863/5292/6695
f 4863/5292/6695 4842/5269/6674 4841/5268/6673
f 4864/5293/6696 4865/5294/6697 4866/5295/6698
f 4867/5296/6699 4868/5297/6700 4869/5298/6701
f 4870/5299/6702 4868/5297/6700 4867/5296/6699
f 4867/5296/6699 4871/5300/6703 4870/5299/6702
f 4871/5300/6703 4872/5301/6704 4870/5299/6702
f 4872/5301/6704 4871/5300/6703 4873/5302/6705
f 4873/5302/6705 4874/5303/6706 4872/5301/6704
f 4866/5295/6698 4874/5303/6706 4873/5302/6705
f 4873/5302/6705 4875/5304/6707 4866/5295/6698
f 4866/5295/6698 4875/5304/6707 4864/5293/6696
f 4864/5293/6696 4875/5304/6707 4876/5305/6708
f 4876/5305/6708 4877/5306/6709 4864/5293/6696
f 4878/5260/6710 4879/5261/6711 4880/5262/6712
f 4880/5262/6712 4881/5259/6713 4878/5260/6710
f 4878/5258/6714 4881/5255/6715 4882/5256/6716
f 4882/5256/6716 4883/5257/6717 4878/5258/6714
f 4884/5307/6718 4885/5308/6719 4886/5309/6720
f 4886/5309/6720 4880/5310/6721 4884/5307/6718
f 4884/5307/6718 4880/5310/6721 4879/5311/6722
f 4879/5311/6722 4887/5312/6723 4884/5307/6718
f 4887/5312/6723 4879/5311/6722 4888/5313/6724
f 4888/5313/6724 4889/5314/6725 4887/5312/6723
f 4861/5315/6726 4856/5316/6727 4858/5317/6728
f 4855/5318/6729 4856/5316/6727 4861/5315/6726
f 4861/5315/6726 4862/5319/6730 4855/5318/6729
f 4853/5320/6731 4855/5318/6729 4862/5319/6730
f 4862/5319/6730 4841/5321/6732 4853/5320/6731
f 4850/5322/6733 4853/5320/6731 4841/5321/6732
f 4841/5321/6732 4840/5323/6734 4850/5322/6733
f 4850/5322/6733 4840/5323/6734 4844/5324/6735
f 4844/5324/6735 4848/5325/6735 4850/5322/6733
f 4848/5325/6735 4844/5324/6735 4847/5326/6736
f 4879/5253/6737 4878/5254/6738 4883/5251/6739
f 4883/5251/6739 4888/5252/6740 4879/5253/6737
f 4881/5263/6741 4880/5264/6742 4886/5265/6743
f 4886/5265/6743 4882/5266/6744 4881/5263/6741
f 4890/5182/6745 4891/5185/6746 4892/5184/6747
f 4892/5184/6747 4893/5183/6748 4890/5182/6745
f 4890/5182/6745 4893/5183/6748 4894/5181/6749
f 4894/5181/6749 4895/5180/6750 4890/5182/6745
f 4895/5180/6750 4894/5181/6749 4896/5178/6751
f 4896/5178/6751 4897/5179/6752 4895/5180/6750
f 4898/5177/6753 4897/5179/6752 4896/5178/6751
f 4896/5178/6751 4899/5176/6754 4898/5177/6753
f 4900/5175/6755 4898/5177/6753 4899/5176/6754
f 4899/5176/6754 4901/5174/6756 4900/5175/6755
f 4902/5172/6757 4900/5175/6755 4901/5174/6756
f 4901/5174/6756 4903/5173/6758 4902/5172/6757
f 4904/5196/6759 4905/5199/6760 4906/5198/6761
f 4906/5198/6761 4907/5197/6762 4904/5196/6759
f 4904/5196/6759 4907/5197/6762 4908/5195/6763
f 4908/5195/6763 4909/5194/6764 4904/5196/6759
f 4909/5194/6764 4908/5195/6763 4910/5192/6765
f 4910/5192/6765 4911/5193/6766 4909/5194/6764
f 4912/5190/6767 4911/5193/6766 4910/5192/6765
f 4910/5192/6765 4913/5191/6768 4912/5190/6767
f 4912/5190/6767 4913/5191/6768 4914/5188/6769
f 4914/5188/6769 4915/5189/6770 4912/5190/6767
f 4916/5186/6771 4915/5189/6770 4914/5188/6769
f 4914/5188/6769 4917/5187/6772 4916/5186/6771
f 4899/5226/6773 4896/5229/6774 4910/5228/6775
f 4910/5228/6775 4908/5227/6776 4899/5226/6773
f 4899/5226/6773 4908/5227/6776 4907/5225/6777
f 4907/5225/6777 4901/5224/6778 4899/5226/6773
f 4901/5224/6778 4907/5225/6777 4906/5222/6779
f 4906/5222/6779 4903/5223/6780 4901/5224/6778
f 4902/5220/6781 4903/5223/6780 4906/5222/6779
f 4906/5222/6779 4905/5221/6782 4902/5220/6781
f 4902/5220/6781 4905/5221/6782 4904/5219/6783
f 4904/5219/6783 4900/5218/6784 4902/5220/6781
f 4900/5218/6784 4904/5219/6783 4909/5216/6785
f 4909/5216/6785 4898/5217/6786 4900/5218/6784
f 4897/5215/6787 4898/5217/6786 4909/5216/6785
f 4909/5216/6785 4911/5214/6788 4897/5215/6787
f 4895/5212/6789 4897/5215/6787 4911/5214/6788
f 4911/5214/6788 4912/5213/6790 4895/5212/6789
f 4895/5212/6789 4912/5213/6790 4915/5211/6791
f 4915/5211/6791 4890/5210/6792 4895/5212/6789
f 4890/5210/6792 4915/5211/6791 4916/5208/6793
f 4916/5208/6793 4891/5209/6794 4890/5210/6792
f 4892/5206/6795 4891/5209/6794 4916/5208/6793
f 4916/5208/6793 4917/5207/6796 4892/5206/6795
f 4892/5206/6795 4917/5207/6796 4914/5205/6797
f 4914/5205/6797 4893/5204/6798 4892/5206/6795
f 4893/5204/6798 4914/5205/6797 4913/5202/6799
f 4913/5202/6799 4894/5203/6800 4893/5204/6798
f 4896/5200/6774 4894/5203/6800 4913/5202/6799
f 4913/5202/6799 4910/5201/6775 4896/5200/6774
f 4918/5327/6801 4919/5328/6802 4920/5329/6803
f 4920/5329/6803 4921/5330/6804 4918/5327/6801
f 4922/5331/6805 4923/5332/6806 4924/5333/6807
f 4924/5333/6807 4925/5334/6808 4922/5331/6805
f 4920/5335/6809 4919/5336/6810 4922/5337/6811
f 4922/5337/6811 4925/5338/6812 4920/5335/6809
f 4926/5339/6813 3287/5340/6814 3286/5341/6815
f 4926/5339/6813 3286/5341/6815 4927/5342/6816
f 4927/5342/6816 4928/5343/6817 4926/5339/6813
f 4929/5344/6818 3284/5345/6819 3287/5346/6820
f 3287/5346/6820 4926/5347/6821 4929/5344/6818
f 4921/5348/6822 4924/5349/6823 4923/5350/6824
f 4923/5350/6824 4918/5351/6825 4921/5348/6822
f 4930/5352/6826 4931/5353/6827 4932/5354/6828
f 4933/5355/6829 4931/5353/6827 4930/5352/6826
f 4930/5352/6826 4934/5356/6830 4933/5355/6829
f 4935/5357/6831 4934/5356/6830 4930/5352/6826
f 4930/5352/6826 4936/5358/6832 4935/5357/6831
f 4936/5358/6832 4937/5359/6833 4935/5357/6831
f 4937/5359/6833 4936/5358/6832 4938/5360/6834
f 4938/5360/6834 4939/5361/6835 4937/5359/6833
f 4857/5362/6836 4860/5363/6837 4859/5364/6838
f 4863/5365/6839 4860/5363/6837 4857/5362/6836
f 4857/5362/6836 4854/5366/6840 4863/5365/6839
f 4863/5365/6839 4854/5366/6840 4852/5367/6841
f 4852/5367/6841 4842/5368/6842 4863/5365/6839
f 4843/5369/6843 4842/5368/6842 4852/5367/6841
f 4852/5367/6841 4851/5370/6844 4843/5369/6843
f 4845/5371/6845 4843/5369/6843 4851/5370/6844
f 4851/5370/6844 4849/5372/6846 4845/5371/6845
f 4845/5371/6845 4849/5372/6846 4846/5373/6847
f 4940/5374/6848 4831/5375/6848 4829/5376/6849
f 4829/5376/6849 4941/5377/6850 4940/5374/6851
f 4941/5377/6850 4829/5376/6849 4825/5378/6852
f 4825/5378/6852 4942/5379/6853 4941/5377/6850
f 4942/5379/6853 4825/5378/6852 4827/5380/6854
f 4827/5380/6854 4943/5381/6855 4942/5379/6853
f 4943/5381/6855 4827/5380/6854 4826/5382/6856
f 4826/5382/6856 4944/5383/6857 4943/5381/6855
f 4944/5383/6857 4826/5382/6856 4828/5384/6858
f 4828/5384/6858 4945/5385/6859 4944/5383/6857
f 4946/5386/6860 4945/5385/6859 4828/5384/6858
f 4828/5384/6858 4830/5387/6861 4946/5386/6860
f 4947/5388/6862 4948/5389/6863 4949/5390/6864
f 4947/5388/6862 4949/5390/6864 4950/5391/6865
f 4951/5392/6866 4947/5388/6862 4950/5391/6865
f 4950/5391/6865 4952/5393/6867 4951/5392/6866
f 4951/5392/6866 4952/5393/6867 4953/5394/6868
f 4953/5394/6868 4954/5395/6869 4951/5392/6866
f 4954/5395/6869 4953/5394/6868 4955/5396/6870
f 4955/5396/6870 4956/5397/6871 4954/5395/6869
f 4833/5398/6872 4832/5399/6873 4946/5400/6874
f 4940/5401/6875 4946/5400/6874 4832/5399/6873
f 4832/5399/6873 4837/5402/6876 4940/5401/6875
f 4940/5401/6875 4837/5402/6876 4839/5403/6877
f 4833/5313/6878 4946/5314/6879 4830/5312/6880
f 4830/5312/6880 4834/5311/6881 4833/5313/6878
f 4838/5310/6882 4834/5311/6881 4830/5312/6880
f 4830/5312/6880 4831/5307/6883 4838/5310/6882
f 4839/5309/6884 4838/5310/6882 4831/5307/6883
f 4831/5307/6883 4940/5308/6885 4839/5309/6884
f 4931/5404/6886 4933/5405/6887 4957/5406/6888
f 4957/5406/6888 4958/5407/6889 4931/5404/6886
f 4959/5408/6890 4960/5409/6891 4961/5410/6892
f 4961/5410/6892 4962/5411/6893 4959/5408/6890
f 4963/5412/6894 4964/5413/6895 4965/5414/6896
f 4965/5414/6896 4966/5415/6897 4963/5412/6894
f 4967/5416/6898 4968/5417/6899 4969/5418/6900
f 4967/5416/6898 4969/5418/6900 4970/5419/6901
f 4971/5420/6902 4967/5416/6898 4970/5419/6901
f 4971/5420/6902 4970/5419/6901 4972/5421/6903
f 4972/5421/6903 4973/5422/6904 4971/5420/6902
f 4973/5422/6904 4972/5421/6903 4974/5423/6905
f 4973/5422/6904 4974/5423/6905 4966/5424/6906
f 4966/5424/6906 4975/5425/6907 4973/5422/6904
f 4975/5425/6907 4966/5424/6906 4962/5426/6908
f 4962/5426/6908 4976/5427/6909 4975/5425/6907
f 4977/5428/6910 4976/5427/6909 4962/5426/6908
f 4962/5426/6908 4978/5429/6911 4977/5428/6910
f 4977/5428/6910 4978/5429/6911 4979/5430/6912
f 4979/5430/6912 4980/5431/6913 4977/5428/6910
f 4981/5432/6914 4980/5431/6913 4979/5430/6912
f 4979/5430/6912 4982/5433/6915 4981/5432/6914
f 4962/5426/6908 4961/5434/6916 4978/5429/6911
f 4963/5435/6917 4966/5424/6906 4974/5423/6905
f 4966/5436/6918 4965/5437/6919 4959/5438/6920
f 4959/5438/6920 4962/5439/6921 4966/5436/6918
f 3379/5440/4352 3332/5441/4351 3333/5442/6922
f 3379/5440/4352 3333/5442/6922 4983/5443/6923
f 4983/5443/6923 4984/5444/6924 3379/5440/4352
f 3403/5445/6925 3402/5446/6926 3412/5447/6927
f 3412/5447/6927 4985/5448/6928 3403/5445/6925
f 3403/5445/6925 4985/5448/6928 4986/5449/6929
f 4986/5449/6929 3401/5450/6930 3403/5445/6925
f 3412/5447/6927 3411/5451/6931 3465/5452/6932
f 3465/5452/6932 4985/5448/6928 3412/5447/6927
f 4985/5448/6928 3465/5452/6932 3466/5453/6933
f 3466/5453/6933 4986/5449/6929 4985/5448/6928
f 4986/5449/6929 3466/5453/6933 3464/5454/6934
f 3464/5454/6934 3463/5455/6935 4986/5449/6929
f 4986/5449/6929 3463/5455/6935 3462/5456/6936
f 3462/5456/6936 3401/5450/6930 4986/5449/6929
f 3401/5450/6930 3462/5456/6936 3461/5457/6937
f 3461/5457/6937 3454/5458/6938 3401/5450/6930
f 3454/5458/6938 3461/5457/6937 3460/5459/6939
f 3460/5459/6939 3455/5460/6940 3454/5458/6938
f 3455/5460/6940 3460/5459/6939 3495/5461/6941
f 3460/5459/6939 3450/5462/6942 3495/5461/6941
f 3450/5462/6942 3449/5463/6943 3495/5461/6941
f 3486/4227/6944 3490/4224/6945 3487/4228/6946
f 3486/4227/6944 3494/4226/6947 3490/4224/6945
f 3490/4224/6945 3494/4226/6947 3491/4225/6948
f 4987/5244/6949 4988/5245/6950 4989/5246/6951
f 4990/5247/6952 4988/5245/6950 4987/5244/6949
f 4987/5244/6949 4991/5248/6953 4990/5247/6952
f 4887/5249/6954 4990/5247/6952 4991/5248/6953
f 4991/5248/6953 4884/5250/6955 4887/5249/6954
f 3501/4229/6956 3515/4232/6957 3478/4231/6958
f 3478/4231/6958 3484/4230/6959 3501/4229/6956
f 3515/4233/6960 3502/4236/6961 3479/4235/6962
f 3479/4235/6962 3478/4234/6962 3515/4233/6960
f 3473/4237/6963 3505/4240/6964 3506/4239/6964
f 3506/4239/6964 3470/4238/6965 3473/4237/6963
f 4992/5293/6966 4993/5306/6967 4994/5305/6968
f 4994/5305/6968 4995/5304/6969 4992/5293/6966
f 4992/5293/6966 4995/5304/6969 4996/5295/6970
f 4996/5295/6970 4995/5304/6969 4997/5302/6971
f 4997/5302/6971 4998/5303/6972 4996/5295/6970
f 4999/5301/6973 4998/5303/6972 4997/5302/6971
f 4997/5302/6971 5000/5300/6974 4999/5301/6973
f 5000/5300/6974 5001/5299/6975 4999/5301/6973
f 5001/5299/6975 5000/5300/6974 5002/5296/6976
f 5002/5296/6976 5003/5297/6977 5001/5299/6975
f 5002/5296/6976 5004/5298/6978 5003/5297/6977
f 4996/5295/6970 5005/5294/6979 4992/5293/6966
f 4885/5374/6980 4884/5375/6981 4991/5376/6982
f 4991/5376/6983 5006/5377/6984 4885/5374/6985
f 5006/5377/6984 4991/5376/6983 4987/5378/6986
f 4987/5378/6986 5007/5379/6987 5006/5377/6984
f 5007/5379/6987 4987/5378/6986 4989/5380/6988
f 4989/5380/6988 5008/5381/6989 5007/5379/6987
f 5009/5383/6990 5008/5381/6989 4989/5380/6988
f 4989/5380/6988 4988/5382/6991 5009/5383/6990
f 5009/5383/6990 4988/5382/6991 4990/5384/6992
f 4990/5384/6992 5010/5385/6993 5009/5383/6990
f 5010/5385/6993 4990/5384/6992 4887/5387/6994
f 4887/5387/6994 4889/5386/6995 5010/5385/6993
f 4888/5398/6996 4883/5399/6997 4889/5400/6998
f 4885/5401/6999 4889/5400/6998 4883/5399/6997
f 4883/5399/6997 4882/5402/7000 4885/5401/6999
f 4885/5401/6999 4882/5402/7000 4886/5403/7001
f 4819/5464/7002 4872/5465/7003 4874/5466/7004
f 4874/5466/7004 4821/5467/7005 4819/5464/7002
f 4821/5467/7005 4874/5466/7004 4866/5468/7006
f 4866/5468/7006 4822/5469/7007 4821/5467/7005
f 4823/5470/7008 4822/5469/7007 4866/5468/7006
f 4866/5468/7006 4865/5471/7009 4823/5470/7008
f 4823/5470/7008 4865/5471/7009 4864/5472/7010
f 4864/5472/7010 4824/5473/7011 4823/5470/7008
f 4824/5473/7011 4864/5472/7010 4877/5474/7012
f 4877/5474/7012 4811/5475/7013 4824/5473/7011
f 4811/5476/7013 4877/5477/7012 4876/5478/7014
f 4876/5478/7014 4812/5479/7015 4811/5476/7013
f 4812/5479/7015 4876/5478/7014 4875/5480/7016
f 4875/5480/7016 4813/5481/7017 4812/5479/7015
f 4813/5481/7017 4875/5480/7016 4873/5482/7018
f 4873/5482/7018 4820/5483/7019 4813/5481/7017
f 4818/5484/7020 4820/5483/7019 4873/5482/7018
f 4873/5482/7018 4871/5485/7021 4818/5484/7020
f 4815/5486/7022 4818/5484/7020 4871/5485/7021
f 4871/5485/7021 4867/5487/7023 4815/5486/7022
f 4816/5488/7024 4815/5486/7022 4867/5487/7023
f 4867/5487/7023 4869/5489/7025 4816/5488/7024
f 4816/5488/7024 4869/5489/7025 4868/5490/7026
f 4868/5490/7026 4814/5491/7027 4816/5488/7024
f 4817/5492/7028 4814/5491/7027 4868/5490/7026
f 4868/5490/7026 4870/5493/7029 4817/5492/7028
f 4819/5464/7002 4817/5492/7028 4870/5493/7029
f 4870/5493/7029 4872/5465/7003 4819/5464/7002
f 5011/5371/7030 5012/5373/7031 5013/5372/7032
f 5011/5371/7030 5013/5372/7032 5014/5370/7033
f 5014/5370/7033 5015/5369/7034 5011/5371/7030
f 5015/5369/7034 5014/5370/7033 5016/5367/7035
f 5016/5367/7035 5017/5368/7036 5015/5369/7034
f 5018/5365/7037 5017/5368/7036 5016/5367/7035
f 5016/5367/7035 5019/5366/7038 5018/5365/7037
f 5018/5365/7037 5019/5366/7038 5020/5362/7039
f 5020/5362/7039 5021/5363/7040 5018/5365/7037
f 5020/5362/7039 5022/5364/7041 5021/5363/7040
f 5023/5251/7042 5024/5254/7043 5025/5253/7044
f 5025/5253/7044 5026/5252/7045 5023/5251/7042
f 5027/5255/7046 5024/5258/7047 5023/5257/7048
f 5023/5257/7048 5028/5256/7049 5027/5255/7046
f 5027/5259/7050 5029/5262/7051 5025/5261/7052
f 5025/5261/7052 5024/5260/7053 5027/5259/7050
f 5027/5263/7054 5028/5266/7055 5030/5265/7056
f 5030/5265/7056 5029/5264/7057 5027/5263/7054
f 5031/5279/7058 5032/5282/7059 5016/5281/7060
f 5016/5281/7060 5014/5280/7061 5031/5279/7058
f 5031/5279/7058 5014/5280/7061 5013/5278/7062
f 5013/5278/7062 5033/5275/7063 5031/5279/7058
f 5033/5275/7063 5013/5278/7062 5012/5277/7064
f 5012/5277/7064 5034/5276/7065 5033/5275/7063
f 5035/5271/7066 5034/5274/7065 5012/5273/7064
f 5012/5273/7064 5011/5272/7067 5035/5271/7066
f 5035/5271/7066 5011/5272/7067 5015/5270/7068
f 5015/5270/7068 5036/5267/7069 5035/5271/7066
f 5036/5267/7069 5015/5270/7068 5017/5269/7070
f 5017/5269/7070 5037/5268/7071 5036/5267/7069
f 5037/5268/7071 5017/5269/7070 5018/5292/7072
f 5018/5292/7072 5038/5291/7073 5037/5268/7071
f 5038/5291/7073 5018/5292/7072 5021/5289/7074
f 5021/5289/7074 5039/5290/7075 5038/5291/7073
f 5040/5287/7076 5039/5290/7075 5021/5289/7074
f 5021/5289/7074 5022/5288/7077 5040/5287/7076
f 5040/5287/7076 5022/5288/7077 5020/5286/7078
f 5020/5286/7078 5041/5285/7079 5040/5287/7076
f 5041/5285/7079 5020/5286/7078 5019/5283/7080
f 5019/5283/7080 5042/5284/7081 5041/5285/7079
f 5032/5282/7059 5042/5284/7081 5019/5283/7080
f 5019/5283/7080 5016/5281/7060 5032/5282/7059
f 5043/5232/7082 5044/5231/7083 5045/5230/7084
f 5045/5230/7084 5046/5243/7085 5047/5242/7086
f 5045/5230/7084 5047/5242/7086 5043/5232/7082
f 5043/5232/7082 5047/5242/7086 5048/5241/7087
f 5043/5232/7082 5048/5241/7087 5049/5240/7088
f 5049/5240/7088 5050/5239/7089 5043/5232/7082
f 5050/5239/7089 5049/5240/7088 5051/5238/7090
f 5051/5238/7090 5052/5237/7091 5050/5239/7089
f 5051/5238/7090 5053/5236/7092 5052/5237/7091
f 5054/5234/7093 5052/5237/7091 5053/5236/7092
f 5053/5236/7092 5055/5233/7094 5054/5234/7093
f 5055/5233/7094 5056/5235/7095 5054/5234/7093
f 5057/5385/7096 5058/5386/7097 5059/5387/7098
f 5059/5387/7098 5060/5384/7099 5057/5385/7096
f 5061/5383/7100 5057/5385/7096 5060/5384/7099
f 5060/5384/7099 5062/5382/7101 5061/5383/7100
f 5061/5383/7100 5062/5382/7101 5063/5380/7102
f 5063/5380/7102 5064/5381/7103 5061/5383/7100
f 5065/5379/7104 5064/5381/7103 5063/5380/7102
f 5063/5380/7102 5066/5378/7105 5065/5379/7104
f 5067/5377/7106 5065/5379/7104 5066/5378/7105
f 5066/5378/7105 5068/5376/7107 5067/5377/7106
f 5069/5374/7108 5067/5377/7106 5068/5376/7107
f 5068/5376/7107 5070/5375/7109 5069/5374/7108
f 5071/5260/7110 5072/5259/7111 5073/5262/7112
f 5073/5262/7112 5074/5261/7113 5071/5260/7110
f 5071/5258/7114 5075/5257/7115 5076/5256/7116
f 5076/5256/7116 5072/5255/7117 5071/5258/7114
f 5059/5312/7118 5058/5314/7119 5077/5313/7120
f 5077/5313/7120 5074/5311/7121 5059/5312/7118
f 5070/5307/7122 5059/5312/7118 5074/5311/7121
f 5074/5311/7121 5073/5310/7123 5070/5307/7122
f 5070/5307/7122 5073/5310/7123 5078/5309/7124
f 5078/5309/7124 5069/5308/7125 5070/5307/7122
f 4920/5494/7126 4925/5495/7127 5079/5496/7128
f 5080/5497/7129 5079/5496/7128 4925/5495/7127
f 4925/5495/7127 4924/5498/7130 5080/5497/7129
f 4955/5499/7131 5080/5497/7129 4924/5498/7130
f 4924/5498/7130 4921/5500/7132 4955/5499/7131
f 4956/5501/7133 4955/5499/7131 4921/5500/7132
f 4921/5500/7132 4920/5494/7126 4956/5501/7133
f 5079/5496/7128 4956/5501/7133 4920/5494/7126
f 4918/5498/7134 4923/5500/7135 4928/5499/7136
f 4926/5501/7137 4928/5499/7136 4923/5500/7135
f 4923/5500/7135 4922/5494/7138 4926/5501/7137
f 4929/5496/7139 4926/5501/7137 4922/5494/7138
f 4922/5494/7138 4919/5495/7140 4929/5496/7139
f 5081/5497/7141 4929/5496/7139 4919/5495/7140
f 4919/5495/7140 4918/5498/7134 5081/5497/7141
f 4928/5499/7136 5081/5497/7141 4918/5498/7134
f 5081/5502/7142 5082/5503/7143 3285/5504/7144
f 3285/5504/7144 4929/5505/7145 5081/5502/7142
f 3285/5504/7144 3284/5506/7146 4929/5505/7145
f 5074/5253/7147 5077/5252/7148 5075/5251/7149
f 5075/5251/7149 5071/5254/7150 5074/5253/7147
f 5072/5263/7151 5076/5266/7152 5078/5265/7153
f 5078/5265/7153 5073/5264/7154 5072/5263/7151
f 5083/5507/7155 5084/5508/7156 5085/5509/7157
f 5085/5509/7157 5086/5510/7158 5083/5507/7155
f 5087/5511/7159 5083/5507/7155 5086/5510/7158
f 5086/5510/7158 5088/5512/7160 5087/5511/7159
f 5089/5513/7161 5087/5511/7159 5088/5512/7160
f 5088/5512/7160 4959/5514/7162 5089/5513/7161
f 5090/5515/7163 5089/5513/7161 4959/5514/7162
f 4959/5514/7162 4965/5516/7164 5090/5515/7163
f 5091/5517/7165 5090/5515/7163 4965/5516/7164
f 4965/5516/7164 5092/5518/7166 5091/5517/7165
f 5093/5519/7167 5091/5517/7165 5092/5518/7166
f 5091/5517/7165 5093/5519/7167 5094/5520/7168
f 5094/5520/7168 5095/5521/7169 5091/5517/7165
f 5094/5520/7168 5096/5522/7170 5095/5521/7169
f 5094/5520/7168 5097/5523/7171 5096/5522/7170
f 5097/5523/7171 5098/5524/7172 5096/5522/7170
f 5088/5512/7160 4960/5525/7173 4959/5514/7162
f 4965/5516/7164 4964/5526/7174 5092/5518/7166
f 4958/5527/7175 4957/5528/7176 5099/5529/7177
f 5100/5530/7178 5101/5531/7179 5102/5532/7180
f 5102/5532/7180 5103/5533/7181 5100/5530/7178
f 5104/5534/7182 5103/5533/7181 5102/5532/7180
f 5099/5529/7177 5104/5534/7182 5102/5532/7180
f 5102/5532/7180 5105/5535/7183 5099/5529/7177
f 5099/5529/7177 5105/5535/7183 4958/5527/7175
f 5106/5536/7184 4958/5527/7175 5105/5535/7183
f 5107/5537/7185 5108/5538/7186 5109/5539/7187
f 5110/5540/7188 5107/5537/7185 5109/5539/7187
f 5110/5540/7188 5109/5539/7187 5111/5541/7189
f 5111/5541/7189 5112/5542/7190 5110/5540/7188
f 5113/5543/7191 5112/5542/7190 5111/5541/7189
f 5111/5541/7189 5114/5544/7192 5113/5543/7191
f 5113/5543/7191 5114/5544/7192 5079/5545/7193
f 5079/5545/7193 5080/5546/7194 5113/5543/7191
f 5089/5547/7195 5090/5548/7196 4975/5549/7197
f 4975/5549/7197 4976/5550/7198 5089/5547/7195
f 5087/5551/7199 5089/5547/7195 4976/5550/7198
f 4976/5550/7198 4977/5552/7200 5087/5551/7199
f 5087/5551/7199 4977/5552/7200 4980/5553/7201
f 4980/5553/7201 5083/5554/7202 5087/5551/7199
f 5083/5554/7202 4980/5553/7201 4981/5555/7203
f 4981/5555/7203 5084/5556/7204 5083/5554/7202
f 5084/5556/7204 4981/5555/7203 4982/5557/7205
f 4982/5557/7205 5085/5558/7206 5084/5556/7204
f 5085/5558/7206 4982/5557/7205 4979/5559/7207
f 4979/5559/7207 5086/5560/7208 5085/5558/7206
f 5086/5560/7208 4979/5559/7207 4978/5561/7209
f 4978/5561/7209 5088/5562/7210 5086/5560/7208
f 5088/5562/7210 4978/5561/7209 4961/5563/7211
f 4961/5563/7211 4960/5564/7212 5088/5562/7210
f 5092/5565/7213 4964/5566/7214 4963/5567/7215
f 4963/5567/7215 4974/5568/7216 5092/5565/7213
f 5092/5565/7213 4974/5568/7216 4972/5569/7217
f 4972/5569/7217 5093/5570/7218 5092/5565/7213
f 5094/5571/7219 5093/5570/7218 4972/5569/7217
f 4972/5569/7217 4970/5572/7220 5094/5571/7219
f 5094/5571/7219 4970/5572/7220 4969/5573/7221
f 4969/5573/7221 5097/5574/7222 5094/5571/7219
f 5097/5574/7222 4969/5573/7221 4968/5575/7223
f 4968/5575/7223 5098/5576/7224 5097/5574/7222
f 5096/5577/7225 5098/5576/7224 4968/5575/7223
f 4968/5575/7223 4967/5578/7226 5096/5577/7225
f 5096/5577/7225 4967/5578/7226 4971/5579/7227
f 4971/5579/7227 5095/5580/7228 5096/5577/7225
f 5095/5580/7228 4971/5579/7227 4973/5581/7229
f 4973/5581/7229 5091/5582/7230 5095/5580/7228
f 5091/5582/7230 4973/5581/7229 4975/5549/7197
f 4975/5549/7197 5090/5548/7196 5091/5582/7230
f 5115/5583/7231 5116/5584/7232 5117/5585/7233
f 5117/5585/7233 5118/5586/7234 5115/5583/7231
f 5115/5583/7231 5118/5586/7234 5119/5587/7235
f 5119/5587/7235 5120/5588/7236 5115/5583/7231
f 5120/5588/7236 5119/5587/7235 5121/5589/7237
f 5121/5589/7237 5122/5590/7238 5120/5588/7236
f 5122/5590/7238 5121/5589/7237 4958/5591/7175
f 4958/5591/7175 5106/5592/7184 5122/5590/7238
f 3313/5593/4247 3312/5594/4246 5123/5595/7239
f 5123/5595/7239 5124/5596/7240 3313/5593/4247
f 5124/5596/7240 5123/5595/7239 5125/5597/7241
f 5125/5597/7241 5126/5598/7242 5124/5596/7240
f 5126/5598/7242 5125/5597/7241 5127/5599/7243
f 5127/5599/7243 5128/5600/7244 5126/5598/7242
f 5129/5601/7245 5128/5600/7244 5127/5599/7243
f 5127/5599/7243 5130/5602/7246 5129/5601/7245
f 5131/5603/7247 5129/5601/7245 5130/5602/7246
f 5130/5602/7246 5132/5604/7248 5131/5603/7247
f 5133/5605/7249 5131/5603/7247 5132/5604/7248
f 5132/5604/7248 5134/5606/7250 5133/5605/7249
f 5135/5607/7251 5133/5605/7249 5134/5606/7250
f 5134/5606/7250 5136/5608/7252 5135/5607/7251
f 5137/5609/7253 5135/5607/7251 5136/5608/7252
f 5136/5608/7252 5138/5610/7254 5137/5609/7253
f 5116/5584/7232 5137/5609/7253 5138/5610/7254
f 5138/5610/7254 5117/5585/7233 5116/5584/7232
f 5139/5611/7255 4927/5612/6816 3286/5613/6815
f 3286/5613/6815 5140/5614/7256 5139/5611/7255
f 5141/5615/7257 5139/5611/7255 5140/5614/7256
f 5140/5614/7256 5142/5616/7258 5141/5615/7257
f 5143/5617/7259 5141/5615/7257 5142/5616/7258
f 5142/5616/7258 5144/5618/7260 5143/5617/7259
f 5145/5619/7261 5143/5617/7259 5144/5618/7260
f 5144/5618/7260 5146/5620/7262 5145/5619/7261
f 5147/5621/7263 5145/5619/7261 5146/5620/7262
f 5146/5620/7262 5148/5622/7264 5147/5621/7263
f 5149/5623/7265 5147/5621/7263 5148/5622/7264
f 5148/5622/7264 5150/5624/7266 5149/5623/7265
f 5149/5623/7265 5150/5624/7266 5151/5625/7267
f 5151/5625/7267 5152/5626/7268 5149/5623/7265
f 5152/5626/7268 5151/5625/7267 5153/5627/7269
f 5153/5627/7269 5154/5628/7270 5152/5626/7268
f 5154/5628/7270 5153/5627/7269 5155/5629/7271
f 5155/5629/7271 5156/5630/7272 5154/5628/7270
f 5156/5630/7272 5155/5629/7271 5157/5631/7273
f 5157/5631/7273 5158/5632/7274 5156/5630/7272
f 5158/5632/7274 5157/5631/7273 5159/5633/7275
f 5159/5633/7275 5160/5634/7276 5158/5632/7274
f 5160/5634/7276 5159/5633/7275 5161/5635/7277
f 5161/5635/7277 5162/5636/7278 5160/5634/7276
f 4936/5637/7279 5102/5638/7280 5101/5639/7281
f 5101/5639/7281 4938/5640/7282 4936/5637/7279
f 4938/5640/7282 5101/5639/7281 5100/5641/7283
f 5100/5641/7283 4939/5642/7284 4938/5640/7282
f 4939/5642/7284 5100/5641/7283 5103/5643/7285
f 5103/5643/7285 4937/5644/7286 4939/5642/7284
f 4937/5644/7286 5103/5643/7285 5104/5645/7287
f 5104/5645/7287 4935/5646/7288 4937/5644/7286
f 4935/5646/7288 5104/5645/7287 5099/5647/7289
f 5099/5647/7289 4934/5648/7290 4935/5646/7288
f 4933/5649/7291 4934/5648/7290 5099/5647/7289
f 5099/5647/7289 4957/5650/7292 4933/5649/7291
f 5163/5615/7293 5164/5617/7294 5165/5618/7295
f 5165/5618/7295 5166/5616/7296 5163/5615/7293
f 5167/5611/7297 5163/5615/7293 5166/5616/7296
f 5166/5616/7296 5168/5614/7298 5167/5611/7297
f 5082/5612/7143 5167/5611/7297 5168/5614/7298
f 5168/5614/7298 3285/5613/7144 5082/5612/7143
f 4984/5636/6924 4983/5635/6923 5169/5633/7299
f 5169/5633/7299 5170/5634/7300 4984/5636/6924
f 5170/5634/7300 5169/5633/7299 5171/5631/7301
f 5171/5631/7301 5172/5632/7302 5170/5634/7300
f 5172/5632/7302 5171/5631/7301 5173/5629/7303
f 5173/5629/7303 5174/5630/7304 5172/5632/7302
f 5174/5630/7304 5173/5629/7303 5175/5627/7305
f 5175/5627/7305 5176/5628/7306 5174/5630/7304
f 5176/5628/7306 5175/5627/7305 5177/5625/7307
f 5177/5625/7307 5178/5626/7308 5176/5628/7306
f 5178/5626/7308 5177/5625/7307 5179/5624/7309
f 5179/5624/7309 5180/5623/7310 5178/5626/7308
f 5181/5621/7311 5180/5623/7310 5179/5624/7309
f 5179/5624/7309 5182/5622/7312 5181/5621/7311
f 5183/5619/7313 5181/5621/7311 5182/5622/7312
f 5182/5622/7312 5184/5620/7314 5183/5619/7313
f 5164/5617/7294 5183/5619/7313 5184/5620/7314
f 5184/5620/7314 5165/5618/7295 5164/5617/7294
f 3293/5651/4227 3292/5652/4226 5162/5653/7278
f 5162/5653/7278 3334/5654/7315 3293/5651/4227
f 5162/5653/7278 5161/5655/7277 3334/5654/7315
f 5174/5656/7316 5176/5657/7317 5154/5658/7318
f 5154/5658/7318 5156/5659/7319 5174/5656/7316
f 5174/5656/7316 5156/5659/7319 5158/5660/7320
f 5158/5660/7320 5172/5661/7321 5174/5656/7316
f 5172/5661/7321 5158/5660/7320 5160/5662/7322
f 5160/5662/7322 5170/5663/7323 5172/5661/7321
f 5170/5663/7323 5160/5662/7322 5162/5664/7324
f 5162/5664/7324 4984/5665/7325 5170/5663/7323
f 3379/5666/4389 4984/5665/7325 5162/5664/7324
f 5162/5664/7324 3292/5667/4388 3379/5666/4389
f 5081/5668/7326 4928/5669/7327 4927/5670/7328
f 4927/5670/7328 5082/5671/7329 5081/5668/7326
f 5082/5671/7329 4927/5670/7328 5139/5672/7330
f 5139/5672/7330 5167/5673/7331 5082/5671/7329
f 5167/5673/7331 5139/5672/7330 5141/5674/7332
f 5141/5674/7332 5163/5675/7333 5167/5673/7331
f 5163/5675/7333 5141/5674/7332 5143/5676/7334
f 5143/5676/7334 5164/5677/7335 5163/5675/7333
f 5183/5678/7336 5164/5677/7335 5143/5676/7334
f 5143/5676/7334 5145/5679/7337 5183/5678/7336
f 5183/5678/7336 5145/5679/7337 5147/5680/7338
f 5147/5680/7338 5181/5681/7339 5183/5678/7336
f 5180/5682/7340 5181/5681/7339 5147/5680/7338
f 5147/5680/7338 5149/5683/7341 5180/5682/7340
f 5180/5682/7340 5149/5683/7341 5152/5684/7342
f 5152/5684/7342 5178/5685/7343 5180/5682/7340
f 5178/5685/7343 5152/5684/7342 5154/5658/7318
f 5154/5658/7318 5176/5657/7317 5178/5685/7343
f 4954/5686/7344 4956/5687/7345 5079/5688/7346
f 5079/5688/7346 5114/5689/7347 4954/5686/7344
f 4954/5686/7344 5114/5689/7347 5111/5690/7348
f 5111/5690/7348 4951/5691/7349 4954/5686/7344
f 4951/5691/7349 5111/5690/7348 5109/5692/7350
f 5109/5692/7350 4947/5693/7351 4951/5691/7349
f 4948/5694/7352 4947/5693/7351 5109/5692/7350
f 5109/5692/7350 5108/5695/7353 4948/5694/7352
f 4948/5694/7352 5108/5695/7353 5107/5696/7354
f 5107/5696/7354 4949/5697/7355 4948/5694/7352
f 4950/5698/7356 4949/5697/7355 5107/5696/7354
f 5107/5696/7354 5110/5699/7357 4950/5698/7356
f 4952/5700/7358 4950/5698/7356 5110/5699/7357
f 5110/5699/7357 5112/5701/7359 4952/5700/7358
f 4952/5700/7358 5112/5701/7359 5113/5702/7360
f 5113/5702/7360 4953/5703/7361 4952/5700/7358
f 4953/5703/7361 5113/5702/7360 5080/5704/7362
f 5080/5704/7362 4955/5705/7363 4953/5703/7361
f 5033/5325/7364 5034/5326/7365 5035/5324/7366
f 5031/5322/7367 5033/5325/7364 5035/5324/7366
f 5035/5324/7366 5036/5323/7368 5031/5322/7367
f 5031/5322/7367 5036/5323/7368 5037/5321/7369
f 5037/5321/7369 5032/5320/7370 5031/5322/7367
f 5032/5320/7370 5037/5321/7369 5038/5319/7371
f 5038/5319/7371 5042/5318/7372 5032/5320/7370
f 5042/5318/7372 5038/5319/7371 5039/5315/7373
f 5039/5315/7373 5041/5316/7374 5042/5318/7372
f 5039/5315/7373 5040/5317/7375 5041/5316/7374
f 5157/5660/7376 5155/5659/7377 5173/5656/7378
f 5173/5656/7378 5171/5661/7379 5157/5660/7376
f 5157/5660/7376 5171/5661/7379 5169/5663/7380
f 5169/5663/7380 5159/5662/7381 5157/5660/7376
f 5159/5662/7381 5169/5663/7380 4983/5665/7382
f 4983/5665/7382 5161/5664/7383 5159/5662/7381
f 3334/5667/4272 5161/5664/7383 4983/5665/7382
f 4983/5665/7382 3333/5666/4271 3334/5667/4272
f 5140/5672/7384 3286/5670/7385 3285/5671/7386
f 3285/5671/7386 5168/5673/7387 5140/5672/7384
f 5142/5674/7388 5140/5672/7384 5168/5673/7387
f 5168/5673/7387 5166/5675/7389 5142/5674/7388
f 5144/5676/7390 5142/5674/7388 5166/5675/7389
f 5166/5675/7389 5165/5677/7391 5144/5676/7390
f 5146/5679/7392 5144/5676/7390 5165/5677/7391
f 5165/5677/7391 5184/5678/7393 5146/5679/7392
f 5148/5680/7394 5146/5679/7392 5184/5678/7393
f 5184/5678/7393 5182/5681/7395 5148/5680/7394
f 5150/5683/7396 5148/5680/7394 5182/5681/7395
f 5182/5681/7395 5179/5682/7397 5150/5683/7396
f 5150/5683/7396 5179/5682/7397 5177/5685/7398
f 5177/5685/7398 5151/5684/7399 5150/5683/7396
f 5153/5658/7400 5151/5684/7399 5177/5685/7398
f 5177/5685/7398 5175/5657/7401 5153/5658/7400
f 5155/5659/7377 5153/5658/7400 5175/5657/7401
f 5175/5657/7401 5173/5656/7378 5155/5659/7377
f 5046/5473/7402 5045/5475/7403 4993/5474/7404
f 4993/5474/7404 4992/5472/7405 5046/5473/7402
f 5047/5470/7406 5046/5473/7402 4992/5472/7405
f 4992/5472/7405 5005/5471/7407 5047/5470/7406
f 5047/5470/7406 5005/5471/7407 4996/5468/7408
f 4996/5468/7408 5048/5469/7409 5047/5470/7406
f 5049/5467/7410 5048/5469/7409 4996/5468/7408
f 4996/5468/7408 4998/5466/7411 5049/5467/7410
f 5051/5464/7412 5049/5467/7410 4998/5466/7411
f 4998/5466/7411 4999/5465/7413 5051/5464/7412
f 5051/5464/7412 4999/5465/7413 5001/5493/7414
f 5001/5493/7414 5053/5492/7415 5051/5464/7412
f 5053/5492/7415 5001/5493/7414 5003/5490/7416
f 5003/5490/7416 5055/5491/7417 5053/5492/7415
f 5056/5488/7418 5055/5491/7417 5003/5490/7416
f 5003/5490/7416 5004/5489/7419 5056/5488/7418
f 5056/5488/7418 5004/5489/7419 5002/5487/7420
f 5002/5487/7420 5054/5486/7421 5056/5488/7418
f 5054/5486/7421 5002/5487/7420 5000/5485/7422
f 5000/5485/7422 5052/5484/7423 5054/5486/7421
f 5052/5484/7423 5000/5485/7422 4997/5482/7424
f 4997/5482/7424 5050/5483/7425 5052/5484/7423
f 5043/5481/7426 5050/5483/7425 4997/5482/7424
f 4997/5482/7424 4995/5480/7427 5043/5481/7426
f 5044/5479/7428 5043/5481/7426 4995/5480/7427
f 4995/5480/7427 4994/5478/7429 5044/5479/7428
f 5045/5476/7403 5044/5479/7428 4994/5478/7429
f 4994/5478/7429 4993/5477/7404 5045/5476/7403
f 4770/5706/7430 5185/5707/7431 5186/5708/7432
f 5185/5707/7431 4770/5706/7430 4771/5709/7433
f 4771/5709/7433 5187/5710/7434 5185/5707/7431
f 5187/5710/7434 4771/5709/7433 4742/5711/7435
f 4742/5711/7435 5188/5712/7436 5187/5710/7434
f 5189/5713/7437 5188/5712/7436 4742/5711/7435
f 4742/5711/7435 4741/5714/7438 5189/5713/7437
f 5189/5713/7437 4741/5714/7438 4743/5715/7439
f 4743/5715/7439 5190/5716/7440 5189/5713/7437
f 5190/5716/7440 4743/5715/7439 4744/5717/7441
f 4744/5717/7441 5191/5718/7442 5190/5716/7440
f 5191/5718/7442 4744/5717/7441 4745/5719/7443
f 4745/5719/7443 5192/5720/7444 5191/5718/7442
f 5193/5721/7445 5192/5720/7444 4745/5719/7443
f 4745/5719/7443 4747/5722/7446 5193/5721/7445
f 5193/5721/7445 4747/5722/7446 4748/5723/7447
f 4748/5723/7447 5194/5724/7448 5193/5721/7445
f 5195/5725/7449 5194/5724/7448 4748/5723/7447
f 4748/5723/7447 4749/5726/7450 5195/5725/7449
f 5196/5727/7451 5195/5725/7449 4749/5726/7450
f 4749/5726/7450 4750/5728/7452 5196/5727/7451
f 5196/5727/7451 4750/5728/7452 4752/5729/7453
f 4752/5729/7453 5197/5730/7454 5196/5727/7451
f 5198/5727/7455 5197/5730/7454 4752/5729/7453
f 4752/5729/7453 4753/5728/7456 5198/5727/7455
f 5198/5727/7455 4753/5728/7456 4755/5726/7457
f 4755/5726/7457 5199/5725/7458 5198/5727/7455
f 5199/5725/7458 4755/5726/7457 4756/5723/7459
f 4756/5723/7459 5200/5724/7460 5199/5725/7458
f 5201/5721/7461 5200/5724/7460 4756/5723/7459
f 4756/5723/7459 4757/5722/7462 5201/5721/7461
f 5201/5721/7461 4757/5722/7462 4758/5719/7463
f 4758/5719/7463 5202/5720/7464 5201/5721/7461
f 5203/5718/7465 5202/5720/7464 4758/5719/7463
f 4758/5719/7463 4761/5717/7466 5203/5718/7465
f 5204/5716/7467 5203/5718/7465 4761/5717/7466
f 4761/5717/7466 4762/5715/7468 5204/5716/7467
f 5205/5713/7469 5204/5716/7467 4762/5715/7468
f 4762/5715/7468 4763/5714/7470 5205/5713/7469
f 5205/5713/7469 4763/5714/7470 4764/5711/7471
f 4764/5711/7471 5206/5712/7472 5205/5713/7469
f 5207/5710/7473 5206/5712/7472 4764/5711/7471
f 4764/5711/7471 4765/5709/7474 5207/5710/7473
f 5208/5707/7475 5207/5710/7473 4765/5709/7474
f 4765/5709/7474 4766/5706/7476 5208/5707/7475
f 5209/5708/7477 5208/5707/7475 4766/5706/7476
f 4766/5706/7476 4767/5731/7478 5209/5708/7477
f 5209/5708/7477 4767/5731/7478 4768/5732/7479
f 4768/5732/7479 5210/5733/7480 5209/5708/7477
f 5186/5708/7432 5210/5733/7480 4768/5732/7479
f 4768/5732/7479 4769/5731/7481 5186/5708/7432
f 5186/5708/7432 4769/5731/7481 4770/5706/7430
f 5211/5249/7482 5212/5250/7483 5213/5248/7484
f 5213/5248/7484 5214/5247/7485 5211/5249/7482
f 5214/5247/7485 5213/5248/7484 5215/5244/7486
f 5215/5244/7486 5216/5245/7487 5214/5247/7485
f 5215/5244/7486 5217/5246/7488 5216/5245/7487
f 3521/4243/7489 3520/4242/7489 3523/4241/7490
f 3523/4241/7490 3527/4244/7491 3521/4243/7489
f 3527/4244/7491 3523/4241/7490 3522/4245/7492
f 3522/4245/7492 3526/4246/7492 3527/4244/7491
f 4931/5734/7493 4958/5735/7494 5121/5736/7495
f 5121/5736/7495 5218/5737/7496 4931/5734/7493
f 5219/5738/7497 5218/5737/7496 5121/5736/7495
f 5121/5736/7495 5119/5739/7498 5219/5738/7497
f 5220/5740/7499 5219/5738/7497 5119/5739/7498
f 5119/5739/7498 5118/5741/7500 5220/5740/7499
f 5221/5742/7501 5220/5740/7499 5118/5741/7500
f 5118/5741/7500 5117/5743/7502 5221/5742/7501
f 5222/5744/7503 5221/5742/7501 5117/5743/7502
f 5117/5743/7502 5138/5745/7504 5222/5744/7503
f 5223/5746/7505 5222/5744/7503 5138/5745/7504
f 5138/5745/7504 5136/5747/7506 5223/5746/7505
f 5224/5748/7507 5223/5746/7505 5136/5747/7506
f 5136/5747/7506 5134/5749/7508 5224/5748/7507
f 5225/5750/7509 5224/5748/7507 5134/5749/7508
f 5134/5749/7508 5132/5751/7510 5225/5750/7509
f 5225/5750/7509 5132/5751/7510 5130/5752/7511
f 5130/5752/7511 5226/5753/7512 5225/5750/7509
f 5226/5753/7512 5130/5752/7511 5127/5754/7513
f 5127/5754/7513 5227/5755/7514 5226/5753/7512
f 5227/5755/7514 5127/5754/7513 5125/5756/7515
f 5125/5756/7515 5228/5757/7516 5227/5755/7514
f 5228/5757/7516 5125/5756/7515 5123/5758/7517
f 5123/5758/7517 5229/5759/7518 5228/5757/7516
f 3344/5760/4291 5229/5759/7518 5123/5758/7517
f 5123/5758/7517 3312/5761/4292 3344/5760/4291
f 5230/5386/7519 5211/5387/7520 5214/5384/7521
f 5214/5384/7522 5231/5385/7523 5230/5386/7519
f 5232/5383/7524 5231/5385/7523 5214/5384/7522
f 5214/5384/7522 5216/5382/7525 5232/5383/7524
f 5233/5381/7526 5232/5383/7524 5216/5382/7525
f 5216/5382/7525 5217/5380/7527 5233/5381/7526
f 5234/5379/7528 5233/5381/7526 5217/5380/7527
f 5217/5380/7527 5215/5378/7529 5234/5379/7528
f 5235/5377/7530 5234/5379/7528 5215/5378/7529
f 5215/5378/7529 5213/5376/7531 5235/5377/7530
f 5236/5374/7532 5235/5377/7530 5213/5376/7531
f 5213/5376/7531 5212/5375/7533 5236/5374/7532
f 3344/5594/4331 3369/5593/4330 5237/5596/7534
f 5237/5596/7534 5229/5595/7535 3344/5594/4331
f 5229/5595/7535 5237/5596/7534 5238/5598/7536
f 5238/5598/7536 5228/5597/7537 5229/5595/7535
f 5228/5597/7537 5238/5598/7536 5239/5600/7538
f 5239/5600/7538 5227/5599/7539 5228/5597/7537
f 5226/5602/7540 5227/5599/7539 5239/5600/7538
f 5239/5600/7538 5240/5601/7541 5226/5602/7540
f 5225/5604/7542 5226/5602/7540 5240/5601/7541
f 5240/5601/7541 5241/5603/7543 5225/5604/7542
f 5225/5604/7542 5241/5603/7543 5242/5605/7544
f 5242/5605/7544 5224/5606/7545 5225/5604/7542
f 5224/5606/7545 5242/5605/7544 5243/5607/7546
f 5243/5607/7546 5223/5608/7547 5224/5606/7545
f 5222/5610/7548 5223/5608/7547 5243/5607/7546
f 5243/5607/7546 5244/5609/7549 5222/5610/7548
f 5222/5610/7548 5244/5609/7549 5245/5584/7550
f 5245/5584/7550 5221/5585/7551 5222/5610/7548
f 5221/5585/7551 5245/5584/7550 5246/5583/7552
f 5246/5583/7552 5220/5586/7553 5221/5585/7551
f 5219/5587/7554 5220/5586/7553 5246/5583/7552
f 5246/5583/7552 5247/5588/7555 5219/5587/7554
f 5218/5589/7556 5219/5587/7554 5247/5588/7555
f 5247/5588/7555 5248/5590/7557 5218/5589/7556
f 5218/5589/7556 5248/5590/7557 4932/5592/6828
f 4932/5592/6828 4931/5591/6827 5218/5589/7556
f 5245/5742/7558 5116/5743/7559 5115/5741/7560
f 5115/5741/7560 5246/5740/7561 5245/5742/7558
f 5247/5738/7562 5246/5740/7561 5115/5741/7560
f 5115/5741/7560 5120/5739/7563 5247/5738/7562
f 5247/5738/7562 5120/5739/7563 5122/5762/7564
f 5122/5762/7564 5248/5763/7565 5247/5738/7562
f 4932/5734/7566 5248/5763/7565 5122/5762/7564
f 5122/5762/7564 5106/5735/7567 4932/5734/7566
f 4930/5764/7568 4932/5734/7566 5106/5735/7567
f 5106/5735/7567 5105/5765/7569 4930/5764/7568
f 4936/5766/7279 4930/5764/7568 5105/5765/7569
f 5105/5765/7569 5102/5767/7280 4936/5766/7279
f 5026/5398/7570 5230/5400/7571 5023/5399/7572
f 5023/5399/7572 5230/5400/7571 5236/5401/7573
f 5236/5401/7573 5028/5402/7574 5023/5399/7572
f 5236/5401/7573 5030/5403/7575 5028/5402/7574
f 5077/5398/7576 5058/5400/7577 5075/5399/7578
f 5075/5399/7578 5058/5400/7577 5069/5401/7579
f 5069/5401/7579 5076/5402/7580 5075/5399/7581
f 5069/5401/7579 5078/5403/7582 5076/5402/7580
f 5030/5309/7583 5236/5308/7584 5212/5307/7585
f 5212/5307/7585 5029/5310/7586 5030/5309/7583
f 5029/5310/7586 5212/5307/7585 5211/5312/7587
f 5211/5312/7587 5025/5311/7588 5029/5310/7586
f 5026/5313/7589 5025/5311/7588 5211/5312/7587
f 5211/5312/7587 5230/5314/7590 5026/5313/7589
f 5059/5249/7591 5070/5250/7592 5068/5248/7593
f 5068/5248/7593 5060/5247/7594 5059/5249/7591
f 5060/5247/7594 5068/5248/7593 5066/5244/7595
f 5066/5244/7595 5062/5245/7596 5060/5247/7594
f 5066/5244/7595 5063/5246/7597 5062/5245/7596
